game_date,team1,team2,site,model_score1,model_score2,model_margin_team1,model_total,model_win_prob1,model_win_prob2,actual_score1,actual_score2,vegas_spread_team1,vegas_total,data_type
2025-11-04,Houston Cougars,Lehigh Mountain Hawks,team1_home,84,66,18,150,0.9574,0.0426,75,57,,,backtest
2025-11-04,Arizona Wildcats,Florida Gators,neutral,79,77,2,156,0.5543,0.4457,93,87,,,backtest
2025-11-04,UConn Huskies,New Haven Chargers,team1_home,83,62,21,145,0.981,0.019,79,55,,,backtest
2025-11-03,St. John's Red Storm,Quinnipiac Bobcats,team1_home,81,70,11,151,0.8524,0.1476,108,74,,,backtest
2025-11-04,Michigan Wolverines,Oakland Golden Grizzlies,team1_home,85,72,13,157,0.8674,0.1326,121,78,,,backtest
2025-11-04,BYU Cougars,Villanova Wildcats,neutral,79,77,2,156,0.5555,0.4445,71,66,,,backtest
2025-11-04,Louisville Cardinals,South Carolina State Bulldogs,team1_home,88,64,24,152,0.989,0.011,104,45,,,backtest
2025-11-04,UCLA Bruins,Eastern Washington Eagles,team1_home,82,73,9,155,0.8042,0.1958,80,74,,,backtest
2025-11-04,Arkansas Razorbacks,Southern Jaguars,team1_home,85,72,13,157,0.8707,0.1293,109,77,,,backtest
2025-11-04,Alabama Crimson Tide,North Dakota Fighting Hawks,team1_home,84,74,10,158,0.8211,0.1789,91,62,,,backtest
2025-11-04,Iowa State Cyclones,Fairleigh Dickinson Knights,team1_home,85,63,22,148,0.9836,0.0164,88,50,,,backtest
2025-11-04,Illinois Fighting Illini,Jackson State Tigers,team1_home,86,65,21,151,0.9743,0.0257,113,55,,,backtest
2025-11-04,Tennessee Volunteers,Mercer Bears,team1_home,82,73,9,155,0.7851,0.2149,76,61,,,backtest
2025-11-04,Kansas Jayhawks,Green Bay Phoenix,team1_home,81,71,10,152,0.8026,0.1974,94,51,,,backtest
2025-11-04,Auburn Tigers,Bethune-Cookman Wildcats,team1_home,83,73,10,156,0.8016,0.1984,95,90,,,backtest
2025-11-04,Gonzaga Bulldogs,Texas Southern Tigers,team1_home,87,65,22,152,0.9822,0.0178,98,43,,,backtest
2025-11-04,Michigan State Spartans,Colgate Raiders,team1_home,82,70,12,152,0.867,0.133,80,69,,,backtest
2025-11-04,Wisconsin Badgers,Campbell Fighting Camels,team1_home,83,72,11,155,0.833,0.167,96,64,,,backtest
2025-11-04,North Carolina Tar Heels,Central Arkansas Bears,team1_home,80,73,7,153,0.7256,0.2744,94,54,,,backtest
2025-11-03,St. Bonaventure Bonnies,Bradley Braves,neutral,76,78,-2,154,0.4481,0.5519,69,63,,,backtest
2025-11-03,Murray State Racers,Omaha Mavericks,neutral,82,75,7,157,0.7182,0.2818,85,77,,,backtest
2025-11-03,Drake Bulldogs,Northern Arizona Lumberjacks,neutral,79,72,7,151,0.717,0.283,77,71,,,backtest
2025-11-03,Eastern Michigan Eagles,Georgia State Panthers,team1_home,77,71,6,148,0.7112,0.2888,71,49,,,backtest
2025-11-03,High Point Panthers,Furman Paladins,neutral,82,72,10,154,0.8183,0.1817,97,71,,,backtest
2025-11-03,Buffalo Bulls,Southern Miss Golden Eagles,team1_home,80,73,7,153,0.7212,0.2788,85,79,,,backtest
2025-11-03,Ohio State Buckeyes,IU Indianapolis Jaguars,team1_home,84,72,12,156,0.8523,0.1477,118,102,,,backtest
2025-11-03,Maryland Terrapins,Coppin State Eagles,neutral,78,69,9,147,0.8029,0.1971,83,61,,,backtest
2025-11-03,Georgetown Hoyas,Morgan State Bears,team1_home,81,70,11,151,0.8531,0.1469,87,70,,,backtest
2025-11-04,Miami (OH) RedHawks,Old Dominion Monarchs,team1_home,85,71,14,156,0.8961,0.1039,87,72,,,backtest
2025-11-04,Howard Bison,Missouri Tigers,team1_home,78,74,4,152,0.6482,0.3518,67,88,,,backtest
2025-11-04,Western Michigan Broncos,Coastal Carolina Chanticleers,team1_home,75,76,-1,151,0.4694,0.5306,76,71,,,backtest
2025-11-04,Ohio Bobcats,Arkansas State Red Wolves,team1_home,77,79,-2,156,0.4158,0.5842,85,89,,,backtest
2025-11-04,Massachusetts Minutemen,Marshall Thundering Herd,team1_home,79,78,1,157,0.5355,0.4645,72,78,,,backtest
2025-11-04,George Mason Patriots,Wofford Terriers,team1_home,80,73,7,153,0.7396,0.2604,70,46,,,backtest
2025-11-04,Radford Highlanders,Western Illinois Leathernecks,team1_home,84,66,18,150,0.9536,0.0464,80,75,,,backtest
2025-11-04,Toledo Rockets,South Alabama Jaguars,team1_home,78,75,3,153,0.6078,0.3922,74,76,,,backtest
2025-11-04,Central Michigan Chippewas,App State Mountaineers,team1_home,73,76,-3,149,0.3934,0.6066,82,66,,,backtest
2025-11-04,Bowling Green Falcons,Texas State Bobcats,team1_home,78,72,6,150,0.71,0.29,83,48,,,backtest
2025-11-04,Penn State Nittany Lions,Fairfield Stags,team1_home,75,77,-2,152,0.445,0.555,76,68,,,backtest
2025-11-04,Kent State Golden Flashes,Troy Trojans,team1_home,79,78,1,157,0.5363,0.4637,97,103,,,backtest
2025-11-04,VCU Rams,Wagner Seahawks,team1_home,83,69,14,152,0.9137,0.0863,103,74,,,backtest
2025-11-04,Saint Joseph's Hawks,Lafayette Leopards,team1_home,79,69,10,148,0.8101,0.1899,85,76,,,backtest
2025-11-04,Ball State Cardinals,Louisiana Ragin' Cajuns,team1_home,74,70,4,144,0.6476,0.3524,75,64,,,backtest
2025-11-04,Siena Saints,Bryant Bulldogs,team1_home,81,63,18,144,0.968,0.032,82,66,,,backtest
2025-11-04,Akron Zips,James Madison Dukes,team1_home,83,72,11,155,0.8405,0.1595,85,71,,,backtest
2025-11-04,Cincinnati Bearcats,Western Carolina Catamounts,team1_home,79,72,7,151,0.7322,0.2678,94,63,,,backtest
2025-11-04,Virginia Tech Hokies,Charleston Southern Buccaneers,team1_home,81,75,6,156,0.6923,0.3077,98,67,,,backtest
2025-11-04,Syracuse Orange,Binghamton Bearcats,team1_home,82,68,14,150,0.8966,0.1034,85,47,,,backtest
2025-11-04,Pittsburgh Panthers,Youngstown State Penguins,team1_home,76,75,1,151,0.5422,0.4578,74,59,,,backtest
2025-11-04,NC State Wolfpack,North Carolina Central Eagles,team1_home,84,68,16,152,0.9347,0.0653,114,66,,,backtest
2025-11-04,Florida Atlantic Owls,Boston College Eagles,team1_home,78,70,8,148,0.7783,0.2217,83,78,,,backtest
2025-11-04,Rhode Island Rams,Stetson Hatters,team1_home,79,70,9,149,0.8006,0.1994,93,62,,,backtest
2025-11-04,Duquesne Dukes,Niagara Purple Eagles,team1_home,80,69,11,149,0.8627,0.1373,83,63,,,backtest
2025-11-04,Dayton Flyers,Canisius Golden Griffins,team1_home,81,65,16,146,0.9494,0.0506,88,48,,,backtest
2025-11-04,Clemson Tigers,New Hampshire Wildcats,team1_home,84,64,20,148,0.9748,0.0252,88,38,,,backtest
2025-11-04,Virginia Cavaliers,Rider Broncs,team1_home,86,62,24,148,0.9918,0.0082,87,53,,,backtest
2025-11-04,Notre Dame Fighting Irish,Long Island University Sharks,team1_home,75,76,-1,151,0.4807,0.5193,89,67,,,backtest
2025-11-04,Bucknell Bison,Delaware Blue Hens,team1_home,74,74,0,148,0.5003,0.4997,78,70,,,backtest
2025-11-04,Xavier Musketeers,Marist Red Foxes,team1_home,74,75,-1,149,0.4619,0.5381,66,62,,,backtest
2025-11-04,Providence Friars,Holy Cross Crusaders,team1_home,84,71,13,155,0.8659,0.1341,89,79,,,backtest
2025-11-04,Seton Hall Pirates,Saint Peter's Peacocks,team1_home,76,69,7,145,0.7207,0.2793,77,50,,,backtest
2025-11-04,UAB Blazers,Mississippi Valley State Delta Devils,team1_home,87,62,25,149,0.9929,0.0071,106,55,,,backtest
2025-11-04,Northeastern Huskies,Boston University Terriers,team1_home,76,79,-3,155,0.3954,0.6046,75,76,,,backtest
2025-11-04,Western Kentucky Hilltoppers,Tennessee Tech Golden Eagles,team1_home,80,72,8,152,0.7657,0.2343,82,70,,,backtest
2025-11-04,Georgia Bulldogs,Bellarmine Knights,team1_home,82,77,5,159,0.6415,0.3585,104,59,,,backtest
2025-11-04,Georgia Tech Yellow Jackets,Maryland Eastern Shore Hawks,team1_home,78,68,10,146,0.8231,0.1769,56,52,,,backtest
2025-11-04,Presbyterian Blue Hose,Navy Midshipmen,team1_home,70,77,-7,147,0.2525,0.7475,55,76,,,backtest
2025-11-04,Belmont Bruins,Air Force Falcons,team1_home,87,62,25,149,0.9914,0.0086,79,63,,,backtest
2025-11-04,Texas A&M Aggies,Northwestern State Demons,team1_home,85,69,16,154,0.9373,0.0627,98,68,,,backtest
2025-11-04,Minnesota Golden Gophers,Gardner-Webb Runnin' Bulldogs,team1_home,85,63,22,148,0.9881,0.0119,87,60,,,backtest
2025-11-04,Nebraska Cornhuskers,West Georgia Wolves,team1_home,85,67,18,152,0.9516,0.0484,86,53,,,backtest
2025-11-04,Vanderbilt Commodores,Lipscomb Bisons,team1_home,84,73,11,157,0.8363,0.1637,105,61,,,backtest
2025-11-04,Northern Illinois Huskies,UL Monroe Warhawks,team1_home,76,74,2,150,0.5792,0.4208,102,82,,,backtest
2025-11-04,UIC Flames,Detroit Mercy Titans,team1_home,79,73,6,152,0.7247,0.2753,91,71,,,backtest
2025-11-04,Marquette Golden Eagles,UAlbany Great Danes,team1_home,78,71,7,149,0.7417,0.2583,80,53,,,backtest
2025-11-04,DePaul Blue Demons,Chicago State Cougars,team1_home,79,67,12,146,0.8811,0.1189,92,62,,,backtest
2025-11-04,Milwaukee Panthers,Hampton Pirates,team1_home,77,73,4,150,0.6404,0.3596,90,86,,,backtest
2025-11-04,Charlotte 49ers,Indiana State Sycamores,team1_home,79,72,7,151,0.7377,0.2623,92,76,,,backtest
2025-11-04,Northwestern Wildcats,Mercyhurst Lakers,team1_home,77,71,6,148,0.7092,0.2908,70,47,,,backtest
2025-11-04,Baylor Bears,UT Rio Grande Valley Vaqueros,team1_home,79,75,4,154,0.6201,0.3799,96,81,,,backtest
2025-11-04,Wake Forest Demon Deacons,American University Eagles,team1_home,78,74,4,152,0.634,0.366,88,74,,,backtest
2025-11-04,SMU Mustangs,Tarleton State Texans,team1_home,84,70,14,154,0.8878,0.1122,96,76,,,backtest
2025-11-04,Saint Louis Billikens,Southeast Missouri State Redhawks,team1_home,85,68,17,153,0.9409,0.0591,92,67,,,backtest
2025-11-04,Loyola Chicago Ramblers,Cleveland State Vikings,team1_home,78,77,1,155,0.5391,0.4609,91,88,,,backtest
2025-11-04,George Washington Revolutionaries,Maine Black Bears,team1_home,82,66,16,148,0.9467,0.0533,67,47,,,backtest
2025-11-04,Miami Hurricanes,Jacksonville Dolphins,team1_home,84,68,16,152,0.9254,0.0746,86,69,,,backtest
2025-11-04,Ole Miss Rebels,SE Louisiana Lions,team1_home,79,69,10,148,0.8214,0.1786,88,58,,,backtest
2025-11-04,TCU Horned Frogs,New Orleans Privateers,team1_home,82,70,12,152,0.8402,0.1598,74,78,,,backtest
2025-11-04,Tulane Green Wave,Samford Bulldogs,team1_home,76,77,-1,153,0.4572,0.5428,85,72,,,backtest
2025-11-04,Oklahoma Sooners,Saint Francis Red Flash,team1_home,84,69,15,153,0.915,0.085,102,66,,,backtest
2025-11-04,South Dakota Coyotes,Utah Tech Trailblazers,team1_home,77,77,0,154,0.5139,0.4861,79,81,,,backtest
2025-11-04,South Florida Bulls,Florida A&M Rattlers,team1_home,85,68,17,153,0.9381,0.0619,102,67,,,backtest
2025-11-04,UCF Knights,Hofstra Pride,team1_home,77,77,0,154,0.5054,0.4946,82,78,,,backtest
2025-11-04,Merrimack Warriors,South Dakota State Jackrabbits,neutral,74,74,0,148,0.5258,0.4742,66,75,,,backtest
2025-11-04,Colorado State Rams,Incarnate Word Cardinals,team1_home,81,70,11,151,0.8297,0.1703,98,64,,,backtest
2025-11-04,Grand Canyon Lopes,Purdue Fort Wayne Mastodons,team1_home,82,69,13,151,0.8642,0.1358,90,71,,,backtest
2025-11-04,Loyola Maryland Greyhounds,Towson Tigers,neutral,72,76,-4,148,0.3577,0.6423,56,67,,,backtest
2025-11-04,Utah Utes,San José State Spartans,team1_home,80,74,6,154,0.7001,0.2999,84,75,,,backtest
2025-11-04,Colorado Buffaloes,Montana State Bobcats,team1_home,78,77,1,155,0.5611,0.4389,84,78,,,backtest
2025-11-04,USC Trojans,Cal Poly Mustangs,team1_home,80,75,5,155,0.6894,0.3106,94,64,,,backtest
2025-11-04,Oregon State Beavers,North Dakota State Bison,team1_home,72,79,-7,151,0.2827,0.7173,67,65,,,backtest
2025-11-04,Washington State Cougars,Idaho Vandals,team1_home,76,77,-1,153,0.4862,0.5138,81,83,,,backtest
2025-11-04,Saint Mary's Gaels,St. Thomas-Minnesota Tommies,team1_home,80,73,7,153,0.7303,0.2697,84,58,,,backtest
2025-11-04,Seattle U Redhawks,Denver Pioneers,team1_home,78,75,3,153,0.613,0.387,84,73,,,backtest
2025-11-04,California Golden Bears,Cal State Bakersfield Roadrunners,team1_home,84,68,16,152,0.9321,0.0679,87,60,,,backtest
2025-11-04,California Baptist Lancers,South Carolina Upstate Spartans,team1_home,80,67,13,147,0.8882,0.1118,87,75,,,backtest
2025-11-04,Washington Huskies,Arkansas-Pine Bluff Golden Lions,team1_home,82,71,11,153,0.8556,0.1444,94,50,,,backtest
2025-11-04,Purdue Boilermakers,Evansville Purple Aces,team1_home,85,65,20,150,0.9713,0.0287,82,51,,,backtest
2025-11-05,Duke Blue Devils,Texas Longhorns,neutral,81,73,8,154,0.7776,0.2224,75,60,,,backtest
2025-11-05,Kentucky Wildcats,Nicholls Colonels,team1_home,83,70,13,153,0.8964,0.1036,77,51,,,backtest
2025-11-05,South Carolina Gamecocks,North Carolina A&T Aggies,team1_home,79,73,6,152,0.696,0.304,91,72,,,backtest
2025-11-05,Florida State Seminoles,Alcorn State Braves,team1_home,85,67,18,152,0.9488,0.0512,108,76,,,backtest
2025-11-05,Fordham Rams,NJIT Highlanders,team1_home,77,67,10,144,0.8513,0.1487,61,72,,,backtest
2025-11-05,East Carolina Pirates,Georgia Southern Eagles,team1_home,75,79,-4,154,0.3713,0.6287,92,89,,,backtest
2025-11-05,West Virginia Mountaineers,Mount St. Mary's Mountaineers,team1_home,77,67,10,144,0.8201,0.1799,70,54,,,backtest
2025-11-05,Wichita State Shockers,UNC Asheville Bulldogs,team1_home,81,70,11,151,0.8492,0.1508,75,58,,,backtest
2025-11-05,Valparaiso Beacons,Eastern Illinois Panthers,team1_home,79,67,12,146,0.8895,0.1105,66,63,,,backtest
2025-11-05,Kansas State Wildcats,UNC Greensboro Spartans,team1_home,80,76,4,156,0.623,0.377,93,64,,,backtest
2025-11-05,Oklahoma State Cowboys,Oral Roberts Golden Eagles,team1_home,84,72,12,156,0.8427,0.1573,95,71,,,backtest
2025-11-05,Iowa Hawkeyes,Robert Morris Colonials,team1_home,80,72,8,152,0.7537,0.2463,101,69,,,backtest
2025-11-05,Arizona State Sun Devils,Southern Utah Thunderbirds,team1_home,81,72,9,153,0.791,0.209,81,64,,,backtest
2025-11-05,Nevada Wolf Pack,Louisiana Tech Bulldogs,team1_home,79,69,10,148,0.8079,0.1921,77,50,,,backtest
2025-11-05,San Diego State Aztecs,Long Beach State Beach,team1_home,82,69,13,151,0.8769,0.1231,77,45,,,backtest
2025-11-05,UNLV Rebels,UT Martin Skyhawks,team1_home,76,73,3,149,0.6314,0.3686,81,86,,,backtest
2025-11-05,Stanford Cardinal,Portland State Vikings,team1_home,77,73,4,150,0.6466,0.3534,89,79,,,backtest
2025-11-05,Oregon Ducks,Hawai'i Rainbow Warriors,team1_home,72,78,-6,150,0.2787,0.7213,60,59,,,backtest
2025-11-06,Creighton Bluejays,South Dakota Coyotes,team1_home,81,74,7,155,0.7381,0.2619,92,76,,,backtest
2025-11-05,Rutgers Scarlet Knights,Rider Broncs,team1_home,80,67,13,147,0.8849,0.1151,81,53,,,backtest
2025-11-05,La Salle Explorers,Coppin State Eagles,team1_home,79,68,11,147,0.8445,0.1555,87,59,,,backtest
2025-11-06,Temple Owls,Delaware State Hornets,team1_home,81,63,18,144,0.9676,0.0324,83,65,,,backtest
2025-11-06,Georgia Bulldogs,Maryland Eastern Shore Hawks,team1_home,87,65,22,152,0.9807,0.0193,94,29,,,backtest
2025-11-06,Indiana Hoosiers,Alabama A&M Bulldogs,team1_home,82,71,11,153,0.8374,0.1626,98,51,,,backtest
2025-11-06,LSU Tigers,Tarleton State Texans,team1_home,82,72,10,154,0.8046,0.1954,96,60,,,backtest
2025-11-06,Marquette Golden Eagles,Southern Jaguars,team1_home,79,74,5,153,0.6933,0.3067,100,82,,,backtest
2025-11-06,New Mexico Lobos,East Texas A&M Lions,team1_home,84,66,18,150,0.9601,0.0399,76,54,,,backtest
2025-11-06,Fresno State Bulldogs,South Carolina Upstate Spartans,team1_home,78,71,7,149,0.7413,0.2587,66,67,,,backtest
2025-11-06,UC Davis Aggies,North Dakota State Bison,team1_home,74,78,-4,152,0.3612,0.6388,80,68,,,backtest
2025-11-06,Mississippi State Bulldogs,North Alabama Lions,team1_home,81,72,9,153,0.7761,0.2239,86,62,,,backtest
2025-11-06,Loyola Marymount Lions,Eastern Washington Eagles,team1_home,78,75,3,153,0.5831,0.4169,70,62,,,backtest
2025-11-07,Florida Gators,North Florida Ospreys,team1_home,87,69,18,156,0.9388,0.0612,104,64,,,backtest
2025-11-07,Louisville Cardinals,Jackson State Tigers,team1_home,88,66,22,154,0.9808,0.0192,106,70,,,backtest
2025-11-07,Iowa State Cyclones,Grambling Tigers,team1_home,84,64,20,148,0.9694,0.0306,102,62,,,backtest
2025-11-07,Auburn Tigers,Merrimack Warriors,team1_home,79,73,6,152,0.6842,0.3158,95,57,,,backtest
2025-11-06,IU Indianapolis Jaguars,Long Island University Sharks,team1_home,74,81,-7,155,0.2964,0.7036,90,94,,,backtest
2025-11-07,West Virginia Mountaineers,Campbell Fighting Camels,team1_home,78,70,8,148,0.7683,0.2317,73,65,,,backtest
2025-11-07,Boston College Eagles,The Citadel Bulldogs,team1_home,78,69,9,147,0.7882,0.2118,76,47,,,backtest
2025-11-07,Ohio Bobcats,Illinois State Redbirds,team1_home,74,78,-4,152,0.382,0.618,72,68,,,backtest
2025-11-07,Quinnipiac Bobcats,Central Connecticut Blue Devils,team1_home,77,72,5,149,0.6531,0.3469,71,49,,,backtest
2025-11-07,Xavier Musketeers,Le Moyne Dolphins,team1_home,78,74,4,152,0.6246,0.3754,74,69,,,backtest
2025-11-07,Miami Hurricanes,Bethune-Cookman Wildcats,team1_home,85,69,16,154,0.9185,0.0815,101,61,,,backtest
2025-11-07,Drake Bulldogs,Robert Morris Colonials,team1_home,75,78,-3,153,0.381,0.619,79,81,,,backtest
2025-11-07,South Alabama Jaguars,Alcorn State Braves,team1_home,83,66,17,149,0.9524,0.0476,76,70,,,backtest
2025-11-07,North Texas Mean Green,Northwestern State Demons,team1_home,77,67,10,144,0.824,0.176,80,53,,,backtest
2025-11-07,Texas A&M Aggies,Texas Southern Tigers,team1_home,86,71,15,157,0.9147,0.0853,104,70,,,backtest
2025-11-07,North Dakota Fighting Hawks,UC Riverside Highlanders,team1_home,79,73,6,152,0.7077,0.2923,70,74,,,backtest
2025-11-07,Abilene Christian Wildcats,Omaha Mavericks,team1_home,74,75,-1,149,0.4827,0.5173,73,71,,,backtest
2025-11-07,Northern Iowa Panthers,Cal State Northridge Matadors,team1_home,79,70,9,149,0.8061,0.1939,86,57,,,backtest
2025-11-07,SMU Mustangs,Texas A&M-Corpus Christi Islanders,team1_home,82,70,12,152,0.842,0.158,69,58,,,backtest
2025-11-07,Saint Louis Billikens,Chicago State Cougars,team1_home,86,64,22,150,0.9853,0.0147,108,86,,,backtest
2025-11-07,TCU Horned Frogs,Saint Francis Red Flash,team1_home,85,66,19,151,0.9659,0.0341,104,63,,,backtest
2025-11-07,Loyola Chicago Ramblers,Mercyhurst Lakers,team1_home,71,75,-4,146,0.3552,0.6448,65,73,,,backtest
2025-11-07,Washington Huskies,Denver Pioneers,team1_home,82,76,6,158,0.6945,0.3055,84,70,,,backtest
2025-11-07,California Golden Bears,Wright State Raiders,team1_home,78,77,1,155,0.5325,0.4675,77,67,,,backtest
2025-11-07,Portland Pilots,Arkansas-Pine Bluff Golden Lions,team1_home,77,75,2,152,0.594,0.406,83,74,,,backtest
2025-11-08,Purdue Boilermakers,Oakland Golden Grizzlies,team1_home,82,74,8,156,0.7355,0.2645,87,77,,,backtest
2025-11-08,UConn Huskies,UMass Lowell River Hawks,team1_home,85,66,19,151,0.967,0.033,110,47,,,backtest
2025-11-08,Kentucky Wildcats,Valparaiso Beacons,team1_home,81,71,10,152,0.8051,0.1949,107,59,,,backtest
2025-11-08,Texas Tech Red Raiders,Sam Houston Bearkats,team1_home,81,75,6,156,0.6866,0.3134,98,77,,,backtest
2025-11-08,UCLA Bruins,Pepperdine Waves,team1_home,85,67,18,152,0.9511,0.0489,74,63,,,backtest
2025-11-08,Arizona Wildcats,Utah Tech Trailblazers,team1_home,86,67,19,153,0.955,0.045,93,67,,,backtest
2025-11-08,Illinois Fighting Illini,Florida Gulf Coast Eagles,team1_home,83,71,12,154,0.8571,0.1429,113,70,,,backtest
2025-11-08,North Carolina Tar Heels,Kansas Jayhawks,team1_home,78,73,5,151,0.6531,0.3469,87,74,,,backtest
2025-11-08,Wisconsin Badgers,Northern Illinois Huskies,team1_home,86,66,20,152,0.9715,0.0285,97,72,,,backtest
2025-11-07,New Haven Chargers,Columbia Lions,team1_home,70,75,-5,145,0.3294,0.6706,53,71,,,backtest
2025-11-07,UTSA Roadrunners,SIU Edwardsville Cougars,team1_home,69,78,-9,147,0.1817,0.8183,60,77,,,backtest
2025-11-07,Colgate Raiders,Northeastern Huskies,team1_home,81,73,8,154,0.7761,0.2239,65,68,,,backtest
2025-11-07,Liberty Flames,Charleston Cougars,team1_home,80,73,7,153,0.7323,0.2677,90,75,,,backtest
2025-11-07,Northwestern Wildcats,Boston University Terriers,team1_home,78,74,4,152,0.6432,0.3568,76,52,,,backtest
2025-11-07,Maryland Terrapins,Georgetown Hoyas,team1_home,73,77,-4,150,0.3743,0.6257,60,70,,,backtest
2025-11-07,Rhode Island Rams,Tulsa Golden Hurricane,neutral,71,81,-10,152,0.181,0.819,65,82,,,backtest
2025-11-07,Buffalo Bulls,Green Bay Phoenix,team1_home,80,75,5,155,0.681,0.319,83,76,,,backtest
2025-11-07,Ohio State Buckeyes,Purdue Fort Wayne Mastodons,team1_home,83,71,12,154,0.8618,0.1382,94,68,,,backtest
2025-11-08,Stephen F. Austin Lumberjacks,Arkansas State Red Wolves,team1_home,80,73,7,153,0.7394,0.2606,90,65,,,backtest
2025-11-08,Florida State Seminoles,Alabama State Hornets,team1_home,82,71,11,153,0.8486,0.1514,101,64,,,backtest
2025-11-08,George Mason Patriots,Winthrop Eagles,team1_home,78,74,4,152,0.6448,0.3552,96,90,,,backtest
2025-11-08,Furman Paladins,Troy Trojans,team1_home,77,76,1,153,0.5451,0.4549,61,64,,,backtest
2025-11-08,Iona Gaels,Hofstra Pride,team1_home,73,76,-3,149,0.3962,0.6038,81,73,,,backtest
2025-11-08,Davidson Wildcats,Washington State Cougars,team1_home,78,72,6,150,0.6842,0.3158,85,69,,,backtest
2025-11-08,Iowa Hawkeyes,Western Illinois Leathernecks,team1_home,85,61,24,146,0.9933,0.0067,77,58,,,backtest
2025-11-08,Kent State Golden Flashes,Cornell Big Red,team1_home,82,80,2,162,0.5422,0.4578,110,102,,,backtest
2025-11-08,Charlotte 49ers,Tennessee Tech Golden Eagles,team1_home,79,71,8,150,0.7691,0.2309,70,65,,,backtest
2025-11-08,Cincinnati Bearcats,Georgia State Panthers,team1_home,80,67,13,147,0.8806,0.1194,74,64,,,backtest
2025-11-08,Brown Bears,Siena Saints,team1_home,69,76,-7,145,0.2517,0.7483,46,62,,,backtest
2025-11-08,Wake Forest Demon Deacons,Morehead State Eagles,team1_home,79,74,5,153,0.6915,0.3085,81,65,,,backtest
2025-11-08,Virginia Cavaliers,North Carolina Central Eagles,team1_home,85,65,20,150,0.9748,0.0252,81,62,,,backtest
2025-11-08,Pittsburgh Panthers,Longwood Lancers,team1_home,76,74,2,150,0.5586,0.4414,78,60,,,backtest
2025-11-08,Notre Dame Fighting Irish,Detroit Mercy Titans,team1_home,79,75,4,154,0.6248,0.3752,102,70,,,backtest
2025-11-08,Duquesne Dukes,Sacred Heart Pioneers,team1_home,80,74,6,154,0.6808,0.3192,92,80,,,backtest
2025-11-08,Clemson Tigers,Gardner-Webb Runnin' Bulldogs,team1_home,87,61,26,148,0.9959,0.0041,97,59,,,backtest
2025-11-08,Mount St. Mary's Mountaineers,Bucknell Bison,team1_home,77,69,8,146,0.7539,0.2461,62,73,,,backtest
2025-11-08,Ole Miss Rebels,UL Monroe Warhawks,team1_home,84,69,15,153,0.9073,0.0927,86,65,,,backtest
2025-11-08,Seton Hall Pirates,Wagner Seahawks,team1_home,77,68,9,145,0.8076,0.1924,68,61,,,backtest
2025-11-08,Georgia Tech Yellow Jackets,Bryant Bulldogs,team1_home,79,68,11,147,0.8361,0.1639,74,45,,,backtest
2025-11-08,Missouri Tigers,Southeast Missouri State Redhawks,team1_home,80,72,8,152,0.7549,0.2451,89,84,,,backtest
2025-11-08,Southern Illinois Salukis,Kansas City Roos,team1_home,84,64,20,148,0.9732,0.0268,101,78,,,backtest
2025-11-08,Murray State Racers,Mississippi Valley State Delta Devils,team1_home,88,64,24,152,0.989,0.011,108,60,,,backtest
2025-11-08,DePaul Blue Demons,Stonehill Skyhawks,team1_home,76,67,9,143,0.8134,0.1866,72,64,,,backtest
2025-11-08,Utah State Aggies,VCU Rams,neutral,79,77,2,156,0.5509,0.4491,80,77,,,backtest
2025-11-08,Eastern Illinois Panthers,Nicholls Colonels,team1_home,72,74,-2,146,0.4181,0.5819,65,57,,,backtest
2025-11-08,Samford Bulldogs,South Carolina State Bulldogs,team1_home,84,68,16,152,0.9422,0.0578,82,72,,,backtest
2025-11-08,Louisiana Ragin' Cajuns,SE Louisiana Lions,team1_home,73,70,3,143,0.611,0.389,58,52,,,backtest
2025-11-08,San Diego Toreros,Idaho State Bengals,team1_home,76,76,0,152,0.5142,0.4858,68,71,,,backtest
2025-11-08,Grand Canyon Lopes,Youngstown State Penguins,team1_home,79,71,8,150,0.7578,0.2422,81,90,,,backtest
2025-11-08,Navy Midshipmen,Yale Bulldogs,team1_home,77,75,2,152,0.5759,0.4241,68,97,,,backtest
2025-11-08,NC State Wolfpack,UAB Blazers,team1_home,81,74,7,155,0.7229,0.2771,94,70,,,backtest
2025-11-08,Oregon Ducks,Rice Owls,team1_home,77,74,3,151,0.6096,0.3904,67,63,,,backtest
2025-11-08,Santa Clara Broncos,McNeese Cowboys,team1_home,77,76,1,153,0.5408,0.4592,79,67,,,backtest
2025-11-08,Oregon State Beavers,UIC Flames,team1_home,74,75,-1,149,0.4424,0.5576,76,73,,,backtest
2025-11-08,Saint Mary's Gaels,Chattanooga Mocs,team1_home,83,68,15,151,0.9151,0.0849,87,66,,,backtest
2025-11-08,UC Irvine Anteaters,California Baptist Lancers,team1_home,74,72,2,146,0.5577,0.4423,61,69,,,backtest
2025-11-08,Houston Cougars,Towson Tigers,team1_home,81,65,16,146,0.9391,0.0609,65,48,,,backtest
2025-11-08,St. John's Red Storm,Alabama Crimson Tide,team1_home,82,78,4,160,0.6181,0.3819,96,103,,,backtest
2025-11-08,Duke Blue Devils,Western Carolina Catamounts,team1_home,85,67,18,152,0.9457,0.0543,95,54,,,backtest
2025-11-09,BYU Cougars,Holy Cross Crusaders,team1_home,84,69,15,153,0.9263,0.0737,98,53,,,backtest
2025-11-09,Michigan State Spartans,Arkansas Razorbacks,team1_home,81,77,4,158,0.6088,0.3912,69,66,,,backtest
2025-11-08,Tennessee Volunteers,Northern Kentucky Norse,team1_home,83,73,10,156,0.8015,0.1985,95,56,,,backtest
2025-11-09,Gonzaga Bulldogs,Oklahoma Sooners,team1_home,83,72,11,155,0.8171,0.1829,83,68,,,backtest
2025-11-08,Minnesota Golden Gophers,Alcorn State Braves,team1_home,82,66,16,148,0.9457,0.0543,95,50,,,backtest
2025-11-08,Akron Zips,Princeton Tigers,team1_home,84,68,16,152,0.9258,0.0742,104,69,,,backtest
2025-11-08,Florida A&M Rattlers,Kennesaw State Owls,team1_home,74,78,-4,152,0.3618,0.6382,72,92,,,backtest
2025-11-08,New Haven Chargers,Penn State Nittany Lions,team1_home,73,74,-1,147,0.4745,0.5255,43,87,,,backtest
2025-11-08,Nebraska Cornhuskers,Florida International Panthers,team1_home,83,69,14,152,0.9021,0.0979,96,66,,,backtest
2025-11-08,Saint Joseph's Hawks,Drexel Dragons,team1_home,75,70,5,145,0.6782,0.3218,76,65,,,backtest
2025-11-08,Syracuse Orange,Delaware State Hornets,team1_home,81,64,17,145,0.9582,0.0418,83,43,,,backtest
2025-11-08,George Washington Revolutionaries,South Florida Bulls,neutral,78,81,-3,159,0.4066,0.5934,99,95,,,backtest
2025-11-08,Tulane Green Wave,Texas State Bobcats,team1_home,75,74,1,149,0.5235,0.4765,79,71,,,backtest
2025-11-08,Toledo Rockets,Marshall Thundering Herd,team1_home,80,77,3,157,0.6015,0.3985,73,85,,,backtest
2025-11-08,NJIT Highlanders,Fairfield Stags,team1_home,71,76,-5,147,0.3233,0.6767,53,74,,,backtest
2025-11-08,Wofford Terriers,Milwaukee Panthers,team1_home,81,74,7,155,0.7255,0.2745,86,76,,,backtest
2025-11-08,Dayton Flyers,UMBC Retrievers,team1_home,75,74,1,149,0.5321,0.4679,77,71,,,backtest
2025-11-08,Binghamton Bearcats,Niagara Purple Eagles,team1_home,74,72,2,146,0.5599,0.4401,59,67,,,backtest
2025-11-08,Saint Peter's Peacocks,Fairleigh Dickinson Knights,team1_home,77,68,9,145,0.8278,0.1722,93,83,,,backtest
2025-11-08,Georgia Southern Eagles,UNC Asheville Bulldogs,team1_home,80,74,6,154,0.6934,0.3066,93,90,,,backtest
2025-11-08,Texas Longhorns,Lafayette Leopards,team1_home,83,70,13,153,0.8908,0.1092,97,60,,,backtest
2025-11-08,Memphis Tigers,San Francisco Dons,team1_home,76,76,0,152,0.4912,0.5088,76,70,,,backtest
2025-11-08,La Salle Explorers,Monmouth Hawks,team1_home,71,76,-5,147,0.3027,0.6973,73,60,,,backtest
2025-11-08,UC Santa Barbara Gauchos,San José State Spartans,team1_home,82,70,12,152,0.865,0.135,85,74,,,backtest
2025-11-08,UNC Greensboro Spartans,Elon Phoenix,team1_home,78,78,0,156,0.5166,0.4834,90,92,,,backtest
2025-11-08,Norfolk State Spartans,William & Mary Tribe,team1_home,75,78,-3,153,0.3963,0.6037,78,81,,,backtest
2025-11-08,UCF Knights,Vanderbilt Commodores,team1_home,78,81,-3,159,0.4073,0.5927,93,105,,,backtest
2025-11-08,New Mexico Lobos,UT Arlington Mavericks,team1_home,80,68,12,148,0.8629,0.1371,74,56,,,backtest
2025-11-08,Boise State Broncos,Utah Valley Wolverines,team1_home,77,76,1,153,0.5392,0.4608,101,77,,,backtest
2025-11-08,Wyoming Cowboys,Cal State Fullerton Titans,team1_home,81,74,7,155,0.7193,0.2807,92,82,,,backtest
2025-11-08,Air Force Falcons,Austin Peay Governors,team1_home,65,84,-19,149,0.0291,0.9709,54,74,,,backtest
2025-11-08,Colorado Buffaloes,Eastern Washington Eagles,team1_home,82,76,6,158,0.6864,0.3136,102,97,,,backtest
2025-11-08,Stanford Cardinal,Montana Grizzlies,team1_home,80,73,7,153,0.7277,0.2723,91,68,,,backtest
2025-11-08,St. Bonaventure Bonnies,Canisius Golden Griffins,team1_home,81,67,14,148,0.9101,0.0899,89,70,,,backtest
2025-11-08,Virginia Tech Hokies,Providence Friars,neutral,80,79,1,159,0.5067,0.4933,107,101,,,backtest
2025-11-08,Fresno State Bulldogs,Long Beach State Beach,team1_home,78,72,6,150,0.7138,0.2862,82,62,,,backtest
2025-11-08,Butler Bulldogs,IU Indianapolis Jaguars,team1_home,84,74,10,158,0.7945,0.2055,112,80,,,backtest
2025-11-08,Stony Brook Seawolves,Maine Black Bears,team1_home,76,68,8,144,0.7825,0.2175,71,60,,,backtest
2025-11-08,Massachusetts Minutemen,UAlbany Great Danes,team1_home,80,72,8,152,0.7854,0.2146,83,62,,,backtest
2025-11-08,Charleston Cougars,Florida Atlantic Owls,neutral,76,76,0,152,0.471,0.529,77,94,,,backtest
2025-11-08,Presbyterian Blue Hose,East Tennessee State Buccaneers,team1_home,72,78,-6,150,0.2935,0.7065,68,64,,,backtest
2025-11-08,Richmond Spiders,East Carolina Pirates,team1_home,81,71,10,152,0.8191,0.1809,87,72,,,backtest
2025-11-09,Wichita State Shockers,Prairie View A&M Panthers,team1_home,82,70,12,152,0.8731,0.1269,105,62,,,backtest
2025-11-09,Tarleton State Texans,Texas A&M-Corpus Christi Islanders,team1_home,74,73,1,147,0.507,0.493,85,77,,,backtest
2025-11-09,Utah Utes,Weber State Wildcats,team1_home,77,79,-2,156,0.4348,0.5652,92,89,,,backtest
2025-11-09,St. Thomas-Minnesota Tommies,Army Black Knights,team1_home,85,68,17,153,0.9325,0.0675,83,76,,,backtest
2025-11-09,Bradley Braves,Central Michigan Chippewas,team1_home,81,71,10,152,0.8316,0.1684,85,54,,,backtest
2025-11-09,Kansas State Wildcats,Bellarmine Knights,team1_home,81,79,2,160,0.5783,0.4217,98,71,,,backtest
2025-11-09,Belmont Bruins,Tennessee State Tigers,team1_home,81,73,8,154,0.7541,0.2459,87,79,,,backtest
2025-11-09,Southern Utah Thunderbirds,UT Rio Grande Valley Vaqueros,team1_home,72,79,-7,151,0.2485,0.7515,72,95,,,backtest
2025-11-09,Loyola Marymount Lions,Arkansas-Pine Bluff Golden Lions,team1_home,79,72,7,151,0.758,0.242,94,72,,,backtest
2025-11-09,UNLV Rebels,Chattanooga Mocs,team1_home,81,75,6,156,0.6928,0.3072,101,69,,,backtest
2025-11-09,UC San Diego Tritons,Houston Christian Huskies,team1_home,79,68,11,147,0.8541,0.1459,78,60,,,backtest
2025-11-09,Seattle U Redhawks,Cal Poly Mustangs,team1_home,78,72,6,150,0.7012,0.2988,71,73,,,backtest
2025-11-09,Nevada Wolf Pack,Pacific Tigers,team1_home,78,72,6,150,0.7156,0.2844,78,77,,,backtest
2025-11-09,Harvard Crimson,New Hampshire Wildcats,team1_home,81,65,16,146,0.9327,0.0673,86,75,,,backtest
2025-11-09,Campbell Fighting Camels,Western Michigan Broncos,team1_home,80,74,6,154,0.7212,0.2788,91,82,,,backtest
2025-11-09,App State Mountaineers,North Carolina Central Eagles,team1_home,80,67,13,147,0.8963,0.1037,76,54,,,backtest
2025-11-09,Marquette Golden Eagles,Indiana Hoosiers,neutral,73,79,-6,152,0.2999,0.7001,77,100,,,backtest
2025-11-09,James Madison Dukes,Coppin State Eagles,team1_home,84,65,19,149,0.97,0.03,84,70,,,backtest
2025-11-09,American University Eagles,Pennsylvania Quakers,team1_home,76,74,2,150,0.543,0.457,84,78,,,backtest
2025-11-09,Georgia Bulldogs,Morehead State Eagles,team1_home,84,73,11,157,0.8411,0.1589,120,81,,,backtest
2025-11-09,Mercer Bears,Lipscomb Bisons,team1_home,80,76,4,156,0.6449,0.3551,92,77,,,backtest
2025-11-09,Bowling Green Falcons,Le Moyne Dolphins,team1_home,79,71,8,150,0.7466,0.2534,83,60,,,backtest
2025-11-09,North Dakota Fighting Hawks,Cal State Northridge Matadors,team1_home,78,78,0,156,0.5006,0.4994,85,93,,,backtest
2025-11-09,Northern Iowa Panthers,South Dakota State Jackrabbits,team1_home,78,69,9,147,0.7887,0.2113,65,58,,,backtest
2025-11-09,Brown Bears,Vermont Catamounts,team1_home,70,77,-7,147,0.2679,0.7321,84,89,,,backtest
2025-11-09,Dartmouth Big Green,Marist Red Foxes,team1_home,71,76,-5,147,0.3408,0.6592,56,75,,,backtest
2025-11-09,Oklahoma State Cowboys,Texas A&M Aggies,team1_home,78,82,-4,160,0.403,0.597,87,63,,,backtest
2025-11-09,Illinois State Redbirds,Cornell Big Red,team1_home,80,77,3,157,0.5907,0.4093,76,65,,,backtest
2025-11-09,Montana State Bobcats,Denver Pioneers,team1_home,81,75,6,156,0.6874,0.3126,73,75,,,backtest
2025-11-09,West Virginia Mountaineers,Lehigh Mountain Hawks,team1_home,77,69,8,146,0.7706,0.2294,69,47,,,backtest
2025-11-09,Arizona State Sun Devils,Utah Tech Trailblazers,team1_home,78,75,3,153,0.5871,0.4129,81,66,,,backtest
2025-11-09,Missouri Tigers,VMI Keydets,team1_home,84,69,15,153,0.9148,0.0852,106,68,,,backtest
2025-11-09,Loyola Chicago Ramblers,North Texas Mean Green,neutral,69,77,-8,146,0.2381,0.7619,62,64,,,backtest
2025-11-09,Portland Pilots,UC Davis Aggies,team1_home,74,77,-3,151,0.3883,0.6117,67,63,,,backtest
2025-11-09,San Diego State Aztecs,Idaho State Bengals,team1_home,81,71,10,152,0.8052,0.1948,73,57,,,backtest
2025-11-09,Howard Bison,Grambling Tigers,team1_home,79,67,12,146,0.8586,0.1414,70,73,,,backtest
2025-11-09,Liberty Flames,Florida Atlantic Owls,team1_home,80,73,7,153,0.7053,0.2947,88,68,,,backtest
2025-11-09,USC Trojans,Manhattan Jaspers,team1_home,81,73,8,154,0.7557,0.2443,114,83,,,backtest
2025-11-09,Colorado State Rams,Omaha Mavericks,team1_home,81,72,9,153,0.8072,0.1928,97,74,,,backtest
2025-11-09,South Carolina Gamecocks,Southern Miss Golden Eagles,team1_home,78,74,4,152,0.6311,0.3689,83,79,,,backtest
2025-11-10,Baylor Bears,Washington Huskies,team1_home,80,76,4,156,0.6177,0.3823,78,69,,,backtest
2025-11-10,Hawai'i Rainbow Warriors,East Texas A&M Lions,team1_home,83,66,17,149,0.9424,0.0576,100,74,,,backtest
2025-11-10,UConn Huskies,Columbia Lions,team1_home,82,69,13,151,0.8844,0.1156,89,62,,,backtest
2025-11-11,UCLA Bruins,West Georgia Wolves,team1_home,83,70,13,153,0.8808,0.1192,83,62,,,backtest
2025-11-11,Iowa State Cyclones,Mississippi State Bulldogs,neutral,84,69,15,153,0.9138,0.0862,96,80,,,backtest
2025-11-10,UMass Lowell River Hawks,New Haven Chargers,team1_home,75,70,5,145,0.689,0.311,67,73,,,backtest
2025-11-10,Rutgers Scarlet Knights,Maine Black Bears,team1_home,76,69,7,145,0.7435,0.2565,72,60,,,backtest
2025-11-10,Niagara Purple Eagles,Delaware State Hornets,team1_home,75,67,8,142,0.7867,0.2133,68,57,,,backtest
2025-11-11,SIU Edwardsville Cougars,Indiana State Sycamores,team1_home,77,70,7,147,0.7296,0.2704,55,64,,,backtest
2025-11-11,North Carolina A&T Aggies,South Carolina State Bulldogs,team1_home,81,69,12,150,0.8557,0.1443,85,62,,,backtest
2025-11-11,Georgia State Panthers,Presbyterian Blue Hose,team1_home,73,74,-1,147,0.4566,0.5434,61,63,,,backtest
2025-11-11,Eastern Kentucky Colonels,Western Kentucky Hilltoppers,team1_home,77,79,-2,156,0.4467,0.5533,79,87,,,backtest
2025-11-11,Seton Hall Pirates,Fairfield Stags,team1_home,76,71,5,147,0.691,0.309,82,59,,,backtest
2025-11-11,Kent State Golden Flashes,UNC Wilmington Seahawks,team1_home,76,78,-2,154,0.4328,0.5672,86,77,,,backtest
2025-11-11,The Citadel Bulldogs,Charleston Southern Buccaneers,team1_home,73,80,-7,153,0.2641,0.7359,86,96,,,backtest
2025-11-11,Pittsburgh Panthers,Eastern Michigan Eagles,team1_home,77,72,5,149,0.6681,0.3319,78,66,,,backtest
2025-11-11,Miami Hurricanes,Stetson Hatters,team1_home,84,69,15,153,0.9272,0.0728,102,61,,,backtest
2025-11-11,Milwaukee Panthers,Little Rock Trojans,team1_home,79,72,7,151,0.7442,0.2558,92,72,,,backtest
2025-11-11,TCU Horned Frogs,Lamar Cardinals,team1_home,79,69,10,148,0.831,0.169,78,65,,,backtest
2025-11-11,LSU Tigers,New Orleans Privateers,team1_home,82,74,8,156,0.7717,0.2283,93,58,,,backtest
2025-11-11,Northwestern Wildcats,Cleveland State Vikings,team1_home,82,73,9,155,0.7928,0.2072,110,63,,,backtest
2025-11-11,Xavier Musketeers,Santa Clara Broncos,team1_home,76,81,-5,157,0.3193,0.6807,68,87,,,backtest
2025-11-11,Grand Canyon Lopes,Northern Illinois Huskies,team1_home,84,64,20,148,0.9736,0.0264,88,59,,,backtest
2025-11-11,Utah Utes,Holy Cross Crusaders,team1_home,78,73,5,151,0.6968,0.3032,87,69,,,backtest
2025-11-11,Georgia Tech Yellow Jackets,SE Louisiana Lions,team1_home,77,70,7,147,0.7166,0.2834,70,60,,,backtest
2025-11-11,Washington State Cougars,St. Thomas-Minnesota Tommies,team1_home,75,80,-5,155,0.3174,0.6826,81,71,,,backtest
2025-11-11,California Golden Bears,Cal State Fullerton Titans,team1_home,81,74,7,155,0.7126,0.2874,93,65,,,backtest
2025-11-12,Army Black Knights,Duke Blue Devils,team1_home,67,83,-16,150,0.0694,0.9306,59,114,,,backtest
2025-11-12,Arizona Wildcats,Northern Arizona Lumberjacks,team1_home,86,65,21,151,0.9747,0.0253,84,49,,,backtest
2025-11-11,Michigan Wolverines,Wake Forest Demon Deacons,neutral,84,71,13,155,0.8615,0.1385,85,84,,,backtest
2025-11-12,BYU Cougars,Delaware Blue Hens,team1_home,83,69,14,152,0.9138,0.0862,85,68,,,backtest
2025-11-12,Louisville Cardinals,Kentucky Wildcats,team1_home,82,75,7,157,0.7204,0.2796,96,88,,,backtest
2025-11-12,Florida Gators,Florida State Seminoles,team1_home,85,72,13,157,0.8825,0.1175,78,76,,,backtest
2025-11-12,Illinois Fighting Illini,Texas Tech Red Raiders,team1_home,81,75,6,156,0.6999,0.3001,81,77,,,backtest
2025-11-12,North Carolina Tar Heels,Radford Highlanders,team1_home,83,72,11,155,0.8335,0.1665,89,74,,,backtest
2025-11-12,Gonzaga Bulldogs,Creighton Bluejays,team1_home,85,68,17,153,0.945,0.055,90,63,,,backtest
2025-11-12,Arkansas Razorbacks,Central Arkansas Bears,team1_home,83,75,8,158,0.7443,0.2557,93,56,,,backtest
2025-11-12,Auburn Tigers,Wofford Terriers,team1_home,81,77,4,158,0.635,0.365,93,62,,,backtest
2025-11-12,Wisconsin Badgers,Ball State Cardinals,team1_home,84,67,17,151,0.943,0.057,86,55,,,backtest
2025-11-12,Kansas Jayhawks,Texas A&M-Corpus Christi Islanders,team1_home,79,68,11,147,0.8277,0.1723,77,46,,,backtest
2025-11-11,Kansas City Roos,Iona Gaels,team1_home,68,81,-13,149,0.1209,0.8791,91,105,,,backtest
2025-11-11,Air Force Falcons,Long Island University Sharks,team1_home,65,82,-17,147,0.0488,0.9512,72,76,,,backtest
2025-11-11,Morgan State Bears,UMBC Retrievers,team1_home,70,81,-11,151,0.1595,0.8405,79,81,,,backtest
2025-11-11,Ohio State Buckeyes,App State Mountaineers,team1_home,80,71,9,151,0.7918,0.2082,75,53,,,backtest
2025-11-11,UNC Asheville Bulldogs,Lipscomb Bisons,team1_home,75,76,-1,151,0.4641,0.5359,69,64,,,backtest
2025-11-11,Penn State Nittany Lions,Navy Midshipmen,team1_home,71,80,-9,151,0.2222,0.7778,80,71,,,backtest
2025-11-12,Old Dominion Monarchs,Norfolk State Spartans,team1_home,77,74,3,151,0.622,0.378,60,57,,,backtest
2025-11-12,Colgate Raiders,Drexel Dragons,team1_home,76,72,4,148,0.6541,0.3459,90,83,,,backtest
2025-11-12,Maryland Terrapins,Alcorn State Braves,team1_home,78,70,8,148,0.7823,0.2177,84,64,,,backtest
2025-11-12,Coastal Carolina Chanticleers,Winthrop Eagles,team1_home,75,77,-2,152,0.4096,0.5904,72,66,,,backtest
2025-11-12,UCF Knights,Florida A&M Rattlers,team1_home,82,70,12,152,0.8579,0.1421,97,60,,,backtest
2025-11-12,Villanova Wildcats,Sacred Heart Pioneers,team1_home,82,71,11,153,0.8568,0.1432,94,60,,,backtest
2025-11-12,North Alabama Lions,Northwestern State Demons,team1_home,74,73,1,147,0.5482,0.4518,87,83,,,backtest
2025-11-12,Wright State Raiders,Toledo Rockets,team1_home,81,76,5,157,0.6572,0.3428,71,81,,,backtest
2025-11-12,High Point Panthers,Jacksonville Dolphins,team1_home,84,68,16,152,0.934,0.066,85,64,,,backtest
2025-11-12,Florida Gulf Coast Eagles,Georgia Southern Eagles,team1_home,79,77,2,156,0.5652,0.4348,94,95,,,backtest
2025-11-12,Temple Owls,La Salle Explorers,team1_home,80,68,12,148,0.884,0.116,90,63,,,backtest
2025-11-12,Fordham Rams,Wagner Seahawks,team1_home,76,69,7,145,0.7258,0.2742,63,61,,,backtest
2025-11-12,Butler Bulldogs,Chicago State Cougars,team1_home,83,69,14,152,0.909,0.091,98,66,,,backtest
2025-11-12,Charlotte 49ers,Davidson Wildcats,team1_home,75,74,1,149,0.5379,0.4621,55,62,,,backtest
2025-11-12,Loyola Maryland Greyhounds,NJIT Highlanders,team1_home,77,71,6,148,0.6951,0.3049,64,66,,,backtest
2025-11-12,Richmond Spiders,William & Mary Tribe,team1_home,78,77,1,155,0.5542,0.4458,90,86,,,backtest
2025-11-12,Rhode Island Rams,Stonehill Skyhawks,team1_home,77,66,11,143,0.8452,0.1548,80,57,,,backtest
2025-11-12,Cincinnati Bearcats,Dayton Flyers,team1_home,75,73,2,148,0.5531,0.4469,74,62,,,backtest
2025-11-12,Clemson Tigers,Morehead State Eagles,team1_home,81,69,12,150,0.8737,0.1263,83,56,,,backtest
2025-11-12,Boston College Eagles,Central Connecticut Blue Devils,team1_home,74,73,1,147,0.5109,0.4891,59,60,,,backtest
2025-11-12,Harvard Crimson,Northeastern Huskies,team1_home,81,70,11,151,0.8305,0.1695,60,77,,,backtest
2025-11-12,Providence Friars,Pennsylvania Quakers,team1_home,80,76,4,156,0.6376,0.3624,106,81,,,backtest
2025-11-12,Saint Francis Red Flash,Mount St. Mary's Mountaineers,team1_home,72,76,-4,148,0.3846,0.6154,66,74,,,backtest
2025-11-12,Princeton Tigers,Bucknell Bison,team1_home,77,70,7,147,0.7643,0.2357,73,63,,,backtest
2025-11-12,UAB Blazers,Alabama State Hornets,team1_home,81,69,12,150,0.8598,0.1402,74,77,,,backtest
2025-11-12,Quinnipiac Bobcats,Yale Bulldogs,team1_home,73,79,-6,152,0.3156,0.6844,60,97,,,backtest
2025-11-12,Notre Dame Fighting Irish,Eastern Illinois Panthers,team1_home,80,68,12,148,0.8706,0.1294,78,58,,,backtest
2025-11-12,Tarleton State Texans,Merrimack Warriors,team1_home,72,75,-3,147,0.4209,0.5791,76,62,,,backtest
2025-11-12,Louisiana Ragin' Cajuns,Tulane Green Wave,team1_home,73,74,-1,147,0.4447,0.5553,62,66,,,backtest
2025-11-12,Rice Owls,Stephen F. Austin Lumberjacks,team1_home,71,79,-8,150,0.2375,0.7625,69,81,,,backtest
2025-11-12,Oklahoma Sooners,Arkansas-Pine Bluff Golden Lions,team1_home,84,72,12,156,0.86,0.14,95,69,,,backtest
2025-11-12,DePaul Blue Demons,Buffalo Bulls,team1_home,75,75,0,150,0.4947,0.5053,53,66,,,backtest
2025-11-12,Missouri State Bears,Arkansas State Red Wolves,team1_home,77,77,0,154,0.48,0.52,85,86,,,backtest
2025-11-12,North Dakota State Bison,Cal State Northridge Matadors,team1_home,83,72,11,155,0.8336,0.1664,90,68,,,backtest
2025-11-12,Nebraska Cornhuskers,Maryland Eastern Shore Hawks,team1_home,85,61,24,146,0.9921,0.0079,69,50,,,backtest
2025-11-12,SMU Mustangs,Murray State Racers,team1_home,82,77,5,159,0.6671,0.3329,102,91,,,backtest
2025-11-12,Wyoming Cowboys,Austin Peay Governors,team1_home,77,76,1,153,0.5537,0.4463,79,65,,,backtest
2025-11-12,Ole Miss Rebels,Memphis Tigers,team1_home,78,74,4,152,0.6605,0.3395,83,77,,,backtest
2025-11-12,New Mexico Lobos,UC Riverside Highlanders,team1_home,85,67,18,152,0.9469,0.0531,82,68,,,backtest
2025-11-12,UTEP Miners,Loyola Marymount Lions,team1_home,72,75,-3,147,0.4176,0.5824,58,71,,,backtest
2025-11-12,Boise State Broncos,UT Rio Grande Valley Vaqueros,team1_home,78,73,5,151,0.6377,0.3623,85,65,,,backtest
2025-11-12,Virginia Cavaliers,Hampton Pirates,team1_home,84,66,18,150,0.9643,0.0357,91,53,,,backtest
2025-11-12,Cal State Bakersfield Roadrunners,Western Illinois Leathernecks,team1_home,78,70,8,148,0.7708,0.2292,74,58,,,backtest
2025-11-12,Saint Mary's Gaels,Ohio Bobcats,team1_home,85,68,17,153,0.9395,0.0605,90,60,,,backtest
2025-11-12,Sacramento State Hornets,UC Santa Barbara Gauchos,team1_home,74,81,-7,155,0.2672,0.7328,87,92,,,backtest
2025-11-12,UNLV Rebels,Montana Grizzlies,team1_home,80,75,5,155,0.6535,0.3465,93,102,,,backtest
2025-11-13,Houston Cougars,Oakland Golden Grizzlies,team1_home,83,70,13,153,0.8775,0.1225,78,45,,,backtest
2025-11-13,Tennessee Volunteers,North Florida Ospreys,team1_home,85,69,16,154,0.9229,0.0771,99,66,,,backtest
2025-11-12,Georgetown Hoyas,Binghamton Bearcats,team1_home,81,68,13,149,0.896,0.104,83,70,,,backtest
2025-11-13,Marshall Thundering Herd,Elon Phoenix,team1_home,81,75,6,156,0.7058,0.2942,96,89,,,backtest
2025-11-13,Longwood Lancers,James Madison Dukes,team1_home,77,75,2,152,0.5626,0.4374,82,72,,,backtest
2025-11-13,South Carolina Gamecocks,Presbyterian Blue Hose,team1_home,77,73,4,150,0.6602,0.3398,81,61,,,backtest
2025-11-13,East Tennessee State Buccaneers,Northern Kentucky Norse,team1_home,81,74,7,155,0.7208,0.2792,75,63,,,backtest
2025-11-13,Western Michigan Broncos,Purdue Fort Wayne Mastodons,team1_home,77,76,1,153,0.5266,0.4734,83,71,,,backtest
2025-11-13,South Florida Bulls,Coppin State Eagles,team1_home,89,64,25,153,0.9897,0.0103,100,50,,,backtest
2025-11-13,VCU Rams,Saint Peter's Peacocks,team1_home,81,69,12,150,0.8668,0.1332,78,61,,,backtest
2025-11-13,Indiana Hoosiers,Milwaukee Panthers,team1_home,82,72,10,154,0.8225,0.1775,101,70,,,backtest
2025-11-13,Boston University Terriers,Brown Bears,team1_home,80,69,11,149,0.8437,0.1563,90,77,,,backtest
2025-11-13,Virginia Tech Hokies,Saint Joseph's Hawks,team1_home,78,73,5,151,0.6802,0.3198,94,59,,,backtest
2025-11-13,St. Bonaventure Bonnies,Siena Saints,team1_home,75,75,0,150,0.5002,0.4998,75,66,,,backtest
2025-11-13,George Washington Revolutionaries,American University Eagles,team1_home,81,72,9,153,0.7942,0.2058,107,67,,,backtest
2025-11-13,Canisius Golden Griffins,Mercyhurst Lakers,team1_home,69,74,-5,143,0.3182,0.6818,58,55,,,backtest
2025-11-13,Vanderbilt Commodores,Eastern Kentucky Colonels,team1_home,84,73,11,157,0.8359,0.1641,92,62,,,backtest
2025-11-13,Oral Roberts Golden Eagles,Tulsa Golden Hurricane,team1_home,72,82,-10,154,0.1825,0.8175,87,88,,,backtest
2025-11-13,Missouri Tigers,Minnesota Golden Gophers,team1_home,78,73,5,151,0.6703,0.3297,83,60,,,backtest
2025-11-13,Texas State Bobcats,UTSA Roadrunners,team1_home,83,67,16,150,0.9407,0.0593,80,69,,,backtest
2025-11-13,Marquette Golden Eagles,Little Rock Trojans,team1_home,79,70,9,149,0.8183,0.1817,89,49,,,backtest
2025-11-13,Evansville Purple Aces,Middle Tennessee Blue Raiders,team1_home,70,79,-9,149,0.2177,0.7823,72,77,,,backtest
2025-11-13,Valparaiso Beacons,Nicholls Colonels,team1_home,78,71,7,149,0.7478,0.2522,68,63,,,backtest
2025-11-13,NC State Wolfpack,UNC Greensboro Spartans,team1_home,83,74,9,157,0.7912,0.2088,110,64,,,backtest
2025-11-13,Oklahoma State Cowboys,Prairie View A&M Panthers,team1_home,81,74,7,155,0.7369,0.2631,94,67,,,backtest
2025-11-13,Texas Longhorns,Fairleigh Dickinson Knights,team1_home,83,69,14,152,0.9069,0.0931,93,58,,,backtest
2025-11-13,Bradley Braves,UT Martin Skyhawks,team1_home,76,71,5,147,0.6885,0.3115,67,78,,,backtest
2025-11-13,Texas Southern Tigers,Samford Bulldogs,team1_home,75,79,-4,154,0.3754,0.6246,90,93,,,backtest
2025-11-13,Bryant Bulldogs,Dartmouth Big Green,team1_home,72,76,-4,148,0.3729,0.6271,82,75,,,backtest
2025-11-13,Utah State Aggies,Weber State Wildcats,team1_home,83,72,11,155,0.8252,0.1748,83,73,,,backtest
2025-11-13,Fresno State Bulldogs,UC San Diego Tritons,team1_home,74,75,-1,149,0.4409,0.5591,73,78,,,backtest
2025-11-13,Colorado State Rams,Cal Poly Mustangs,team1_home,84,72,12,156,0.833,0.167,93,79,,,backtest
2025-11-13,San Diego Toreros,Idaho Vandals,team1_home,74,78,-4,152,0.362,0.638,78,74,,,backtest
2025-11-13,Utah Tech Trailblazers,Manhattan Jaspers,neutral,78,74,4,152,0.6552,0.3448,75,79,,,backtest
2025-11-13,Oregon Ducks,South Dakota State Jackrabbits,team1_home,75,76,-1,151,0.4645,0.5355,83,69,,,backtest
2025-11-13,Oregon State Beavers,North Texas Mean Green,team1_home,74,73,1,147,0.5236,0.4764,66,64,,,backtest
2025-11-13,Nevada Wolf Pack,Southern Illinois Salukis,team1_home,78,71,7,149,0.7223,0.2777,86,81,,,backtest
2025-11-13,San Francisco Dons,Portland State Vikings,team1_home,76,74,2,150,0.5779,0.4221,80,70,,,backtest
2025-11-13,Seattle U Redhawks,Eastern Washington Eagles,team1_home,77,73,4,150,0.6114,0.3886,94,67,,,backtest
2025-11-13,Pacific Tigers,Long Beach State Beach,team1_home,80,70,10,150,0.8108,0.1892,69,66,,,backtest
2025-11-13,Stanford Cardinal,Montana State Bobcats,team1_home,78,74,4,152,0.604,0.396,77,68,,,backtest
2025-11-13,Hawai'i Rainbow Warriors,Mississippi Valley State Delta Devils,team1_home,88,61,27,149,0.9962,0.0038,88,56,,,backtest
2025-11-14,Alabama Crimson Tide,Purdue Boilermakers,team1_home,81,79,2,160,0.5936,0.4064,80,87,,,backtest
2025-11-13,Michigan State Spartans,San José State Spartans,team1_home,83,67,16,150,0.9368,0.0632,79,60,,,backtest
2025-11-13,South Alabama Jaguars,Central Michigan Chippewas,neutral,79,71,8,150,0.7562,0.2438,66,64,,,backtest
2025-11-13,Lafayette Leopards,Cornell Big Red,team1_home,75,80,-5,155,0.3282,0.6718,78,97,,,backtest
2025-11-13,West Virginia Mountaineers,Pittsburgh Panthers,team1_home,77,69,8,146,0.7604,0.2396,71,49,,,backtest
2025-11-14,Howard Bison,Alcorn State Braves,team1_home,84,64,20,148,0.9713,0.0287,72,64,,,backtest
2025-11-14,Massachusetts Minutemen,Le Moyne Dolphins,team1_home,79,73,6,152,0.6811,0.3189,94,80,,,backtest
2025-11-14,Seton Hall Pirates,Monmouth Hawks,team1_home,76,70,6,146,0.6979,0.3021,70,58,,,backtest
2025-11-14,Columbia Lions,UMass Lowell River Hawks,team1_home,80,71,9,151,0.7902,0.2098,86,72,,,backtest
2025-11-14,Grambling Tigers,Southern Miss Golden Eagles,team1_home,74,73,1,147,0.5262,0.4738,75,70,,,backtest
2025-11-14,Wichita State Shockers,Loyola Chicago Ramblers,team1_home,84,66,18,150,0.9524,0.0476,95,74,,,backtest
2025-11-14,LSU Tigers,Florida International Panthers,team1_home,81,75,6,156,0.6964,0.3036,98,81,,,backtest
2025-11-14,St. Thomas-Minnesota Tommies,Green Bay Phoenix,team1_home,82,73,9,155,0.7841,0.2159,80,61,,,backtest
2025-11-14,Houston Christian Huskies,UL Monroe Warhawks,team1_home,79,71,8,150,0.7882,0.2118,72,61,,,backtest
2025-11-14,Alabama A&M Bulldogs,Charleston Southern Buccaneers,team1_home,77,77,0,154,0.5047,0.4953,68,64,,,backtest
2025-11-14,Kansas State Wildcats,California Golden Bears,team1_home,76,78,-2,154,0.4255,0.5745,99,96,,,backtest
2025-11-15,Duke Blue Devils,Indiana State Sycamores,team1_home,87,64,23,151,0.9837,0.0163,100,62,,,backtest
2025-11-15,UCLA Bruins,Arizona Wildcats,neutral,73,81,-8,154,0.2298,0.7702,65,69,,,backtest
2025-11-15,TCU Horned Frogs,Michigan Wolverines,team1_home,74,81,-7,155,0.2835,0.7165,63,67,,,backtest
2025-11-15,Kentucky Wildcats,Eastern Illinois Panthers,team1_home,84,65,19,149,0.966,0.034,99,53,,,backtest
2025-11-15,Texas Tech Red Raiders,Milwaukee Panthers,team1_home,83,72,11,155,0.8425,0.1575,80,63,,,backtest
2025-11-15,Illinois Fighting Illini,Colgate Raiders,team1_home,82,71,11,153,0.8482,0.1518,84,65,,,backtest
2025-11-15,North Carolina Tar Heels,North Carolina Central Eagles,team1_home,85,66,19,151,0.9616,0.0384,97,53,,,backtest
2025-11-15,Arizona State Sun Devils,Gonzaga Bulldogs,team1_home,70,83,-13,153,0.1235,0.8765,65,77,,,backtest
2025-11-15,Arkansas Razorbacks,Samford Bulldogs,team1_home,83,75,8,158,0.735,0.265,79,75,,,backtest
2025-11-15,Creighton Bluejays,Maryland Eastern Shore Hawks,team1_home,80,66,14,146,0.9167,0.0833,84,45,,,backtest
2025-11-14,Coppin State Eagles,Central Michigan Chippewas,neutral,69,80,-11,149,0.1642,0.8358,59,82,,,backtest
2025-11-14,Rutgers Scarlet Knights,Lehigh Mountain Hawks,team1_home,75,74,1,149,0.5344,0.4656,84,72,,,backtest
2025-11-14,Eastern Michigan Eagles,IU Indianapolis Jaguars,team1_home,79,75,4,154,0.664,0.336,83,90,,,backtest
2025-11-15,McNeese Cowboys,Louisiana Ragin' Cajuns,team1_home,83,64,19,147,0.9683,0.0317,88,62,,,backtest
2025-11-15,Jacksonville State Gamecocks,Coastal Carolina Chanticleers,team1_home,76,72,4,148,0.6367,0.3633,74,67,,,backtest
2025-11-15,Towson Tigers,Norfolk State Spartans,team1_home,76,70,6,146,0.6985,0.3015,51,41,,,backtest
2025-11-15,Charleston Cougars,South Carolina State Bulldogs,team1_home,83,67,16,150,0.9325,0.0675,88,61,,,backtest
2025-11-15,West Georgia Wolves,The Citadel Bulldogs,team1_home,80,72,8,152,0.7733,0.2267,100,92,,,backtest
2025-11-15,Fairfield Stags,Stonehill Skyhawks,team1_home,78,67,11,145,0.8592,0.1408,73,71,,,backtest
2025-11-15,Iona Gaels,Fordham Rams,team1_home,75,72,3,147,0.6026,0.3974,76,71,,,backtest
2025-11-15,Northern Iowa Panthers,Furman Paladins,team1_home,77,70,7,147,0.7285,0.2715,70,54,,,backtest
2025-11-15,Rhode Island Rams,UAlbany Great Danes,team1_home,78,70,8,148,0.7687,0.2313,80,61,,,backtest
2025-11-15,Bucknell Bison,Hofstra Pride,team1_home,68,80,-12,148,0.1373,0.8627,77,83,,,backtest
2025-11-15,Drake Bulldogs,SIU Edwardsville Cougars,team1_home,75,73,2,148,0.5539,0.4461,59,61,,,backtest
2025-11-15,UAB Blazers,High Point Panthers,team1_home,74,81,-7,155,0.2781,0.7219,91,74,,,backtest
2025-11-15,Ole Miss Rebels,Cal State Bakersfield Roadrunners,team1_home,83,70,13,153,0.8818,0.1182,82,60,,,backtest
2025-11-15,USC Trojans,Illinois State Redbirds,neutral,74,78,-4,152,0.3509,0.6491,87,67,,,backtest
2025-11-15,Tulane Green Wave,New Orleans Privateers,team1_home,77,74,3,151,0.6098,0.3902,63,85,,,backtest
2025-11-15,Rice Owls,East Texas A&M Lions,team1_home,78,71,7,149,0.7541,0.2459,71,64,,,backtest
2025-11-15,Texas A&M Aggies,UCF Knights,team1_home,83,77,6,160,0.7018,0.2982,74,86,,,backtest
2025-11-15,Iowa Hawkeyes,Xavier Musketeers,team1_home,83,70,13,153,0.8747,0.1253,81,62,,,backtest
2025-11-15,Brown Bears,Hampton Pirates,team1_home,73,72,1,145,0.5463,0.4537,63,72,,,backtest
2025-11-15,DePaul Blue Demons,Northwestern Wildcats,team1_home,74,74,0,148,0.509,0.491,79,81,,,backtest
2025-11-15,Montana Grizzlies,Cal Poly Mustangs,team1_home,80,75,5,155,0.673,0.327,90,82,,,backtest
2025-11-15,Georgia Bulldogs,Georgia Tech Yellow Jackets,team1_home,86,71,15,157,0.9176,0.0824,92,87,,,backtest
2025-11-15,UC Davis Aggies,Sacramento State Hornets,team1_home,81,72,9,153,0.784,0.216,77,73,,,backtest
2025-11-15,Stephen F. Austin Lumberjacks,Abilene Christian Wildcats,team1_home,82,65,17,147,0.9406,0.0594,76,66,,,backtest
2025-11-15,Colorado Buffaloes,Providence Friars,team1_home,81,80,1,161,0.5369,0.4631,97,88,,,backtest
2025-11-15,Baylor Bears,Tarleton State Texans,team1_home,82,71,11,153,0.8358,0.1642,94,81,,,backtest
2025-11-15,Mississippi Valley State Delta Devils,Utah Tech Trailblazers,neutral,66,84,-18,150,0.0427,0.9573,75,81,,,backtest
2025-11-15,Saint Mary's Gaels,North Texas Mean Green,team1_home,81,66,15,147,0.9219,0.0781,80,49,,,backtest
2025-11-15,Loyola Marymount Lions,Troy Trojans,team1_home,75,77,-2,152,0.433,0.567,74,63,,,backtest
2025-11-15,California Baptist Lancers,Western Illinois Leathernecks,team1_home,83,62,21,145,0.9826,0.0174,69,59,,,backtest
2025-11-15,Washington State Cougars,Washington Huskies,team1_home,76,77,-1,153,0.4824,0.5176,69,81,,,backtest
2025-11-15,Hawai'i Rainbow Warriors,Manhattan Jaspers,team1_home,83,68,15,151,0.9055,0.0945,86,56,,,backtest
2025-11-16,UConn Huskies,BYU Cougars,neutral,79,75,4,154,0.6079,0.3921,86,84,,,backtest
2025-11-15,Louisville Cardinals,Ohio Bobcats,team1_home,85,70,15,155,0.9072,0.0928,106,81,,,backtest
2025-11-15,St. John's Red Storm,William & Mary Tribe,team1_home,82,73,9,155,0.7759,0.2241,93,60,,,backtest
2025-11-15,Kansas Jayhawks,Princeton Tigers,team1_home,80,68,12,148,0.8805,0.1195,76,57,,,backtest
2025-11-15,Coppin State Eagles,South Alabama Jaguars,neutral,65,83,-18,148,0.042,0.958,62,72,,,backtest
2025-11-15,Virginia Cavaliers,Marshall Thundering Herd,team1_home,83,72,11,155,0.844,0.156,104,78,,,backtest
2025-11-15,Georgetown Hoyas,Clemson Tigers,team1_home,73,76,-3,149,0.3758,0.6242,79,74,,,backtest
2025-11-15,Texas Longhorns,Kansas City Roos,team1_home,86,66,20,152,0.975,0.025,71,55,,,backtest
2025-11-15,New Haven Chargers,Delaware State Hornets,team1_home,75,65,10,140,0.8387,0.1613,65,52,,,backtest
2025-11-15,Northeastern Huskies,Vermont Catamounts,team1_home,73,79,-6,152,0.3056,0.6944,74,85,,,backtest
2025-11-15,Boston University Terriers,Merrimack Warriors,team1_home,76,73,3,149,0.5999,0.4001,79,91,,,backtest
2025-11-15,Toledo Rockets,Detroit Mercy Titans,team1_home,82,74,8,156,0.7459,0.2541,90,83,,,backtest
2025-11-15,VMI Keydets,Jacksonville Dolphins,team1_home,73,78,-5,151,0.3098,0.6902,67,69,,,backtest
2025-11-15,Florida Gulf Coast Eagles,Chattanooga Mocs,team1_home,79,75,4,154,0.664,0.336,91,73,,,backtest
2025-11-15,Cleveland State Vikings,Kent State Golden Flashes,neutral,77,83,-6,160,0.2966,0.7034,95,102,,,backtest
2025-11-15,La Salle Explorers,Penn State Nittany Lions,neutral,73,78,-5,151,0.338,0.662,69,83,,,backtest
2025-11-15,Yale Bulldogs,Stony Brook Seawolves,team1_home,83,69,14,152,0.9056,0.0944,86,79,,,backtest
2025-11-15,UNC Greensboro Spartans,Austin Peay Governors,team1_home,75,80,-5,155,0.3512,0.6488,63,69,,,backtest
2025-11-15,Denver Pioneers,UTSA Roadrunners,team1_home,84,71,13,155,0.8878,0.1122,79,84,,,backtest
2025-11-15,George Mason Patriots,New Hampshire Wildcats,team1_home,83,65,18,148,0.9614,0.0386,61,44,,,backtest
2025-11-15,Winthrop Eagles,Mercer Bears,team1_home,80,77,3,157,0.5995,0.4005,105,69,,,backtest
2025-11-15,Bellarmine Knights,Wofford Terriers,team1_home,80,77,3,157,0.5872,0.4128,86,94,,,backtest
2025-11-15,Marquette Golden Eagles,Maryland Terrapins,team1_home,79,71,8,150,0.7706,0.2294,82,89,,,backtest
2025-11-15,Chicago State Cougars,UIC Flames,team1_home,69,79,-10,148,0.1964,0.8036,63,67,,,backtest
2025-11-15,Air Force Falcons,Miami (OH) RedHawks,team1_home,65,85,-20,150,0.0299,0.9701,61,76,,,backtest
2025-11-15,Stonehill Skyhawks,Loyola Maryland Greyhounds,neutral,72,75,-3,147,0.3884,0.6116,63,74,,,backtest
2025-11-15,SMU Mustangs,Butler Bulldogs,team1_home,83,75,8,158,0.7619,0.2381,87,85,,,backtest
2025-11-15,Temple Owls,Boston College Eagles,team1_home,78,69,9,147,0.7998,0.2002,71,76,,,backtest
2025-11-15,Army Black Knights,Harvard Crimson,team1_home,71,77,-6,148,0.2862,0.7138,52,75,,,backtest
2025-11-15,Southeast Missouri State Redhawks,St. Thomas-Minnesota Tommies,team1_home,73,79,-6,152,0.2928,0.7072,72,84,,,backtest
2025-11-15,Vanderbilt Commodores,Arkansas-Pine Bluff Golden Lions,team1_home,86,70,16,156,0.9271,0.0729,104,75,,,backtest
2025-11-15,North Alabama Lions,East Tennessee State Buccaneers,team1_home,70,81,-11,151,0.1596,0.8404,74,78,,,backtest
2025-11-15,Longwood Lancers,Binghamton Bearcats,team1_home,81,69,12,150,0.8692,0.1308,90,82,,,backtest
2025-11-15,Mississippi State Bulldogs,SE Louisiana Lions,team1_home,78,71,7,149,0.7335,0.2665,75,68,,,backtest
2025-11-15,Radford Highlanders,Wright State Raiders,neutral,76,81,-5,157,0.339,0.661,59,92,,,backtest
2025-11-15,Syracuse Orange,Drexel Dragons,neutral,74,73,1,147,0.5517,0.4483,80,50,,,backtest
2025-11-15,Utah State Aggies,UTEP Miners,team1_home,85,66,19,151,0.9651,0.0349,75,51,,,backtest
2025-11-15,Boise State Broncos,Montana State Bobcats,team1_home,79,74,5,153,0.6601,0.3399,62,58,,,backtest
2025-11-15,UC San Diego Tritons,Idaho Vandals,team1_home,77,74,3,151,0.6075,0.3925,75,67,,,backtest
2025-11-15,St. Bonaventure Bonnies,Youngstown State Penguins,team1_home,79,75,4,154,0.6418,0.3582,84,80,,,backtest
2025-11-15,Mercyhurst Lakers,Morgan State Bears,team1_home,79,69,10,148,0.818,0.182,86,72,,,backtest
2025-11-15,NJIT Highlanders,Fairleigh Dickinson Knights,team1_home,74,71,3,145,0.5961,0.4039,93,81,,,backtest
2025-11-15,Texas State Bobcats,Texas Southern Tigers,team1_home,79,71,8,150,0.7511,0.2489,77,67,,,backtest
2025-11-15,UC Riverside Highlanders,North Dakota Fighting Hawks,team1_home,76,76,0,152,0.4925,0.5075,74,76,,,backtest
2025-11-15,Cal State Fullerton Titans,Pacific Tigers,team1_home,76,76,0,152,0.5142,0.4858,73,85,,,backtest
2025-11-15,Murray State Racers,Nicholls Colonels,team1_home,83,71,12,154,0.8482,0.1518,99,79,,,backtest
2025-11-15,Davidson Wildcats,Bowling Green Falcons,team1_home,75,73,2,148,0.5652,0.4348,91,87,,,backtest
2025-11-15,UT Arlington Mavericks,Missouri State Bears,team1_home,74,72,2,146,0.5678,0.4322,67,49,,,backtest
2025-11-15,George Washington Revolutionaries,Old Dominion Monarchs,team1_home,84,72,12,156,0.8409,0.1591,96,73,,,backtest
2025-11-16,Louisiana Tech Bulldogs,Jackson State Tigers,team1_home,80,68,12,148,0.8807,0.1193,68,51,,,backtest
2025-11-16,Nebraska Cornhuskers,Oklahoma Sooners,neutral,80,75,5,155,0.6761,0.3239,105,99,,,backtest
2025-11-16,Santa Clara Broncos,Nevada Wolf Pack,team1_home,80,74,6,154,0.6854,0.3146,98,83,,,backtest
2025-11-16,UNC Wilmington Seahawks,South Carolina Upstate Spartans,team1_home,83,67,16,150,0.9331,0.0669,73,60,,,backtest
2025-11-16,Ball State Cardinals,Little Rock Trojans,team1_home,75,71,4,146,0.6487,0.3513,62,68,,,backtest
2025-11-16,Long Island University Sharks,James Madison Dukes,team1_home,78,73,5,151,0.676,0.324,88,79,,,backtest
2025-11-16,Dayton Flyers,Bethune-Cookman Wildcats,team1_home,80,70,10,150,0.8139,0.1861,91,82,,,backtest
2025-11-16,Elon Phoenix,Gardner-Webb Runnin' Bulldogs,team1_home,86,66,20,152,0.9729,0.0271,95,84,,,backtest
2025-11-16,Omaha Mavericks,Southern Utah Thunderbirds,team1_home,80,72,8,152,0.7538,0.2462,90,85,,,backtest
2025-11-16,Saint Louis Billikens,Grand Canyon Lopes,team1_home,82,71,11,153,0.8306,0.1694,78,64,,,backtest
2025-11-16,Villanova Wildcats,Duquesne Dukes,team1_home,81,72,9,153,0.786,0.214,87,77,,,backtest
2025-11-16,Oral Roberts Golden Eagles,Belmont Bruins,team1_home,72,82,-10,154,0.167,0.833,60,83,,,backtest
2025-11-16,Minnesota Golden Gophers,Green Bay Phoenix,team1_home,78,73,5,151,0.6833,0.3167,72,65,,,backtest
2025-11-16,Pepperdine Waves,Northern Colorado Bears,team1_home,72,81,-9,153,0.2175,0.7825,81,88,,,backtest
2025-11-16,Wyoming Cowboys,Portland Pilots,team1_home,82,70,12,152,0.8636,0.1364,93,56,,,backtest
2025-11-16,New Mexico State Aggies,New Mexico Lobos,team1_home,74,78,-4,152,0.3522,0.6478,76,68,,,backtest
2025-11-16,Utah Utes,Sam Houston Bearkats,team1_home,75,81,-6,156,0.3113,0.6887,85,79,,,backtest
2025-11-16,Manhattan Jaspers,Mississippi Valley State Delta Devils,neutral,81,68,13,149,0.8971,0.1029,80,73,,,backtest
2025-11-16,Fresno State Bulldogs,Utah Valley Wolverines,team1_home,73,77,-4,150,0.346,0.654,75,74,,,backtest
2025-11-16,UC Irvine Anteaters,Weber State Wildcats,team1_home,78,73,5,151,0.6664,0.3336,79,70,,,backtest
2025-11-16,San Francisco Dons,Bradley Braves,team1_home,77,75,2,152,0.5422,0.4578,75,64,,,backtest
2025-11-16,Seattle U Redhawks,Idaho State Bengals,team1_home,76,72,4,148,0.6504,0.3496,83,74,,,backtest
2025-11-16,Hawai'i Rainbow Warriors,Utah Tech Trailblazers,team1_home,80,71,9,151,0.8045,0.1955,68,62,,,backtest
2025-11-16,Auburn Tigers,Houston Cougars,neutral,73,81,-8,154,0.2682,0.7318,72,73,,,backtest
2025-11-17,Purdue Boilermakers,Akron Zips,team1_home,80,78,2,158,0.5948,0.4052,97,79,,,backtest
2025-11-17,Florida Gators,Miami Hurricanes,neutral,80,76,4,156,0.6245,0.3755,82,68,,,backtest
2025-11-16,Dartmouth Big Green,App State Mountaineers,team1_home,73,76,-3,149,0.3969,0.6031,77,85,,,backtest
2025-11-16,UMBC Retrievers,Wagner Seahawks,team1_home,81,68,13,149,0.8722,0.1278,71,70,,,backtest
2025-11-16,Kent State Golden Flashes,Wright State Raiders,neutral,78,80,-2,158,0.4138,0.5862,76,72,,,backtest
2025-11-16,Ohio State Buckeyes,Notre Dame Fighting Irish,team1_home,82,72,10,154,0.8177,0.1823,64,63,,,backtest
2025-11-16,Western Carolina Catamounts,Stetson Hatters,team1_home,81,73,8,154,0.7633,0.2367,76,65,,,backtest
2025-11-16,Valparaiso Beacons,Bryant Bulldogs,team1_home,80,66,14,146,0.9124,0.0876,68,50,,,backtest
2025-11-16,Hampton Pirates,Holy Cross Crusaders,neutral,74,72,2,146,0.5605,0.4395,61,67,,,backtest
2025-11-16,Kennesaw State Owls,South Florida Bulls,team1_home,77,81,-4,158,0.3561,0.6439,89,108,,,backtest
2025-11-16,Central Arkansas Bears,Samford Bulldogs,team1_home,80,75,5,155,0.6645,0.3355,77,84,,,backtest
2025-11-16,Maine Black Bears,Quinnipiac Bobcats,team1_home,70,74,-4,144,0.34,0.66,64,70,,,backtest
2025-11-16,Fairfield Stags,Loyola Maryland Greyhounds,team1_home,80,71,9,151,0.7723,0.2277,85,82,,,backtest
2025-11-16,Wake Forest Demon Deacons,UMass Lowell River Hawks,team1_home,81,72,9,153,0.7788,0.2212,109,75,,,backtest
2025-11-16,Virginia Tech Hokies,Charlotte 49ers,team1_home,80,74,6,154,0.7031,0.2969,84,76,,,backtest
2025-11-16,Oklahoma State Cowboys,Texas A&M-Corpus Christi Islanders,team1_home,79,73,6,152,0.6745,0.3255,85,69,,,backtest
2025-11-16,Massachusetts Minutemen,Central Connecticut Blue Devils,team1_home,79,74,5,153,0.6756,0.3244,84,77,,,backtest
2025-11-16,South Dakota Coyotes,Western Michigan Broncos,team1_home,80,75,5,155,0.6735,0.3265,83,78,,,backtest
2025-11-16,Cleveland State Vikings,Radford Highlanders,neutral,76,83,-7,159,0.2969,0.7031,87,82,,,backtest
2025-11-16,Western Kentucky Hilltoppers,Tennessee State Tigers,team1_home,76,76,0,152,0.5057,0.4943,95,82,,,backtest
2025-11-16,Sacramento State Hornets,Presbyterian Blue Hose,team1_home,75,76,-1,151,0.4861,0.5139,64,62,,,backtest
2025-11-16,Loyola Chicago Ramblers,Colorado State Rams,team1_home,71,79,-8,150,0.2386,0.7614,67,80,,,backtest
2025-11-16,Marist Red Foxes,Harvard Crimson,team1_home,74,70,4,144,0.6331,0.3669,54,56,,,backtest
2025-11-16,Memphis Tigers,UNLV Rebels,team1_home,77,77,0,154,0.4984,0.5016,78,92,,,backtest
2025-11-16,Indiana Hoosiers,Incarnate Word Cardinals,team1_home,82,70,12,152,0.8674,0.1326,69,61,,,backtest
2025-11-16,Cincinnati Bearcats,Mount St. Mary's Mountaineers,team1_home,78,68,10,146,0.8217,0.1783,72,55,,,backtest
2025-11-17,Long Beach State Beach,Illinois State Redbirds,team1_home,72,78,-6,150,0.3052,0.6948,80,82,,,backtest
2025-11-17,Cal State Northridge Matadors,Troy Trojans,team1_home,76,78,-2,154,0.4332,0.5668,94,85,,,backtest
2025-11-18,Gonzaga Bulldogs,Southern Utah Thunderbirds,team1_home,88,64,24,152,0.9869,0.0131,122,50,,,backtest
2025-11-18,Iowa State Cyclones,Stonehill Skyhawks,team1_home,85,61,24,146,0.99,0.01,96,57,,,backtest
2025-11-18,Tennessee Volunteers,Rice Owls,team1_home,84,68,16,152,0.9266,0.0734,91,66,,,backtest
2025-11-18,Wisconsin Badgers,SIU Edwardsville Cougars,team1_home,81,70,11,151,0.8423,0.1577,94,69,,,backtest
2025-11-18,NC State Wolfpack,VCU Rams,team1_home,79,78,1,157,0.5315,0.4685,85,79,,,backtest
2025-11-17,Georgia Bulldogs,Florida A&M Rattlers,team1_home,86,69,17,155,0.9454,0.0546,87,57,,,backtest
2025-11-18,Charleston Cougars,Drake Bulldogs,team1_home,79,73,6,152,0.684,0.316,62,71,,,backtest
2025-11-18,Tennessee Tech Golden Eagles,West Georgia Wolves,team1_home,77,75,2,152,0.5725,0.4275,59,61,,,backtest
2025-11-18,UCF Knights,Oakland Golden Grizzlies,team1_home,83,77,6,160,0.688,0.312,87,83,,,backtest
2025-11-18,Siena Saints,Colgate Raiders,team1_home,78,71,7,149,0.7255,0.2745,69,72,,,backtest
2025-11-18,West Virginia Mountaineers,Lafayette Leopards,team1_home,79,67,12,146,0.8671,0.1329,81,59,,,backtest
2025-11-18,Le Moyne Dolphins,Niagara Purple Eagles,team1_home,78,68,10,146,0.8202,0.1798,74,68,,,backtest
2025-11-18,High Point Panthers,Canisius Golden Griffins,team1_home,86,63,23,149,0.9875,0.0125,93,50,,,backtest
2025-11-18,Pennsylvania Quakers,Saint Joseph's Hawks,team1_home,76,73,3,149,0.6063,0.3937,83,74,,,backtest
2025-11-18,Pittsburgh Panthers,Bucknell Bison,team1_home,79,69,10,148,0.8265,0.1735,84,50,,,backtest
2025-11-18,UL Monroe Warhawks,Lamar Cardinals,team1_home,72,78,-6,150,0.2967,0.7033,66,79,,,backtest
2025-11-18,North Dakota State Bison,Southern Illinois Salukis,team1_home,79,70,9,149,0.7873,0.2127,92,85,,,backtest
2025-11-18,Missouri Tigers,Prairie View A&M Panthers,team1_home,82,72,10,154,0.8118,0.1882,91,73,,,backtest
2025-11-18,Kansas State Wildcats,Tulsa Golden Hurricane,team1_home,75,82,-7,157,0.2842,0.7158,84,83,,,backtest
2025-11-18,UC Santa Barbara Gauchos,Loyola Marymount Lions,team1_home,80,72,8,152,0.7634,0.2366,74,78,,,backtest
2025-11-18,Colorado Buffaloes,Alabama State Hornets,team1_home,82,71,11,153,0.8185,0.1815,94,66,,,backtest
2025-11-18,Arizona State Sun Devils,Georgia State Panthers,team1_home,79,71,8,150,0.7798,0.2202,75,62,,,backtest
2025-11-18,Clemson Tigers,North Alabama Lions,team1_home,83,65,18,148,0.9679,0.0321,81,61,,,backtest
2025-11-18,Oregon Ducks,Oregon State Beavers,team1_home,76,74,2,150,0.5701,0.4299,87,75,,,backtest
2025-11-18,Portland State Vikings,Cal State Bakersfield Roadrunners,team1_home,82,68,14,150,0.9109,0.0891,93,80,,,backtest
2025-11-19,Duke Blue Devils,Kansas Jayhawks,neutral,81,69,12,150,0.8617,0.1383,78,66,,,backtest
2025-11-18,Kentucky Wildcats,Michigan State Spartans,neutral,75,78,-3,153,0.3971,0.6029,66,83,,,backtest
2025-11-19,North Carolina Tar Heels,Navy Midshipmen,team1_home,76,74,2,150,0.5891,0.4109,73,61,,,backtest
2025-11-19,UCLA Bruins,Sacramento State Hornets,team1_home,84,70,14,154,0.9098,0.0902,79,48,,,backtest
2025-11-19,Arkansas Razorbacks,Winthrop Eagles,team1_home,83,76,7,159,0.721,0.279,84,83,,,backtest
2025-11-18,Rutgers Scarlet Knights,American University Eagles,team1_home,75,75,0,150,0.4769,0.5231,80,71,,,backtest
2025-11-18,Buffalo Bulls,Vermont Catamounts,team1_home,77,75,2,152,0.5459,0.4541,94,90,,,backtest
2025-11-19,Delaware Blue Hens,Saint Peter's Peacocks,team1_home,72,74,-2,146,0.43,0.57,81,70,,,backtest
2025-11-19,Drexel Dragons,NJIT Highlanders,team1_home,77,67,10,144,0.8035,0.1965,75,43,,,backtest
2025-11-19,James Madison Dukes,Towson Tigers,team1_home,76,72,4,148,0.6382,0.3618,81,75,,,backtest
2025-11-19,Seton Hall Pirates,New Haven Chargers,team1_home,78,64,14,142,0.9064,0.0936,68,45,,,backtest
2025-11-19,Providence Friars,New Hampshire Wildcats,team1_home,85,69,16,154,0.9343,0.0657,98,66,,,backtest
2025-11-19,Florida State Seminoles,UT Martin Skyhawks,team1_home,77,71,6,148,0.6878,0.3122,87,73,,,backtest
2025-11-19,South Carolina Gamecocks,Radford Highlanders,team1_home,78,76,2,154,0.5623,0.4377,87,58,,,backtest
2025-11-19,Iona Gaels,Princeton Tigers,team1_home,78,70,8,148,0.7396,0.2604,89,69,,,backtest
2025-11-19,Xavier Musketeers,Old Dominion Monarchs,team1_home,80,75,5,155,0.662,0.338,99,69,,,backtest
2025-11-19,Detroit Mercy Titans,Eastern Michigan Eagles,team1_home,78,73,5,151,0.6779,0.3221,62,72,,,backtest
2025-11-19,George Mason Patriots,Jacksonville Dolphins,team1_home,81,69,12,150,0.8703,0.1297,79,57,,,backtest
2025-11-19,Longwood Lancers,Maryland Eastern Shore Hawks,team1_home,80,67,13,147,0.8937,0.1063,82,83,,,backtest
2025-11-19,Kent State Golden Flashes,Eastern Kentucky Colonels,team1_home,84,75,9,159,0.7754,0.2246,93,78,,,backtest
2025-11-19,Charleston Southern Buccaneers,IU Indianapolis Jaguars,team1_home,83,74,9,157,0.7803,0.2197,103,91,,,backtest
2025-11-19,UNC Wilmington Seahawks,East Carolina Pirates,team1_home,83,67,16,150,0.9309,0.0691,85,60,,,backtest
2025-11-19,Columbia Lions,Boston University Terriers,team1_home,78,75,3,153,0.5876,0.4124,54,49,,,backtest
2025-11-19,Boston College Eagles,Hampton Pirates,team1_home,74,71,3,145,0.6316,0.3684,63,52,,,backtest
2025-11-19,Brown Bears,Holy Cross Crusaders,team1_home,75,72,3,147,0.6084,0.3916,68,49,,,backtest
2025-11-19,Lehigh Mountain Hawks,Saint Francis Red Flash,team1_home,81,70,11,151,0.8535,0.1465,79,62,,,backtest
2025-11-19,Georgia Tech Yellow Jackets,Georgia Southern Eagles,team1_home,76,78,-2,154,0.4354,0.5646,68,66,,,backtest
2025-11-19,Morgan State Bears,North Carolina A&T Aggies,team1_home,75,77,-2,152,0.4415,0.5585,73,79,,,backtest
2025-11-19,LSU Tigers,Alcorn State Braves,team1_home,85,68,17,153,0.9489,0.0511,107,81,,,backtest
2025-11-19,Ole Miss Rebels,Austin Peay Governors,team1_home,76,77,-1,153,0.4524,0.5476,72,65,,,backtest
2025-11-19,Texas A&M Aggies,Montana Grizzlies,team1_home,85,73,12,158,0.8317,0.1683,86,81,,,backtest
2025-11-19,DePaul Blue Demons,Gardner-Webb Runnin' Bulldogs,team1_home,83,64,19,147,0.9733,0.0267,93,62,,,backtest
2025-11-19,Murray State Racers,Little Rock Trojans,team1_home,84,69,15,153,0.9068,0.0932,89,68,,,backtest
2025-11-19,Evansville Purple Aces,UT Arlington Mavericks,team1_home,69,76,-7,145,0.269,0.731,76,84,,,backtest
2025-11-19,Texas State Bobcats,Abilene Christian Wildcats,team1_home,78,69,9,147,0.7879,0.2121,63,49,,,backtest
2025-11-19,Minnesota Golden Gophers,Chicago State Cougars,team1_home,81,66,15,147,0.9254,0.0746,66,54,,,backtest
2025-11-19,Northern Iowa Panthers,Northern Illinois Huskies,team1_home,82,63,19,145,0.9742,0.0258,70,57,,,backtest
2025-11-19,SMU Mustangs,Arkansas-Pine Bluff Golden Lions,team1_home,85,71,14,156,0.8934,0.1066,106,60,,,backtest
2025-11-19,Yale Bulldogs,Rhode Island Rams,team1_home,81,69,12,150,0.8543,0.1457,77,86,,,backtest
2025-11-19,Cornell Big Red,Army Black Knights,team1_home,83,73,10,156,0.8293,0.1707,86,73,,,backtest
2025-11-19,Iowa Hawkeyes,Southeast Missouri State Redhawks,team1_home,81,68,13,149,0.8931,0.1069,99,70,,,backtest
2025-11-19,Fresno State Bulldogs,Stephen F. Austin Lumberjacks,team1_home,71,77,-6,148,0.3094,0.6906,80,78,,,backtest
2025-11-19,San Diego Toreros,Grambling Tigers,team1_home,75,73,2,148,0.5758,0.4242,78,68,,,backtest
2025-11-19,Boise State Broncos,Wichita State Shockers,team1_home,77,76,1,153,0.5302,0.4698,62,59,,,backtest
2025-11-19,Utah Utes,Purdue Fort Wayne Mastodons,team1_home,78,76,2,154,0.5993,0.4007,85,77,,,backtest
2025-11-19,Syracuse Orange,Monmouth Hawks,team1_home,76,73,3,149,0.5853,0.4147,78,73,,,backtest
2025-11-19,Texas Longhorns,Rider Broncs,team1_home,84,66,18,150,0.9657,0.0343,99,65,,,backtest
2025-11-19,Pepperdine Waves,New Orleans Privateers,team1_home,74,77,-3,151,0.4071,0.5929,90,79,,,backtest
2025-11-19,Washington Huskies,Southern Jaguars,team1_home,81,72,9,153,0.7963,0.2037,99,93,,,backtest
2025-11-19,San Francisco Dons,Northwestern State Demons,team1_home,80,69,11,149,0.8485,0.1515,84,64,,,backtest
2025-11-19,Nevada Wolf Pack,UC Davis Aggies,team1_home,80,72,8,152,0.7478,0.2522,71,75,,,backtest
2025-11-19,San Diego State Aztecs,Troy Trojans,team1_home,78,74,4,152,0.6328,0.3672,107,108,,,backtest
2025-11-19,Santa Clara Broncos,Idaho State Bengals,team1_home,83,72,11,155,0.8286,0.1714,64,55,,,backtest
2025-11-19,California Baptist Lancers,UC Riverside Highlanders,team1_home,81,67,14,148,0.9033,0.0967,80,57,,,backtest
2025-11-19,Stanford Cardinal,Louisiana Ragin' Cajuns,team1_home,80,67,13,147,0.8913,0.1087,93,66,,,backtest
2025-11-19,California Golden Bears,Presbyterian Blue Hose,team1_home,79,71,8,150,0.7877,0.2123,67,57,,,backtest
2025-11-20,UConn Huskies,Arizona Wildcats,team1_home,76,77,-1,153,0.4567,0.5433,67,71,,,backtest
2025-11-19,Michigan Wolverines,Middle Tennessee Blue Raiders,team1_home,85,68,17,153,0.9356,0.0644,86,61,,,backtest
2025-11-20,Illinois Fighting Illini,Alabama Crimson Tide,neutral,81,80,1,161,0.5349,0.4651,86,90,,,backtest
2025-11-20,Auburn Tigers,Jackson State Tigers,team1_home,85,70,15,155,0.9194,0.0806,112,66,,,backtest
2025-11-19,Air Force Falcons,Alabama State Hornets,team1_home,69,78,-9,147,0.2098,0.7902,66,64,,,backtest
2025-11-19,Penn State Nittany Lions,Harvard Crimson,team1_home,74,77,-3,151,0.3859,0.6141,84,80,,,backtest
2025-11-20,South Carolina State Bulldogs,Chattanooga Mocs,team1_home,72,79,-7,151,0.2566,0.7434,66,78,,,backtest
2025-11-20,Jacksonville State Gamecocks,South Alabama Jaguars,team1_home,74,74,0,148,0.4811,0.5189,65,71,,,backtest
2025-11-20,Ohio Bobcats,Bethune-Cookman Wildcats,team1_home,78,75,3,153,0.5996,0.4004,73,76,,,backtest
2025-11-20,Indiana State Sycamores,Louisiana Tech Bulldogs,team1_home,74,73,1,147,0.525,0.475,60,51,,,backtest
2025-11-20,Temple Owls,Hofstra Pride,team1_home,74,75,-1,149,0.454,0.546,81,76,,,backtest
2025-11-20,South Carolina Upstate Spartans,Tennessee Tech Golden Eagles,team1_home,75,73,2,148,0.5647,0.4353,84,88,,,backtest
2025-11-20,Stetson Hatters,Howard Bison,team1_home,71,79,-8,150,0.2276,0.7724,64,60,,,backtest
2025-11-20,Wofford Terriers,North Florida Ospreys,team1_home,83,74,9,157,0.7936,0.2064,86,78,,,backtest
2025-11-20,Bowling Green Falcons,William & Mary Tribe,team1_home,78,75,3,153,0.5903,0.4097,74,82,,,backtest
2025-11-20,Samford Bulldogs,Florida Gulf Coast Eagles,team1_home,79,75,4,154,0.6352,0.3648,62,77,,,backtest
2025-11-20,Toledo Rockets,Youngstown State Penguins,team1_home,80,75,5,155,0.6801,0.3199,92,75,,,backtest
2025-11-20,Cleveland State Vikings,Valparaiso Beacons,team1_home,76,79,-3,155,0.3725,0.6275,75,90,,,backtest
2025-11-20,La Salle Explorers,Villanova Wildcats,team1_home,69,80,-11,149,0.1549,0.8451,55,70,,,backtest
2025-11-20,Virginia Tech Hokies,Bryant Bulldogs,team1_home,83,66,17,149,0.9539,0.0461,78,61,,,backtest
2025-11-20,Notre Dame Fighting Irish,Bellarmine Knights,team1_home,80,77,3,157,0.5979,0.4021,86,79,,,backtest
2025-11-20,Richmond Spiders,VMI Keydets,team1_home,84,68,16,152,0.9278,0.0722,87,54,,,backtest
2025-11-20,George Washington Revolutionaries,UMBC Retrievers,team1_home,78,75,3,153,0.5778,0.4222,89,52,,,backtest
2025-11-20,Duquesne Dukes,Loyola Maryland Greyhounds,team1_home,80,73,7,153,0.7413,0.2587,92,78,,,backtest
2025-11-20,Maryland Terrapins,Mount St. Mary's Mountaineers,team1_home,74,73,1,147,0.5456,0.4544,95,90,,,backtest
2025-11-20,Sam Houston Bearkats,Wyoming Cowboys,team1_home,79,75,4,154,0.6439,0.3561,78,70,,,backtest
2025-11-20,Merrimack Warriors,Maine Black Bears,team1_home,77,65,12,142,0.8782,0.1218,72,65,,,backtest
2025-11-20,Marquette Golden Eagles,Dayton Flyers,team1_home,74,76,-2,150,0.4288,0.5712,71,77,,,backtest
2025-11-20,Western Carolina Catamounts,UNC Asheville Bulldogs,team1_home,78,74,4,152,0.6487,0.3513,80,73,,,backtest
2025-11-20,Utah Valley Wolverines,UC Irvine Anteaters,team1_home,78,71,7,149,0.7154,0.2846,79,72,,,backtest
2025-11-20,Bradley Braves,UMass Lowell River Hawks,team1_home,81,71,10,152,0.8307,0.1693,87,77,,,backtest
2025-11-20,Creighton Bluejays,North Dakota Fighting Hawks,team1_home,80,73,7,153,0.744,0.256,75,60,,,backtest
2025-11-20,Oklahoma State Cowboys,South Florida Bulls,team1_home,77,82,-5,159,0.3505,0.6495,103,95,,,backtest
2025-11-20,TCU Horned Frogs,Kansas City Roos,team1_home,87,63,24,150,0.9878,0.0122,81,45,,,backtest
2025-11-20,Belmont Bruins,Lipscomb Bisons,team1_home,83,73,10,156,0.8004,0.1996,75,68,,,backtest
2025-11-20,Saint Mary's Gaels,Arkansas State Red Wolves,team1_home,83,70,13,153,0.8626,0.1374,85,72,,,backtest
2025-11-20,Weber State Wildcats,Campbell Fighting Camels,team1_home,81,75,6,156,0.6877,0.3123,91,85,,,backtest
2025-11-20,Washington State Cougars,Southern Utah Thunderbirds,team1_home,81,72,9,153,0.8133,0.1867,98,74,,,backtest
2025-11-20,Purdue Boilermakers,Memphis Tigers,neutral,83,71,12,154,0.8414,0.1586,80,71,,,backtest
2025-11-21,Houston Cougars,Rider Broncs,team1_home,86,60,26,146,0.9962,0.0038,91,45,,,backtest
2025-11-21,St. John's Red Storm,Bucknell Bison,team1_home,86,65,21,151,0.9774,0.0226,97,49,,,backtest
2025-11-21,Texas Tech Red Raiders,Wake Forest Demon Deacons,neutral,81,74,7,155,0.7322,0.2678,84,83,,,backtest
2025-11-21,Tennessee Volunteers,Tennessee State Tigers,team1_home,81,72,9,153,0.7858,0.2142,89,60,,,backtest
2025-11-20,UIC Flames,High Point Panthers,neutral,71,82,-11,153,0.1784,0.8216,80,90,,,backtest
2025-11-20,Marshall Thundering Herd,Arkansas-Pine Bluff Golden Lions,team1_home,84,72,12,156,0.8572,0.1428,98,70,,,backtest
2025-11-20,St. Bonaventure Bonnies,Robert Morris Colonials,team1_home,77,77,0,154,0.4919,0.5081,75,61,,,backtest
2025-11-20,Stony Brook Seawolves,Brown Bears,team1_home,77,70,7,147,0.7391,0.2609,80,70,,,backtest
2025-11-21,Cornell Big Red,Colgate Raiders,team1_home,82,77,5,159,0.6719,0.3281,95,94,,,backtest
2025-11-21,New Mexico Lobos,Nebraska Cornhuskers,neutral,74,78,-4,152,0.3808,0.6192,72,84,,,backtest
2025-11-21,Vanderbilt Commodores,Texas Southern Tigers,team1_home,86,69,17,155,0.9295,0.0705,109,74,,,backtest
2025-11-21,Princeton Tigers,Northeastern Huskies,team1_home,77,73,4,150,0.638,0.362,70,57,,,backtest
2025-11-21,Florida Atlantic Owls,Pacific Tigers,team1_home,76,73,3,149,0.5954,0.4046,82,59,,,backtest
2025-11-21,Central Michigan Chippewas,Northern Kentucky Norse,team1_home,75,80,-5,155,0.3357,0.6643,66,90,,,backtest
2025-11-21,Iowa Hawkeyes,Chicago State Cougars,team1_home,84,64,20,148,0.9737,0.0263,93,54,,,backtest
2025-11-21,Miami (OH) RedHawks,Mercyhurst Lakers,team1_home,83,69,14,152,0.9046,0.0954,76,71,,,backtest
2025-11-21,UCF Knights,Pittsburgh Panthers,neutral,79,74,5,153,0.6732,0.3268,77,67,,,backtest
2025-11-21,Fordham Rams,Long Island University Sharks,team1_home,73,73,0,146,0.5232,0.4768,69,53,,,backtest
2025-11-21,Miami Hurricanes,Elon Phoenix,team1_home,83,72,11,155,0.8528,0.1472,99,72,,,backtest
2025-11-21,Ohio State Buckeyes,Western Michigan Broncos,team1_home,83,70,13,153,0.879,0.121,91,58,,,backtest
2025-11-21,Rice Owls,Tarleton State Texans,team1_home,77,73,4,150,0.6212,0.3788,74,90,,,backtest
2025-11-21,Oklahoma Sooners,Oral Roberts Golden Eagles,team1_home,84,71,13,155,0.8793,0.1207,95,71,,,backtest
2025-11-21,North Texas Mean Green,Central Arkansas Bears,team1_home,74,75,-1,149,0.4887,0.5113,74,56,,,backtest
2025-11-21,Missouri Tigers,South Dakota Coyotes,team1_home,84,73,11,157,0.8232,0.1768,102,68,,,backtest
2025-11-21,Utah Utes,Cal Poly Mustangs,team1_home,80,77,3,157,0.5833,0.4167,85,92,,,backtest
2025-11-21,Kansas State Wildcats,Mississippi State Bulldogs,neutral,79,78,1,157,0.5387,0.4613,98,77,,,backtest
2025-11-21,USC Trojans,Troy Trojans,team1_home,76,78,-2,154,0.4411,0.5589,107,106,,,backtest
2025-11-21,UNLV Rebels,Saint Joseph's Hawks,team1_home,77,75,2,152,0.6004,0.3996,99,85,,,backtest
2025-11-21,Hawai'i Rainbow Warriors,Arizona State Sun Devils,team1_home,81,71,10,152,0.811,0.189,76,83,,,backtest
2025-11-22,Purdue Boilermakers,Texas Tech Red Raiders,neutral,79,77,2,156,0.5526,0.4474,86,56,,,backtest
2025-11-22,Duke Blue Devils,Niagara Purple Eagles,team1_home,85,61,24,146,0.9933,0.0067,100,42,,,backtest
2025-11-21,Cincinnati Bearcats,Louisville Cardinals,neutral,72,80,-8,152,0.2476,0.7524,64,74,,,backtest
2025-11-21,BYU Cougars,Wisconsin Badgers,team1_home,81,78,3,159,0.5966,0.4034,98,70,,,backtest
2025-11-22,Florida Gators,Merrimack Warriors,team1_home,83,68,15,151,0.9186,0.0814,80,45,,,backtest
2025-11-22,Kentucky Wildcats,Loyola Maryland Greyhounds,team1_home,84,71,13,155,0.8824,0.1176,88,46,,,backtest
2025-11-21,Michigan State Spartans,Detroit Mercy Titans,team1_home,84,70,14,154,0.8994,0.1006,84,56,,,backtest
2025-11-22,UCLA Bruins,Presbyterian Blue Hose,team1_home,82,69,13,151,0.8706,0.1294,86,46,,,backtest
2025-11-22,Arkansas Razorbacks,Jackson State Tigers,team1_home,87,68,19,155,0.9572,0.0428,115,61,,,backtest
2025-11-21,Yale Bulldogs,Green Bay Phoenix,neutral,79,74,5,153,0.6651,0.3349,73,67,,,backtest
2025-11-21,Tulane Green Wave,Utah State Aggies,neutral,70,83,-13,153,0.1323,0.8677,75,96,,,backtest
2025-11-21,Alabama State Hornets,IU Indianapolis Jaguars,neutral,77,77,0,154,0.4968,0.5032,101,80,,,backtest
2025-11-21,South Carolina Gamecocks,Butler Bulldogs,neutral,76,78,-2,154,0.4429,0.5571,72,79,,,backtest
2025-11-21,Charleston Cougars,Massachusetts Minutemen,neutral,77,77,0,154,0.4967,0.5033,69,65,,,backtest
2025-11-21,UT Arlington Mavericks,Campbell Fighting Camels,neutral,74,74,0,148,0.511,0.489,67,71,,,backtest
2025-11-21,Boston College Eagles,Davidson Wildcats,neutral,70,76,-6,146,0.2909,0.7091,49,59,,,backtest
2025-11-21,Virginia Cavaliers,Northwestern Wildcats,neutral,80,71,9,151,0.7859,0.2141,83,78,,,backtest
2025-11-21,Akron Zips,Iona Gaels,neutral,83,72,11,155,0.842,0.158,96,75,,,backtest
2025-11-21,Florida State Seminoles,Georgia Southern Eagles,team1_home,81,76,5,157,0.6504,0.3496,98,72,,,backtest
2025-11-21,Stonehill Skyhawks,Lafayette Leopards,team1_home,73,72,1,145,0.5467,0.4533,74,70,,,backtest
2025-11-21,Air Force Falcons,SIU Edwardsville Cougars,team1_home,66,79,-13,145,0.098,0.902,77,63,,,backtest
2025-11-21,Lehigh Mountain Hawks,Columbia Lions,team1_home,75,76,-1,151,0.4906,0.5094,67,82,,,backtest
2025-11-21,Eastern Michigan Eagles,Oakland Golden Grizzlies,team1_home,76,77,-1,153,0.4646,0.5354,97,91,,,backtest
2025-11-21,App State Mountaineers,Charlotte 49ers,team1_home,77,72,5,149,0.6536,0.3464,65,63,,,backtest
2025-11-21,Rutgers Scarlet Knights,Central Connecticut Blue Devils,team1_home,75,75,0,150,0.5095,0.4905,54,67,,,backtest
2025-11-21,Clemson Tigers,West Virginia Mountaineers,neutral,75,71,4,146,0.6392,0.3608,70,67,,,backtest
2025-11-22,New Mexico Lobos,Mississippi State Bulldogs,neutral,83,72,11,155,0.8239,0.1761,80,78,,,backtest
2025-11-22,Western Illinois Leathernecks,Coastal Carolina Chanticleers,team1_home,68,77,-9,145,0.1977,0.8023,64,84,,,backtest
2025-11-22,West Georgia Wolves,South Carolina Upstate Spartans,team1_home,78,73,5,151,0.6711,0.3289,72,64,,,backtest
2025-11-22,East Tennessee State Buccaneers,Morehead State Eagles,team1_home,82,70,12,152,0.8601,0.1399,77,62,,,backtest
2025-11-22,Memphis Tigers,Wake Forest Demon Deacons,neutral,75,78,-3,153,0.4095,0.5905,68,69,,,backtest
2025-11-22,Radford Highlanders,UNC Wilmington Seahawks,team1_home,74,79,-5,153,0.355,0.645,73,81,,,backtest
2025-11-22,Siena Saints,UAlbany Great Danes,team1_home,80,68,12,148,0.8685,0.1315,73,63,,,backtest
2025-11-22,East Carolina Pirates,Charleston Southern Buccaneers,team1_home,75,78,-3,153,0.3931,0.6069,65,77,,,backtest
2025-11-22,Canisius Golden Griffins,Maryland Eastern Shore Hawks,team1_home,73,69,4,142,0.6524,0.3476,60,57,,,backtest
2025-11-22,Marist Red Foxes,Army Black Knights,team1_home,80,67,13,147,0.8874,0.1126,76,65,,,backtest
2025-11-22,Old Dominion Monarchs,Morgan State Bears,team1_home,80,72,8,152,0.7672,0.2328,88,56,,,backtest
2025-11-22,Sacred Heart Pioneers,Holy Cross Crusaders,team1_home,79,72,7,151,0.7435,0.2565,79,66,,,backtest
2025-11-22,Drexel Dragons,Pennsylvania Quakers,team1_home,74,73,1,147,0.5285,0.4715,68,84,,,backtest
2025-11-22,St. Thomas-Minnesota Tommies,Northern Colorado Bears,neutral,81,76,5,157,0.6506,0.3494,73,72,,,backtest
2025-11-22,UAB Blazers,South Alabama Jaguars,team1_home,77,73,4,150,0.6247,0.3753,80,72,,,backtest
2025-11-22,South Dakota State Jackrabbits,Georgia State Panthers,team1_home,80,70,10,150,0.8232,0.1768,105,58,,,backtest
2025-11-22,LSU Tigers,Omaha Mavericks,team1_home,82,74,8,156,0.7594,0.2406,99,73,,,backtest
2025-11-22,Tulsa Golden Hurricane,Austin Peay Governors,team1_home,83,74,9,157,0.781,0.219,84,75,,,backtest
2025-11-22,Norfolk State Spartans,Hampton Pirates,team1_home,76,71,5,147,0.6607,0.3393,62,60,,,backtest
2025-11-22,Texas State Bobcats,Little Rock Trojans,team1_home,79,69,10,148,0.8191,0.1809,65,56,,,backtest
2025-11-22,Oregon State Beavers,Evansville Purple Aces,neutral,79,69,10,148,0.808,0.192,69,73,,,backtest
2025-11-22,Texas A&M Aggies,Manhattan Jaspers,team1_home,85,72,13,157,0.8853,0.1147,109,68,,,backtest
2025-11-22,Saint Louis Billikens,Purdue Fort Wayne Mastodons,team1_home,85,69,16,154,0.9333,0.0667,91,60,,,backtest
2025-11-22,Loyola Chicago Ramblers,Northern Illinois Huskies,team1_home,77,70,7,147,0.7272,0.2728,59,76,,,backtest
2025-11-22,San Diego Toreros,UC Riverside Highlanders,team1_home,78,73,5,151,0.6895,0.3105,71,85,,,backtest
2025-11-22,Pepperdine Waves,Stephen F. Austin Lumberjacks,team1_home,68,81,-13,149,0.124,0.876,60,63,,,backtest
2025-11-22,Colorado State Rams,Denver Pioneers,team1_home,80,76,4,156,0.6318,0.3682,81,83,,,backtest
2025-11-22,Grand Canyon Lopes,Northwestern State Demons,team1_home,81,66,15,147,0.9273,0.0727,85,72,,,backtest
2025-11-22,New Mexico State Aggies,Samford Bulldogs,team1_home,78,76,2,154,0.5535,0.4465,81,72,,,backtest
2025-11-22,Colorado Buffaloes,UC Davis Aggies,team1_home,80,75,5,155,0.6463,0.3537,95,79,,,backtest
2025-11-22,SMU Mustangs,Arkansas State Red Wolves,team1_home,82,76,6,158,0.7042,0.2958,100,69,,,backtest
2025-11-22,Xavier Musketeers,Georgia Bulldogs,neutral,75,84,-9,159,0.2513,0.7487,77,78,,,backtest
2025-11-22,Fresno State Bulldogs,New Orleans Privateers,team1_home,77,73,4,150,0.6398,0.3602,85,76,,,backtest
2025-11-22,Nebraska Cornhuskers,Kansas State Wildcats,neutral,83,70,13,153,0.876,0.124,86,85,,,backtest
2025-11-22,San José State Spartans,Southern Jaguars,team1_home,76,77,-1,153,0.4911,0.5089,80,66,,,backtest
2025-11-22,Santa Clara Broncos,Louisiana Ragin' Cajuns,team1_home,84,66,18,150,0.9531,0.0469,80,43,,,backtest
2025-11-22,California Baptist Lancers,Grambling Tigers,team1_home,78,68,10,146,0.8342,0.1658,72,59,,,backtest
2025-11-22,Long Beach State Beach,Montana State Bobcats,team1_home,73,78,-5,151,0.337,0.663,72,78,,,backtest
2025-11-22,Portland Pilots,Cal State Fullerton Titans,team1_home,76,78,-2,154,0.4301,0.5699,103,85,,,backtest
2025-11-22,Stanford Cardinal,Seattle U Redhawks,team1_home,77,71,6,148,0.7202,0.2798,69,77,,,backtest
2025-11-22,California Golden Bears,Sacramento State Hornets,team1_home,83,71,12,154,0.8655,0.1345,91,67,,,backtest
2025-11-22,Illinois Fighting Illini,Long Island University Sharks,team1_home,83,70,13,153,0.8765,0.1235,98,58,,,backtest
2025-11-22,Georgetown Hoyas,Wagner Seahawks,team1_home,78,71,7,149,0.7153,0.2847,92,75,,,backtest
2025-11-22,Navy Midshipmen,NJIT Highlanders,team1_home,82,64,18,146,0.9633,0.0367,86,70,,,backtest
2025-11-22,Le Moyne Dolphins,Fairfield Stags,team1_home,75,75,0,150,0.5079,0.4921,83,97,,,backtest
2025-11-22,Boston University Terriers,Harvard Crimson,neutral,74,76,-2,150,0.448,0.552,75,74,,,backtest
2025-11-22,Saint Peter's Peacocks,UMass Lowell River Hawks,team1_home,78,70,8,148,0.753,0.247,68,66,,,backtest
2025-11-22,Marquette Golden Eagles,Central Michigan Chippewas,team1_home,79,72,7,151,0.733,0.267,85,71,,,backtest
2025-11-22,Kent State Golden Flashes,Cleveland State Vikings,team1_home,84,75,9,159,0.7704,0.2296,91,71,,,backtest
2025-11-22,Dayton Flyers,North Carolina Central Eagles,team1_home,83,67,16,150,0.9359,0.0641,74,55,,,backtest
2025-11-22,Oklahoma State Cowboys,Nicholls Colonels,team1_home,82,73,9,155,0.7722,0.2278,95,81,,,backtest
2025-11-22,Massachusetts Minutemen,Green Bay Phoenix,neutral,78,77,1,155,0.5569,0.4431,75,79,,,backtest
2025-11-22,Binghamton Bearcats,Maryland Eastern Shore Hawks,neutral,73,72,1,145,0.5366,0.4634,52,63,,,backtest
2025-11-22,Eastern Kentucky Colonels,Mercer Bears,team1_home,77,80,-3,157,0.4273,0.5727,83,95,,,backtest
2025-11-22,Penn State Nittany Lions,Providence Friars,neutral,77,81,-4,158,0.3404,0.6596,65,77,,,backtest
2025-11-22,Cal State Bakersfield Roadrunners,Mississippi Valley State Delta Devils,team1_home,81,69,12,150,0.8761,0.1239,86,70,,,backtest
2025-11-22,Duquesne Dukes,Northeastern Huskies,neutral,80,75,5,155,0.671,0.329,86,93,,,backtest
2025-11-22,Howard Bison,Niagara Purple Eagles,neutral,80,66,14,146,0.9043,0.0957,80,70,,,backtest
2025-11-22,Chattanooga Mocs,North Alabama Lions,team1_home,81,71,10,152,0.8216,0.1784,71,57,,,backtest
2025-11-22,Prairie View A&M Panthers,UT Martin Skyhawks,neutral,72,75,-3,147,0.3939,0.6061,68,69,,,backtest
2025-11-22,Nevada Wolf Pack,UC Santa Barbara Gauchos,team1_home,78,74,4,152,0.6255,0.3745,77,64,,,backtest
2025-11-22,Lipscomb Bisons,Western Carolina Catamounts,team1_home,80,75,5,155,0.6779,0.3221,83,62,,,backtest
2025-11-22,Missouri State Bears,UT Rio Grande Valley Vaqueros,team1_home,75,75,0,150,0.4708,0.5292,74,67,,,backtest
2025-11-22,Oregon State Beavers,Iona Gaels,neutral,73,76,-3,149,0.3965,0.6035,84,91,,,backtest
2025-11-22,Minnesota Golden Gophers,San Francisco Dons,neutral,75,74,1,149,0.526,0.474,65,77,,,backtest
2025-11-22,Cal State Fullerton Titans,St. Thomas-Minnesota Tommies,neutral,74,83,-9,157,0.2186,0.7814,88,80,,,backtest
2025-11-23,High Point Panthers,Incarnate Word Cardinals,neutral,83,70,13,153,0.8821,0.1179,91,80,,,backtest
2025-11-23,UL Monroe Warhawks,Morehead State Eagles,neutral,72,81,-9,153,0.1926,0.8074,80,83,,,backtest
2025-11-23,North Dakota Fighting Hawks,Coastal Carolina Chanticleers,neutral,74,76,-2,150,0.4399,0.5601,58,75,,,backtest
2025-11-23,Stetson Hatters,VMI Keydets,team1_home,81,71,10,152,0.8191,0.1809,99,80,,,backtest
2025-11-23,Indiana State Sycamores,Ball State Cardinals,team1_home,76,71,5,147,0.6801,0.3199,70,52,,,backtest
2025-11-23,Wichita State Shockers,Milwaukee Panthers,team1_home,83,70,13,153,0.8646,0.1354,75,58,,,backtest
2025-11-23,Richmond Spiders,Gardner-Webb Runnin' Bulldogs,team1_home,87,65,22,152,0.985,0.015,102,67,,,backtest
2025-11-23,VCU Rams,Coppin State Eagles,team1_home,87,63,24,150,0.9914,0.0086,101,58,,,backtest
2025-11-23,Portland Pilots,Northern Colorado Bears,team1_home,74,80,-6,154,0.2845,0.7155,80,86,,,backtest
2025-11-23,Southern Miss Golden Eagles,North Florida Ospreys,neutral,81,74,7,155,0.7461,0.2539,92,83,,,backtest
2025-11-23,Weber State Wildcats,UT Arlington Mavericks,team1_home,77,72,5,149,0.6779,0.3221,73,74,,,backtest
2025-11-23,UC Irvine Anteaters,Northern Iowa Panthers,team1_home,72,72,0,144,0.4994,0.5006,69,70,,,backtest
2025-11-23,UConn Huskies,Bryant Bulldogs,team1_home,86,61,25,147,0.9941,0.0059,72,49,,,backtest
2025-11-23,Duke Blue Devils,Howard Bison,team1_home,83,67,16,150,0.9172,0.0828,93,56,,,backtest
2025-11-23,Georgia Bulldogs,Clemson Tigers,neutral,78,77,1,155,0.5587,0.4413,94,97,,,backtest
2025-11-23,SIU Edwardsville Cougars,Alabama State Hornets,neutral,76,71,5,147,0.679,0.321,83,68,,,backtest
2025-11-23,Miami (OH) RedHawks,Arkansas-Pine Bluff Golden Lions,team1_home,86,69,17,155,0.9315,0.0685,111,84,,,backtest
2025-11-23,Canisius Golden Griffins,Binghamton Bearcats,team1_home,74,71,3,145,0.6174,0.3826,75,66,,,backtest
2025-11-23,Miami Hurricanes,Delaware State Hornets,team1_home,87,61,26,148,0.9955,0.0045,97,41,,,backtest
2025-11-23,South Dakota Coyotes,South Carolina State Bulldogs,team1_home,82,70,12,152,0.854,0.146,82,81,,,backtest
2025-11-23,Drexel Dragons,Old Dominion Monarchs,team1_home,77,72,5,149,0.659,0.341,75,71,,,backtest
2025-11-23,Oklahoma Sooners,Alcorn State Braves,team1_home,85,67,18,152,0.9519,0.0481,72,53,,,backtest
2025-11-23,Georgia Tech Yellow Jackets,West Georgia Wolves,team1_home,78,75,3,153,0.6153,0.3847,82,66,,,backtest
2025-11-23,Central Arkansas Bears,Eastern Washington Eagles,team1_home,81,74,7,155,0.7226,0.2774,92,65,,,backtest
2025-11-23,Northern Colorado Bears,Cal State Fullerton Titans,neutral,81,77,4,158,0.6337,0.3663,97,93,,,backtest
2025-11-23,Maine Black Bears,Brown Bears,team1_home,72,70,2,142,0.5548,0.4452,53,58,,,backtest
2025-11-23,Columbia Lions,Longwood Lancers,team1_home,78,74,4,152,0.6371,0.3629,95,70,,,backtest
2025-11-23,Virginia Cavaliers,Butler Bulldogs,neutral,82,72,10,154,0.8197,0.1803,73,80,,,backtest
2025-11-23,North Florida Ospreys,Prairie View A&M Panthers,neutral,75,81,-6,156,0.3154,0.6846,82,85,,,backtest
2025-11-23,Delaware Blue Hens,Southern Illinois Salukis,neutral,71,77,-6,148,0.2865,0.7135,59,79,,,backtest
2025-11-23,Monmouth Hawks,Robert Morris Colonials,team1_home,75,75,0,150,0.4891,0.5109,71,70,,,backtest
2025-11-23,Western Michigan Broncos,Mount St. Mary's Mountaineers,team1_home,75,74,1,149,0.5364,0.4636,83,60,,,backtest
2025-11-23,Xavier Musketeers,West Virginia Mountaineers,neutral,73,77,-4,150,0.3789,0.6211,78,68,,,backtest
2025-11-23,Montana Grizzlies,Lamar Cardinals,team1_home,77,72,5,149,0.6481,0.3519,63,68,,,backtest
2025-11-23,East Tennessee State Buccaneers,UL Monroe Warhawks,team1_home,85,67,18,152,0.9629,0.0371,97,55,,,backtest
2025-11-23,Portland Pilots,St. Thomas-Minnesota Tommies,team1_home,71,82,-11,153,0.1514,0.8486,66,76,,,backtest
2025-11-23,Wyoming Cowboys,Norfolk State Spartans,team1_home,80,71,9,151,0.7896,0.2104,75,67,,,backtest
2025-11-23,Northwestern Wildcats,South Carolina Gamecocks,neutral,77,74,3,151,0.6009,0.3991,79,77,,,backtest
2025-11-23,Air Force Falcons,IU Indianapolis Jaguars,team1_home,72,81,-9,153,0.1991,0.8009,98,85,,,backtest
2025-11-23,Pittsburgh Panthers,Quinnipiac Bobcats,team1_home,75,74,1,149,0.5443,0.4557,75,83,,,backtest
2025-11-23,Illinois State Redbirds,Coastal Carolina Chanticleers,team1_home,79,70,9,149,0.7884,0.2116,94,42,,,backtest
2025-11-23,George Washington Revolutionaries,McNeese Cowboys,neutral,75,78,-3,153,0.397,0.603,86,92,,,backtest
2025-11-23,Southern Miss Golden Eagles,UT Martin Skyhawks,neutral,72,74,-2,146,0.4637,0.5363,70,60,,,backtest
2025-11-23,Charleston Cougars,Yale Bulldogs,neutral,73,81,-8,154,0.2366,0.7634,63,74,,,backtest
2025-11-23,UNC Greensboro Spartans,Youngstown State Penguins,neutral,75,79,-4,154,0.3903,0.6097,68,62,,,backtest
2025-11-23,DePaul Blue Demons,Detroit Mercy Titans,team1_home,77,73,4,150,0.6217,0.3783,95,75,,,backtest
2025-11-23,Boston College Eagles,Tulane Green Wave,neutral,73,74,-1,147,0.459,0.541,90,93,,,backtest
2025-11-24,Western Illinois Leathernecks,North Dakota Fighting Hawks,team1_home,70,78,-8,148,0.2425,0.7575,69,78,,,backtest
2025-11-24,Marshall Thundering Herd,Mercyhurst Lakers,team1_home,79,72,7,151,0.7128,0.2872,69,60,,,backtest
2025-11-24,Middle Tennessee Blue Raiders,Murray State Racers,neutral,75,80,-5,155,0.3554,0.6446,90,87,,,backtest
2025-11-24,Evansville Purple Aces,Akron Zips,neutral,67,85,-18,152,0.0453,0.9547,59,97,,,backtest
2025-11-24,Jackson State Tigers,Winthrop Eagles,team1_home,71,83,-12,154,0.1333,0.8667,62,80,,,backtest
2025-11-24,Davidson Wildcats,Utah State Aggies,neutral,72,80,-8,152,0.2359,0.7641,60,94,,,backtest
2025-11-25,Arizona Wildcats,Denver Pioneers,team1_home,84,71,13,155,0.8687,0.1313,103,73,,,backtest
2025-11-24,Houston Cougars,Syracuse Orange,neutral,81,69,12,150,0.877,0.123,78,74,,,backtest
2025-11-25,Louisville Cardinals,Eastern Michigan Eagles,team1_home,85,68,17,153,0.9467,0.0533,87,46,,,backtest
2025-11-25,Michigan Wolverines,San Diego State Aztecs,neutral,82,72,10,154,0.8076,0.1924,94,54,,,backtest
2025-11-25,Alabama Crimson Tide,Gonzaga Bulldogs,neutral,76,83,-7,159,0.2976,0.7024,85,95,,,backtest
2025-11-25,Illinois Fighting Illini,UT Rio Grande Valley Vaqueros,team1_home,82,70,12,152,0.8596,0.1404,87,73,,,backtest
2025-11-24,St. John's Red Storm,Iowa State Cyclones,neutral,74,79,-5,153,0.3419,0.6581,82,83,,,backtest
2025-11-24,Tennessee Volunteers,Rutgers Scarlet Knights,neutral,82,69,13,151,0.8909,0.1091,85,60,,,backtest
2025-11-25,Oregon Ducks,Auburn Tigers,neutral,74,81,-7,155,0.2608,0.7392,73,84,,,backtest
2025-11-24,NC State Wolfpack,Seton Hall Pirates,neutral,78,74,4,152,0.6247,0.3753,74,85,,,backtest
2025-11-24,Troy Trojans,Toledo Rockets,neutral,78,77,1,155,0.5365,0.4635,68,75,,,backtest
2025-11-24,Towson Tigers,Rhode Island Rams,neutral,72,73,-1,145,0.4834,0.5166,62,55,,,backtest
2025-11-24,Pacific Tigers,Stony Brook Seawolves,neutral,76,72,4,148,0.646,0.354,86,58,,,backtest
2025-11-24,Bowling Green Falcons,Bucknell Bison,neutral,80,69,11,149,0.8642,0.1358,71,66,,,backtest
2025-11-24,Fairleigh Dickinson Knights,East Texas A&M Lions,team1_home,75,71,4,146,0.6438,0.3562,65,70,,,backtest
2025-11-24,Oregon State Beavers,Massachusetts Minutemen,neutral,75,78,-3,153,0.3779,0.6221,65,73,,,backtest
2025-11-24,Belmont Bruins,Saint Francis Red Flash,neutral,84,69,15,153,0.9225,0.0775,94,57,,,backtest
2025-11-24,Southern Illinois Salukis,UAB Blazers,neutral,73,76,-3,149,0.4126,0.5874,73,81,,,backtest
2025-11-24,Vermont Catamounts,Liberty Flames,neutral,75,76,-1,151,0.4455,0.5545,73,79,,,backtest
2025-11-24,Bethune-Cookman Wildcats,Jacksonville Dolphins,neutral,76,75,1,151,0.5422,0.4578,64,69,,,backtest
2025-11-24,Baylor Bears,Creighton Bluejays,neutral,79,76,3,155,0.6049,0.3951,81,74,,,backtest
2025-11-24,Buffalo Bulls,VMI Keydets,neutral,82,71,11,153,0.8411,0.1589,78,70,,,backtest
2025-11-24,Iona Gaels,Green Bay Phoenix,neutral,77,76,1,153,0.5348,0.4652,75,80,,,backtest
2025-11-24,UC Riverside Highlanders,Grambling Tigers,team1_home,74,74,0,148,0.4864,0.5136,83,74,,,backtest
2025-11-24,Kansas Jayhawks,Notre Dame Fighting Irish,neutral,79,72,7,151,0.714,0.286,71,61,,,backtest
2025-11-24,UTEP Miners,William & Mary Tribe,neutral,71,80,-9,151,0.2075,0.7925,63,74,,,backtest
2025-11-24,Lamar Cardinals,Oakland Golden Grizzlies,neutral,75,78,-3,153,0.4144,0.5856,68,83,,,backtest
2025-11-24,Kennesaw State Owls,Rice Owls,neutral,80,74,6,154,0.6824,0.3176,89,84,,,backtest
2025-11-24,UC San Diego Tritons,Temple Owls,neutral,75,74,1,149,0.5381,0.4619,91,76,,,backtest
2025-11-24,Boise State Broncos,USC Trojans,neutral,79,74,5,153,0.658,0.342,67,70,,,backtest
2025-11-24,Middle Tennessee Blue Raiders,George Washington Revolutionaries,neutral,74,80,-6,154,0.2983,0.7017,79,92,,,backtest
2025-11-24,Evansville Purple Aces,Charleston Cougars,neutral,68,81,-13,149,0.1222,0.8778,59,78,,,backtest
2025-11-24,Ohio Bobcats,George Mason Patriots,neutral,72,80,-8,152,0.2553,0.7447,69,92,,,backtest
2025-11-24,Holy Cross Crusaders,Siena Saints,team1_home,70,77,-7,147,0.247,0.753,69,73,,,backtest
2025-11-24,Youngstown State Penguins,Georgia Southern Eagles,neutral,77,78,-1,155,0.4852,0.5148,67,61,,,backtest
2025-11-24,App State Mountaineers,Elon Phoenix,team1_home,78,73,5,151,0.6621,0.3379,53,88,,,backtest
2025-11-25,Florida International Panthers,James Madison Dukes,team1_home,78,76,2,154,0.5528,0.4472,72,80,,,backtest
2025-11-25,Northern Kentucky Norse,Eastern Kentucky Colonels,team1_home,83,75,8,158,0.7684,0.2316,82,71,,,backtest
2025-11-25,The Citadel Bulldogs,Bellarmine Knights,team1_home,76,78,-2,154,0.4522,0.5478,58,70,,,backtest
2025-11-25,Cincinnati Bearcats,NJIT Highlanders,team1_home,79,66,13,145,0.8928,0.1072,94,67,,,backtest
2025-11-25,Central Connecticut Blue Devils,Sacred Heart Pioneers,team1_home,77,73,4,150,0.645,0.355,108,106,,,backtest
2025-11-25,Bradley Braves,Princeton Tigers,neutral,78,72,6,150,0.7223,0.2777,88,64,,,backtest
2025-11-25,Florida Gulf Coast Eagles,Oral Roberts Golden Eagles,team1_home,82,71,11,153,0.8212,0.1788,93,88,,,backtest
2025-11-25,Mississippi State Bulldogs,New Orleans Privateers,team1_home,78,76,2,154,0.5856,0.4144,81,78,,,backtest
2025-11-25,McNeese Cowboys,Murray State Racers,neutral,80,75,5,155,0.6586,0.3414,73,60,,,backtest
2025-11-25,Akron Zips,Yale Bulldogs,neutral,80,78,2,158,0.5505,0.4495,94,97,,,backtest
2025-11-25,Arkansas State Red Wolves,Jacksonville State Gamecocks,team1_home,79,72,7,151,0.7238,0.2762,74,63,,,backtest
2025-11-25,Northern Arizona Lumberjacks,Cal Poly Mustangs,team1_home,76,78,-2,154,0.4373,0.5627,93,87,,,backtest
2025-11-25,SMU Mustangs,Radford Highlanders,team1_home,84,74,10,158,0.7902,0.2098,89,72,,,backtest
2025-11-25,Missouri State Bears,Long Island University Sharks,team1_home,75,75,0,150,0.4786,0.5214,61,75,,,backtest
2025-11-25,Loyola Marymount Lions,Florida Atlantic Owls,neutral,74,77,-3,151,0.4096,0.5904,65,76,,,backtest
2025-11-25,Abilene Christian Wildcats,UTSA Roadrunners,neutral,77,70,7,147,0.748,0.252,61,50,,,backtest
2025-11-25,UC Davis Aggies,Louisiana Ragin' Cajuns,team1_home,79,69,10,148,0.8319,0.1681,77,56,,,backtest
2025-11-25,Texas Longhorns,Arizona State Sun Devils,neutral,82,75,7,157,0.7206,0.2794,86,87,,,backtest
2025-11-25,Maryland Terrapins,UNLV Rebels,neutral,73,80,-7,153,0.2669,0.7331,74,67,,,backtest
2025-11-25,Houston Cougars,Tennessee Volunteers,neutral,78,74,4,152,0.633,0.367,73,76,,,backtest
2025-11-26,Michigan Wolverines,Auburn Tigers,neutral,82,75,7,157,0.724,0.276,102,72,,,backtest
2025-11-26,Alabama Crimson Tide,UNLV Rebels,neutral,82,78,4,160,0.6405,0.3595,115,76,,,backtest
2025-11-25,East Carolina Pirates,Michigan State Spartans,neutral,68,83,-15,151,0.0755,0.9245,56,89,,,backtest
2025-11-26,Gonzaga Bulldogs,Maryland Terrapins,neutral,85,66,19,151,0.9598,0.0402,100,61,,,backtest
2025-11-25,Baylor Bears,St. John's Red Storm,neutral,75,81,-6,156,0.3211,0.6789,81,96,,,backtest
2025-11-25,Iowa State Cyclones,Creighton Bluejays,neutral,83,70,13,153,0.8849,0.1151,78,60,,,backtest
2025-11-25,North Carolina Tar Heels,St. Bonaventure Bonnies,neutral,80,74,6,154,0.7088,0.2912,85,70,,,backtest
2025-11-26,California Golden Bears,UCLA Bruins,neutral,75,78,-3,153,0.3862,0.6138,80,72,,,backtest
2025-11-25,Boise State Broncos,NC State Wolfpack,neutral,77,80,-3,157,0.4046,0.5954,70,81,,,backtest
2025-11-26,Indiana Hoosiers,Kansas State Wildcats,team1_home,83,73,10,156,0.8184,0.1816,86,69,,,backtest
2025-11-25,Bethune-Cookman Wildcats,Stony Brook Seawolves,neutral,75,75,0,150,0.4968,0.5032,54,61,,,backtest
2025-11-25,Liberty Flames,Towson Tigers,neutral,77,72,5,149,0.6751,0.3249,69,72,,,backtest
2025-11-25,Notre Dame Fighting Irish,Rutgers Scarlet Knights,neutral,77,74,3,151,0.6291,0.3709,68,63,,,backtest
2025-11-25,Jacksonville Dolphins,Pacific Tigers,neutral,71,77,-6,148,0.3085,0.6915,53,68,,,backtest
2025-11-25,Delaware Blue Hens,UNC Greensboro Spartans,neutral,75,77,-2,152,0.405,0.595,73,60,,,backtest
2025-11-25,San José State Spartans,Tulsa Golden Hurricane,neutral,71,81,-10,152,0.1828,0.8172,51,81,,,backtest
2025-11-25,Army Black Knights,East Texas A&M Lions,neutral,75,74,1,149,0.5454,0.4546,67,84,,,backtest
2025-11-25,Vermont Catamounts,Rhode Island Rams,neutral,75,72,3,147,0.6156,0.3844,65,80,,,backtest
2025-11-25,Georgia State Panthers,Samford Bulldogs,neutral,72,80,-8,152,0.237,0.763,63,78,,,backtest
2025-11-25,Kansas Jayhawks,Syracuse Orange,neutral,78,73,5,151,0.6722,0.3278,71,60,,,backtest
2025-11-25,UAB Blazers,UTEP Miners,neutral,79,70,9,149,0.8192,0.1808,75,59,,,backtest
2025-11-25,Loyola Chicago Ramblers,Northern Iowa Panthers,neutral,66,79,-13,145,0.0982,0.9018,51,72,,,backtest
2025-11-25,Oral Roberts Golden Eagles,Kennesaw State Owls,neutral,73,82,-9,155,0.2159,0.7841,91,83,,,backtest
2025-11-25,Ohio Bobcats,Loyola Marymount Lions,neutral,75,76,-1,151,0.4565,0.5435,58,70,,,backtest
2025-11-25,Bradley Braves,UC San Diego Tritons,neutral,75,75,0,150,0.4881,0.5119,77,87,,,backtest
2025-11-25,McNeese Cowboys,Middle Tennessee Blue Raiders,neutral,80,71,9,151,0.7904,0.2096,72,62,,,backtest
2025-11-25,USC Trojans,Seton Hall Pirates,neutral,72,76,-4,148,0.3708,0.6292,83,81,,,backtest
2025-11-25,South Dakota State Jackrabbits,Utah Valley Wolverines,neutral,73,79,-6,152,0.3023,0.6977,52,75,,,backtest
2025-11-25,Morgan State Bears,Drexel Dragons,team1_home,72,75,-3,147,0.3682,0.6318,66,71,,,backtest
2025-11-25,UNC Asheville Bulldogs,Tennessee State Tigers,team1_home,74,76,-2,150,0.423,0.577,73,75,,,backtest
2025-11-25,Abilene Christian Wildcats,William & Mary Tribe,neutral,71,80,-9,151,0.1985,0.8015,58,92,,,backtest
2025-11-25,California Baptist Lancers,San Diego Toreros,neutral,79,70,9,149,0.7828,0.2172,76,61,,,backtest
2025-11-25,Ohio State Buckeyes,Mount St. Mary's Mountaineers,team1_home,82,68,14,150,0.9096,0.0904,113,60,,,backtest
2025-11-26,James Madison Dukes,Omaha Mavericks,neutral,78,74,4,152,0.6196,0.3804,88,77,,,backtest
2025-11-26,South Carolina Upstate Spartans,North Carolina Central Eagles,team1_home,77,71,6,148,0.6956,0.3044,82,67,,,backtest
2025-11-26,Penn State Nittany Lions,Boston University Terriers,team1_home,76,78,-2,154,0.4568,0.5432,96,87,,,backtest
2025-11-26,Florida State Seminoles,Cal State Bakersfield Roadrunners,team1_home,85,69,16,154,0.9257,0.0743,89,59,,,backtest
2025-11-26,Villanova Wildcats,Old Dominion Monarchs,team1_home,82,71,11,153,0.8573,0.1427,89,75,,,backtest
2025-11-26,Stetson Hatters,Wright State Raiders,team1_home,74,80,-6,154,0.2727,0.7273,62,79,,,backtest
2025-11-26,Florida Gulf Coast Eagles,Rice Owls,team1_home,80,73,7,153,0.7227,0.2773,78,63,,,backtest
2025-11-26,Bellarmine Knights,Houston Christian Huskies,team1_home,80,73,7,153,0.7351,0.2649,74,69,,,backtest
2025-11-26,Maryland Eastern Shore Hawks,Hampton Pirates,team1_home,70,73,-3,143,0.3992,0.6008,68,74,,,backtest
2025-11-26,Purdue Fort Wayne Mastodons,Chicago State Cougars,team1_home,80,70,10,150,0.8039,0.1961,90,77,,,backtest
2025-11-26,UCF Knights,Quinnipiac Bobcats,team1_home,80,73,7,153,0.7058,0.2942,102,91,,,backtest
2025-11-26,Wake Forest Demon Deacons,Campbell Fighting Camels,team1_home,80,74,6,154,0.6933,0.3067,99,51,,,backtest
2025-11-26,Marist Red Foxes,Lehigh Mountain Hawks,team1_home,77,68,9,145,0.7844,0.2156,78,55,,,backtest
2025-11-26,Rider Broncs,Coppin State Eagles,team1_home,75,70,5,145,0.677,0.323,65,68,,,backtest
2025-11-26,Florida Atlantic Owls,George Mason Patriots,neutral,74,77,-3,151,0.3814,0.6186,65,74,,,backtest
2025-11-26,Central Arkansas Bears,Eastern Illinois Panthers,team1_home,82,67,15,149,0.9329,0.0671,81,60,,,backtest
2025-11-26,George Washington Revolutionaries,Murray State Racers,neutral,80,78,2,158,0.564,0.436,95,96,,,backtest
2025-11-26,Princeton Tigers,Temple Owls,neutral,71,77,-6,148,0.311,0.689,75,79,,,backtest
2025-11-26,Texas A&M Aggies,Mississippi Valley State Delta Devils,team1_home,89,64,25,153,0.9903,0.0097,120,84,,,backtest
2025-11-26,Cal Poly Mustangs,Southeast Missouri State Redhawks,neutral,75,78,-3,153,0.4253,0.5747,68,84,,,backtest
2025-11-26,Missouri Tigers,South Carolina State Bulldogs,team1_home,85,67,18,152,0.9636,0.0364,98,66,,,backtest
2025-11-26,North Texas Mean Green,Eastern Washington Eagles,team1_home,77,73,4,150,0.6381,0.3619,79,71,,,backtest
2025-11-26,Austin Peay Governors,Northern Illinois Huskies,team1_home,85,66,19,151,0.9671,0.0329,77,59,,,backtest
2025-11-26,Arizona State Sun Devils,Washington State Cougars,neutral,76,77,-1,153,0.4749,0.5251,100,94,,,backtest
2025-11-26,Nebraska Cornhuskers,Winthrop Eagles,team1_home,82,72,10,154,0.8116,0.1884,80,73,,,backtest
2025-11-26,UC Irvine Anteaters,New Mexico State Aggies,neutral,75,73,2,148,0.5815,0.4185,45,57,,,backtest
2025-11-26,Georgia Southern Eagles,UTSA Roadrunners,neutral,84,70,14,154,0.9203,0.0797,64,77,,,backtest
2025-11-26,Montana Grizzlies,Oakland Golden Grizzlies,team1_home,79,78,1,157,0.5399,0.4601,87,95,,,backtest
2025-11-26,Utah Tech Trailblazers,Portland State Vikings,team1_home,75,75,0,150,0.5188,0.4812,63,68,,,backtest
2025-11-26,Iowa Hawkeyes,Ole Miss Rebels,neutral,80,71,9,151,0.7994,0.2006,74,69,,,backtest
2025-11-26,Oregon Ducks,San Diego State Aztecs,neutral,71,79,-8,150,0.2246,0.7754,80,97,,,backtest
2025-11-26,Grand Canyon Lopes,Utah Utes,neutral,80,71,9,151,0.7922,0.2078,68,58,,,backtest
2025-11-26,Houston Cougars,Notre Dame Fighting Irish,neutral,82,69,13,151,0.8847,0.1153,66,56,,,backtest
2025-11-27,Louisville Cardinals,NJIT Highlanders,team1_home,86,65,21,151,0.9754,0.0246,104,47,,,backtest
2025-11-27,Michigan Wolverines,Gonzaga Bulldogs,neutral,77,78,-1,155,0.4725,0.5275,101,61,,,backtest
2025-11-27,Alabama Crimson Tide,Maryland Terrapins,neutral,83,73,10,156,0.8115,0.1885,105,72,,,backtest
2025-11-27,Auburn Tigers,St. John's Red Storm,neutral,76,81,-5,157,0.3403,0.6597,85,74,,,backtest
2025-11-26,Iowa State Cyclones,Syracuse Orange,neutral,83,69,14,152,0.884,0.116,95,64,,,backtest
2025-11-27,Tennessee Volunteers,Kansas Jayhawks,neutral,77,74,3,151,0.6174,0.3826,76,81,,,backtest
2025-11-27,Kentucky Wildcats,Tennessee Tech Golden Eagles,team1_home,84,69,15,153,0.9012,0.0988,104,54,,,backtest
2025-11-26,Texas Tech Red Raiders,New Orleans Privateers,team1_home,84,71,13,155,0.8703,0.1297,82,50,,,backtest
2025-11-27,Texas Longhorns,NC State Wolfpack,neutral,79,80,-1,159,0.4975,0.5025,102,97,,,backtest
2025-11-26,Western Kentucky Hilltoppers,Vanderbilt Commodores,neutral,74,83,-9,157,0.2052,0.7948,78,83,,,backtest
2025-11-26,Troy Trojans,Saint Francis Red Flash,neutral,84,69,15,153,0.9185,0.0815,74,64,,,backtest
2025-11-26,VMI Keydets,Bowling Green Falcons,neutral,68,84,-16,152,0.07,0.93,48,81,,,backtest
2025-11-26,UC San Diego Tritons,Towson Tigers,neutral,75,72,3,147,0.6123,0.3877,87,73,,,backtest
2025-11-26,Stonehill Skyhawks,UMass Lowell River Hawks,team1_home,73,73,0,146,0.5089,0.4911,64,75,,,backtest
2025-11-26,New Hampshire Wildcats,Brown Bears,team1_home,73,73,0,146,0.4941,0.5059,47,59,,,backtest
2025-11-26,Toledo Rockets,Belmont Bruins,neutral,76,81,-5,157,0.341,0.659,72,87,,,backtest
2025-11-26,Bucknell Bison,Buffalo Bulls,neutral,70,81,-11,151,0.1501,0.8499,71,73,,,backtest
2025-11-26,Loyola Chicago Ramblers,San José State Spartans,neutral,74,76,-2,150,0.4556,0.5444,51,63,,,backtest
2025-11-26,UNC Greensboro Spartans,Miami (OH) RedHawks,neutral,74,83,-9,157,0.22,0.78,71,82,,,backtest
2025-11-26,Florida International Panthers,Omaha Mavericks,team1_home,79,74,5,153,0.6666,0.3334,74,61,,,backtest
2025-11-26,Mercer Bears,App State Mountaineers,team1_home,78,73,5,151,0.6549,0.3451,75,67,,,backtest
2025-11-26,Robert Morris Colonials,UIC Flames,team1_home,78,73,5,151,0.6807,0.3193,88,74,,,backtest
2025-11-26,Northern Kentucky Norse,Wofford Terriers,team1_home,81,76,5,157,0.6469,0.3531,93,83,,,backtest
2025-11-26,Fairleigh Dickinson Knights,Army Black Knights,team1_home,75,73,2,148,0.5988,0.4012,73,81,,,backtest
2025-11-26,Arizona State Sun Devils,USC Trojans,neutral,77,78,-1,155,0.4798,0.5202,75,88,,,backtest
2025-11-26,Bradley Braves,Liberty Flames,neutral,76,78,-2,154,0.4384,0.5616,74,64,,,backtest
2025-11-26,VCU Rams,South Florida Bulls,neutral,79,79,0,158,0.5027,0.4973,78,66,,,backtest
2025-11-26,Jacksonville State Gamecocks,North Dakota State Bison,neutral,71,79,-8,150,0.2311,0.7689,43,56,,,backtest
2025-11-26,New Mexico State Aggies,Georgia State Panthers,neutral,78,71,7,149,0.739,0.261,77,58,,,backtest
2025-11-26,Marshall Thundering Herd,Lipscomb Bisons,team1_home,80,76,4,156,0.6311,0.3689,67,90,,,backtest
2025-11-26,Gardner-Webb Runnin' Bulldogs,Navy Midshipmen,neutral,62,86,-24,148,0.0104,0.9896,51,84,,,backtest
2025-11-26,Boston College Eagles,Harvard Crimson,team1_home,71,74,-3,145,0.3836,0.6164,73,60,,,backtest
2025-11-26,Tulsa Golden Hurricane,Northern Iowa Panthers,neutral,78,73,5,151,0.657,0.343,63,60,,,backtest
2025-11-26,Rice Owls,Oral Roberts Golden Eagles,neutral,78,74,4,152,0.6208,0.3792,81,62,,,backtest
2025-11-26,Princeton Tigers,Vermont Catamounts,neutral,70,77,-7,147,0.247,0.753,74,79,,,backtest
2025-11-26,Manhattan Jaspers,Wagner Seahawks,team1_home,75,75,0,150,0.5101,0.4899,101,103,,,backtest
2025-11-26,Colorado State Rams,Virginia Tech Hokies,neutral,78,76,2,154,0.5456,0.4544,64,66,,,backtest
2025-11-26,Washington State Cougars,Seton Hall Pirates,neutral,72,76,-4,148,0.3641,0.6359,61,75,,,backtest
2025-11-26,Utah Valley Wolverines,Samford Bulldogs,neutral,79,74,5,153,0.6711,0.3289,89,45,,,backtest
2025-11-26,Air Force Falcons,Northern Colorado Bears,team1_home,67,84,-17,151,0.0483,0.9517,53,71,,,backtest
2025-11-26,Idaho State Bengals,Sam Houston Bearkats,neutral,74,80,-6,154,0.2818,0.7182,81,84,,,backtest
2025-11-27,The Citadel Bulldogs,Houston Christian Huskies,team1_home,74,74,0,148,0.4735,0.5265,65,72,,,backtest
2025-11-27,Fresno State Bulldogs,Pepperdine Waves,neutral,78,71,7,149,0.7306,0.2694,76,53,,,backtest
2025-11-27,UNC Wilmington Seahawks,SE Louisiana Lions,team1_home,82,65,17,147,0.9481,0.0519,70,57,,,backtest
2025-11-27,Florida Gulf Coast Eagles,Kennesaw State Owls,team1_home,78,77,1,155,0.5402,0.4598,100,102,,,backtest
2025-11-27,Cincinnati Bearcats,Eastern Michigan Eagles,team1_home,78,69,9,147,0.8078,0.1922,56,64,,,backtest
2025-11-27,Fairfield Stags,Columbia Lions,team1_home,77,74,3,151,0.6022,0.3978,77,106,,,backtest
2025-11-27,Temple Owls,Rhode Island Rams,neutral,74,73,1,147,0.5619,0.4381,75,90,,,backtest
2025-11-27,Louisiana Tech Bulldogs,Indiana State Sycamores,team1_home,76,71,5,147,0.6823,0.3177,75,73,,,backtest
2025-11-27,Wichita State Shockers,Saint Mary's Gaels,neutral,72,78,-6,150,0.3108,0.6892,65,70,,,backtest
2025-11-27,Memphis Tigers,Southern Illinois Salukis,team1_home,75,74,1,149,0.5083,0.4917,74,58,,,backtest
2025-11-27,Northern Arizona Lumberjacks,Southeast Missouri State Redhawks,team1_home,73,76,-3,149,0.3683,0.6317,79,72,,,backtest
2025-11-27,UC Irvine Anteaters,South Dakota State Jackrabbits,neutral,76,73,3,149,0.5827,0.4173,64,52,,,backtest
2025-11-27,Wyoming Cowboys,Denver Pioneers,team1_home,81,76,5,157,0.6813,0.3187,101,59,,,backtest
2025-11-27,New Mexico Lobos,Alabama State Hornets,team1_home,84,68,16,152,0.934,0.066,93,87,,,backtest
2025-11-27,Cal State Northridge Matadors,Idaho Vandals,neutral,76,79,-3,155,0.3745,0.6255,64,78,,,backtest
2025-11-27,Grand Canyon Lopes,Iowa Hawkeyes,neutral,73,77,-4,150,0.372,0.628,46,59,,,backtest
2025-11-27,Portland Pilots,Long Beach State Beach,team1_home,76,74,2,150,0.5687,0.4313,93,73,,,backtest
2025-11-27,San Diego State Aztecs,Baylor Bears,neutral,78,77,1,155,0.5442,0.4558,81,91,,,backtest
2025-11-27,Ole Miss Rebels,Utah Utes,neutral,79,75,4,154,0.6357,0.3643,74,75,,,backtest
2025-11-28,Arkansas Razorbacks,Duke Blue Devils,neutral,75,82,-7,157,0.2824,0.7176,71,80,,,backtest
2025-11-27,Miami Hurricanes,BYU Cougars,neutral,79,78,1,157,0.5688,0.4312,62,72,,,backtest
2025-11-27,Florida Gators,TCU Horned Frogs,neutral,81,73,8,154,0.7628,0.2372,80,84,,,backtest
2025-11-27,North Carolina Tar Heels,Michigan State Spartans,neutral,75,77,-2,152,0.4397,0.5603,58,74,,,backtest
2025-11-27,Vanderbilt Commodores,VCU Rams,neutral,80,78,2,158,0.5437,0.4563,89,74,,,backtest
2025-11-27,Furman Paladins,Richmond Spiders,neutral,77,76,1,153,0.5287,0.4713,73,72,,,backtest
2025-11-27,East Carolina Pirates,St. Bonaventure Bonnies,neutral,73,80,-7,153,0.2541,0.7459,58,67,,,backtest
2025-11-27,Illinois State Redbirds,Charlotte 49ers,neutral,77,73,4,150,0.6164,0.3836,79,69,,,backtest
2025-11-27,Creighton Bluejays,Oregon Ducks,neutral,78,73,5,151,0.6465,0.3535,76,66,,,backtest
2025-11-27,Colorado Buffaloes,San Francisco Dons,neutral,78,77,1,155,0.5258,0.4742,79,69,,,backtest
2025-11-27,Virginia Tech Hokies,Saint Mary's Gaels,neutral,72,81,-9,153,0.2164,0.7836,66,77,,,backtest
2025-11-27,Rutgers Scarlet Knights,UNLV Rebels,neutral,74,79,-5,153,0.3289,0.6711,80,65,,,backtest
2025-11-27,Washington Huskies,Nevada Wolf Pack,neutral,75,77,-2,152,0.4311,0.5689,83,66,,,backtest
2025-11-27,Western Kentucky Hilltoppers,South Florida Bulls,neutral,74,82,-8,156,0.2424,0.7576,91,97,,,backtest
2025-11-27,Wisconsin Badgers,Providence Friars,neutral,82,78,4,160,0.6069,0.3931,104,83,,,backtest
2025-11-28,Saint Louis Billikens,Santa Clara Broncos,neutral,82,75,7,157,0.6971,0.3029,71,70,,,backtest
2025-11-28,Dayton Flyers,Georgetown Hoyas,neutral,77,73,4,150,0.6306,0.3694,84,79,,,backtest
2025-11-28,Colorado State Rams,Wichita State Shockers,neutral,76,77,-1,153,0.4514,0.5486,76,70,,,backtest
2025-11-28,Minnesota Golden Gophers,Stanford Cardinal,neutral,74,75,-1,149,0.4602,0.5398,68,72,,,backtest
2025-11-28,Northwestern Wildcats,Oklahoma State Cowboys,team1_home,80,76,4,156,0.632,0.368,81,86,,,backtest
2025-11-28,Purdue Boilermakers,Eastern Illinois Panthers,team1_home,84,64,20,148,0.9752,0.0248,109,62,,,backtest
2025-11-28,UConn Huskies,Illinois Fighting Illini,neutral,76,78,-2,154,0.4174,0.5826,74,61,,,backtest
2025-11-29,Dayton Flyers,BYU Cougars,neutral,75,79,-4,154,0.3818,0.6182,79,83,,,backtest
2025-11-28,Florida Gators,Providence Friars,neutral,84,75,9,159,0.7666,0.2334,90,78,,,backtest
2025-11-28,Vanderbilt Commodores,Saint Mary's Gaels,neutral,76,78,-2,154,0.4426,0.5574,96,71,,,backtest
2025-11-28,VCU Rams,Virginia Tech Hokies,neutral,81,75,6,156,0.6911,0.3089,86,68,,,backtest
2025-11-28,Gardner-Webb Runnin' Bulldogs,SE Louisiana Lions,neutral,68,78,-10,146,0.1732,0.8268,68,76,,,backtest
2025-11-28,Wake Forest Demon Deacons,Northeastern Huskies,team1_home,82,73,9,155,0.7754,0.2246,86,73,,,backtest
2025-11-28,Charlotte 49ers,Richmond Spiders,neutral,76,77,-1,153,0.4524,0.5476,66,71,,,backtest
2025-11-28,Siena Saints,Longwood Lancers,neutral,77,72,5,149,0.6499,0.3501,70,63,,,backtest
2025-11-28,Nevada Wolf Pack,San Francisco Dons,neutral,78,74,4,152,0.6416,0.3584,81,65,,,backtest
2025-11-28,Alcorn State Braves,Indiana State Sycamores,neutral,71,78,-7,149,0.2556,0.7444,81,74,,,backtest
2025-11-28,Missouri Tigers,Cleveland State Vikings,team1_home,83,74,9,157,0.7796,0.2204,86,59,,,backtest
2025-11-28,Seattle U Redhawks,Texas State Bobcats,neutral,73,73,0,146,0.4915,0.5085,66,52,,,backtest
2025-11-28,Robert Morris Colonials,Southern Utah Thunderbirds,team1_home,84,69,15,153,0.9167,0.0833,61,54,,,backtest
2025-11-28,Marquette Golden Eagles,Oklahoma Sooners,neutral,74,81,-7,155,0.2838,0.7162,74,75,,,backtest
2025-11-28,Ball State Cardinals,Monmouth Hawks,neutral,70,76,-6,146,0.2608,0.7392,73,80,,,backtest
2025-11-28,La Salle Explorers,Hofstra Pride,neutral,67,81,-14,148,0.0942,0.9058,58,63,,,backtest
2025-11-28,Butler Bulldogs,Wright State Raiders,team1_home,77,79,-2,156,0.4636,0.5364,94,69,,,backtest
2025-11-28,Illinois State Redbirds,Furman Paladins,neutral,76,74,2,150,0.5385,0.4615,72,65,,,backtest
2025-11-28,Arkansas State Red Wolves,North Dakota State Bison,team1_home,77,78,-1,155,0.4589,0.5411,85,80,,,backtest
2025-11-28,Tulane Green Wave,Nicholls Colonels,team1_home,77,73,4,150,0.6498,0.3502,82,72,,,backtest
2025-11-28,Youngstown State Penguins,Chicago State Cougars,team1_home,81,68,13,149,0.9,0.1,87,64,,,backtest
2025-11-28,UNC Wilmington Seahawks,Navy Midshipmen,team1_home,75,73,2,148,0.5705,0.4295,87,57,,,backtest
2025-11-28,American University Eagles,Maine Black Bears,team1_home,77,67,10,144,0.8464,0.1536,74,61,,,backtest
2025-11-28,Eastern Michigan Eagles,NJIT Highlanders,team1_home,76,70,6,146,0.7237,0.2763,73,55,,,backtest
2025-11-28,Davidson Wildcats,North Carolina A&T Aggies,team1_home,79,71,8,150,0.7846,0.2154,90,74,,,backtest
2025-11-28,South Carolina Gamecocks,Charleston Southern Buccaneers,team1_home,78,76,2,154,0.5589,0.4411,74,62,,,backtest
2025-11-28,South Florida Bulls,Colorado State Rams,neutral,80,76,4,156,0.6353,0.3647,68,83,,,backtest
2025-11-28,Colorado Buffaloes,Washington Huskies,neutral,77,78,-1,155,0.4563,0.5437,81,68,,,backtest
2025-11-28,Lehigh Mountain Hawks,UC Santa Barbara Gauchos,neutral,73,79,-6,152,0.295,0.705,70,72,,,backtest
2025-11-28,Lafayette Leopards,Le Moyne Dolphins,team1_home,74,75,-1,149,0.466,0.534,63,76,,,backtest
2025-11-28,Pennsylvania Quakers,Merrimack Warriors,team1_home,75,72,3,147,0.613,0.387,77,65,,,backtest
2025-11-28,Florida State Seminoles,Texas A&M Aggies,neutral,77,82,-5,159,0.3544,0.6456,59,95,,,backtest
2025-11-28,TCU Horned Frogs,Wisconsin Badgers,neutral,76,79,-3,155,0.4264,0.5736,74,63,,,backtest
2025-11-28,Xavier Musketeers,Texas A&M-Corpus Christi Islanders,team1_home,77,73,4,150,0.6288,0.3712,88,67,,,backtest
2025-11-28,Idaho State Bengals,Cal State Northridge Matadors,neutral,77,78,-1,155,0.4716,0.5284,82,50,,,backtest
2025-11-29,Georgetown Hoyas,Miami Hurricanes,neutral,72,81,-9,153,0.1992,0.8008,65,78,,,backtest
2025-11-29,Western Kentucky Hilltoppers,Wichita State Shockers,neutral,73,79,-6,152,0.3116,0.6884,75,70,,,backtest
2025-11-29,Saint Louis Billikens,Stanford Cardinal,neutral,83,72,11,155,0.8197,0.1803,77,78,,,backtest
2025-11-29,Clemson Tigers,Alabama A&M Bulldogs,team1_home,81,68,13,149,0.8871,0.1129,92,56,,,backtest
2025-11-29,DePaul Blue Demons,Georgia Tech Yellow Jackets,neutral,76,73,3,149,0.6067,0.3933,75,61,,,backtest
2025-11-29,Mississippi State Bulldogs,SMU Mustangs,team1_home,76,82,-6,158,0.3177,0.6823,81,87,,,backtest
2025-11-29,Pittsburgh Panthers,Ohio State Buckeyes,team1_home,73,79,-6,152,0.3127,0.6873,67,66,,,backtest
2025-11-29,UAlbany Great Danes,Colgate Raiders,neutral,73,78,-5,151,0.3126,0.6874,67,69,,,backtest
2025-11-29,Louisiana Ragin' Cajuns,Jackson State Tigers,team1_home,77,70,7,147,0.7407,0.2593,45,51,,,backtest
2025-11-29,Idaho Vandals,Sam Houston Bearkats,neutral,76,78,-2,154,0.4314,0.5686,68,94,,,backtest
2025-11-29,Santa Clara Broncos,Minnesota Golden Gophers,neutral,79,73,6,152,0.6901,0.3099,86,75,,,backtest
2025-11-29,Drake Bulldogs,LSU Tigers,neutral,76,80,-4,156,0.3602,0.6398,62,71,,,backtest
2025-11-29,Loyola Marymount Lions,Stony Brook Seawolves,team1_home,76,72,4,148,0.6544,0.3456,68,71,,,backtest
2025-11-29,Hawai'i Rainbow Warriors,North Dakota Fighting Hawks,team1_home,82,70,12,152,0.8724,0.1276,92,55,,,backtest
2025-11-29,Arizona Wildcats,Norfolk State Spartans,team1_home,87,65,22,152,0.9769,0.0231,98,61,,,backtest
2025-11-29,Indiana Hoosiers,Bethune-Cookman Wildcats,team1_home,82,71,11,153,0.8363,0.1637,100,56,,,backtest
2025-11-29,Navy Midshipmen,SE Louisiana Lions,neutral,80,65,15,145,0.9211,0.0789,65,69,,,backtest
2025-11-29,Louisiana Tech Bulldogs,Alcorn State Braves,team1_home,79,67,12,146,0.8884,0.1116,83,58,,,backtest
2025-11-29,Army Black Knights,Manhattan Jaspers,team1_home,77,75,2,152,0.5571,0.4429,81,78,,,backtest
2025-11-29,UCF Knights,VMI Keydets,team1_home,84,69,15,153,0.9208,0.0792,82,57,,,backtest
2025-11-29,Northern Kentucky Norse,Boston University Terriers,team1_home,80,76,4,156,0.6386,0.3614,74,65,,,backtest
2025-11-29,Longwood Lancers,Maine Black Bears,neutral,76,69,7,145,0.75,0.25,65,61,,,backtest
2025-11-29,Niagara Purple Eagles,Detroit Mercy Titans,team1_home,73,77,-4,150,0.3572,0.6428,66,70,,,backtest
2025-11-29,Saint Peter's Peacocks,Dartmouth Big Green,team1_home,78,71,7,149,0.7395,0.2605,61,87,,,backtest
2025-11-29,Texas State Bobcats,Lehigh Mountain Hawks,neutral,75,74,1,149,0.5528,0.4472,74,78,,,backtest
2025-11-29,Georgia Southern Eagles,Houston Christian Huskies,team1_home,81,71,10,152,0.8003,0.1997,80,62,,,backtest
2025-11-29,Nebraska Cornhuskers,South Carolina Upstate Spartans,team1_home,84,65,19,149,0.9652,0.0348,72,63,,,backtest
2025-11-29,Northwestern State Demons,Southern Jaguars,team1_home,75,75,0,150,0.4895,0.5105,73,75,,,backtest
2025-11-29,Hofstra Pride,Merrimack Warriors,neutral,76,71,5,147,0.6773,0.3227,78,58,,,backtest
2025-11-29,Georgia Bulldogs,Tennessee Tech Golden Eagles,team1_home,85,70,15,155,0.9076,0.0924,123,81,,,backtest
2025-11-29,High Point Panthers,Western Carolina Catamounts,team1_home,84,71,13,155,0.8742,0.1258,93,73,,,backtest
2025-11-29,George Mason Patriots,James Madison Dukes,team1_home,79,72,7,151,0.7467,0.2533,82,66,,,backtest
2025-11-29,UMBC Retrievers,Delaware State Hornets,team1_home,84,61,23,145,0.99,0.01,71,57,,,backtest
2025-11-29,Le Moyne Dolphins,Monmouth Hawks,neutral,73,75,-2,148,0.4105,0.5895,83,79,,,backtest
2025-11-29,Stetson Hatters,Southern Utah Thunderbirds,neutral,77,75,2,152,0.5542,0.4458,68,70,,,backtest
2025-11-29,IU Indianapolis Jaguars,Morehead State Eagles,team1_home,78,79,-1,157,0.4682,0.5318,85,80,,,backtest
2025-11-29,Harvard Crimson,Bryant Bulldogs,team1_home,81,64,17,145,0.9532,0.0468,56,53,,,backtest
2025-11-29,Southeast Missouri State Redhawks,Lipscomb Bisons,team1_home,76,75,1,151,0.5048,0.4952,77,88,,,backtest
2025-11-29,UT Arlington Mavericks,Stephen F. Austin Lumberjacks,team1_home,70,76,-6,146,0.305,0.695,66,61,,,backtest
2025-11-29,UNC Wilmington Seahawks,Gardner-Webb Runnin' Bulldogs,team1_home,87,62,25,149,0.9932,0.0068,88,62,,,backtest
2025-11-29,Valparaiso Beacons,Western Michigan Broncos,team1_home,80,71,9,151,0.7953,0.2047,84,55,,,backtest
2025-11-29,Drake Bulldogs,Georgia Tech Yellow Jackets,neutral,77,75,2,152,0.5653,0.4347,84,74,,,backtest
2025-11-29,Winthrop Eagles,South Carolina State Bulldogs,team1_home,85,67,18,152,0.9591,0.0409,101,79,,,backtest
2025-11-29,Weber State Wildcats,Kansas City Roos,team1_home,86,67,19,153,0.9678,0.0322,82,61,,,backtest
2025-11-29,Utah State Aggies,Montana State Bobcats,team1_home,82,72,10,154,0.826,0.174,84,81,,,backtest
2025-11-29,East Tennessee State Buccaneers,Central Arkansas Bears,team1_home,80,73,7,153,0.707,0.293,80,57,,,backtest
2025-11-29,Elon Phoenix,Mercer Bears,team1_home,78,79,-1,157,0.4623,0.5377,84,91,,,backtest
2025-11-29,American University Eagles,Siena Saints,team1_home,73,75,-2,148,0.4614,0.5386,55,59,,,backtest
2025-11-29,Mount St. Mary's Mountaineers,Howard Bison,team1_home,70,76,-6,146,0.285,0.715,79,75,,,backtest
2025-11-29,South Dakota Coyotes,Air Force Falcons,neutral,82,68,14,150,0.9131,0.0869,80,63,,,backtest
2025-11-29,UC Santa Barbara Gauchos,Seattle U Redhawks,neutral,76,72,4,148,0.6417,0.3583,74,71,,,backtest
2025-11-29,Lafayette Leopards,Ball State Cardinals,team1_home,75,71,4,146,0.6281,0.3719,55,37,,,backtest
2025-11-29,Pennsylvania Quakers,La Salle Explorers,team1_home,80,68,12,148,0.869,0.131,73,71,,,backtest
2025-11-29,Eastern Kentucky Colonels,Wofford Terriers,team1_home,78,79,-1,157,0.475,0.525,77,83,,,backtest
2025-11-29,Utah Tech Trailblazers,UC Riverside Highlanders,team1_home,80,71,9,151,0.7959,0.2041,77,69,,,backtest
2025-11-29,Cal State Fullerton Titans,Pepperdine Waves,team1_home,82,71,11,153,0.8258,0.1742,83,69,,,backtest
2025-11-29,Penn State Nittany Lions,Sacred Heart Pioneers,team1_home,78,76,2,154,0.5685,0.4315,90,59,,,backtest
2025-11-29,Canisius Golden Griffins,Buffalo Bulls,team1_home,70,79,-9,149,0.2098,0.7902,53,71,,,backtest
2025-11-30,LSU Tigers,DePaul Blue Demons,neutral,78,74,4,152,0.6143,0.3857,96,63,,,backtest
2025-11-30,Southern Illinois Salukis,Little Rock Trojans,team1_home,79,68,11,147,0.8443,0.1557,74,65,,,backtest
2025-11-30,Akron Zips,Milwaukee Panthers,team1_home,84,71,13,155,0.8687,0.1313,105,81,,,backtest
2025-11-30,Fordham Rams,UAlbany Great Danes,neutral,76,70,6,146,0.6799,0.3201,88,68,,,backtest
2025-11-30,Pacific Tigers,Sacramento State Hornets,team1_home,81,70,11,151,0.8304,0.1696,68,54,,,backtest
2025-11-30,Oregon State Beavers,California Baptist Lancers,team1_home,72,76,-4,148,0.3789,0.6211,69,75,,,backtest
2025-11-29,Northern Illinois Huskies,Bellarmine Knights,team1_home,74,80,-6,154,0.2888,0.7112,0,0,,,backtest
2025-11-30,Texas Tech Red Raiders,Wyoming Cowboys,team1_home,81,74,7,155,0.7368,0.2632,76,72,,,backtest
2025-11-30,Ball State Cardinals,Le Moyne Dolphins,neutral,71,76,-5,147,0.3447,0.6553,96,85,,,backtest
2025-11-30,La Salle Explorers,Merrimack Warriors,neutral,69,77,-8,146,0.2098,0.7902,60,66,,,backtest
2025-11-30,Princeton Tigers,Saint Joseph's Hawks,neutral,71,76,-5,147,0.3387,0.6613,58,60,,,backtest
2025-11-30,Maine Black Bears,Siena Saints,neutral,65,77,-12,142,0.125,0.875,60,64,,,backtest
2025-11-30,UNC Asheville Bulldogs,App State Mountaineers,neutral,72,76,-4,148,0.3703,0.6297,67,55,,,backtest
2025-11-30,UTSA Roadrunners,South Alabama Jaguars,team1_home,68,81,-13,149,0.1052,0.8948,58,82,,,backtest
2025-11-30,Chattanooga Mocs,Tennessee State Tigers,team1_home,75,78,-3,153,0.4111,0.5889,64,70,,,backtest
2025-11-30,William & Mary Tribe,Old Dominion Monarchs,team1_home,82,73,9,155,0.767,0.233,88,75,,,backtest
2025-11-30,Robert Morris Colonials,Stetson Hatters,team1_home,83,70,13,153,0.8782,0.1218,80,62,,,backtest
2025-11-30,Fairfield Stags,New Hampshire Wildcats,team1_home,81,67,14,148,0.9125,0.0875,72,68,,,backtest
2025-11-30,Quinnipiac Bobcats,Stonehill Skyhawks,team1_home,78,67,11,145,0.8393,0.1607,76,62,,,backtest
2025-11-30,Vermont Catamounts,Yale Bulldogs,team1_home,75,77,-2,152,0.4267,0.5733,74,77,,,backtest
2025-11-30,Bucknell Bison,Cornell Big Red,team1_home,73,81,-8,154,0.2427,0.7573,72,101,,,backtest
2025-11-30,Lafayette Leopards,Monmouth Hawks,team1_home,72,76,-4,148,0.376,0.624,74,88,,,backtest
2025-11-30,Pennsylvania Quakers,Hofstra Pride,team1_home,74,76,-2,150,0.4362,0.5638,60,77,,,backtest
2025-11-30,West Virginia Mountaineers,Mercyhurst Lakers,team1_home,75,69,6,144,0.7353,0.2647,70,38,,,backtest
2025-11-30,Colgate Raiders,Fordham Rams,neutral,74,74,0,148,0.4948,0.5052,72,62,,,backtest
2025-11-30,Coastal Carolina Chanticleers,Alabama A&M Bulldogs,team1_home,76,73,3,149,0.6172,0.3828,67,60,,,backtest
2025-11-30,Florida Atlantic Owls,St. Bonaventure Bonnies,team1_home,78,75,3,153,0.6019,0.3981,65,70,,,backtest
2025-11-30,Charleston Cougars,Belmont Bruins,team1_home,75,80,-5,155,0.3404,0.6596,73,96,,,backtest
2025-11-30,North Texas Mean Green,Prairie View A&M Panthers,team1_home,77,71,6,148,0.6926,0.3074,72,69,,,backtest
2025-11-30,American University Eagles,Longwood Lancers,team1_home,77,74,3,151,0.6077,0.3923,92,66,,,backtest
2025-11-30,The Citadel Bulldogs,Presbyterian Blue Hose,neutral,71,78,-7,149,0.2634,0.7366,41,69,,,backtest
2025-11-30,San José State Spartans,UC Irvine Anteaters,team1_home,71,78,-7,149,0.2827,0.7173,63,72,,,backtest
2025-11-30,Long Beach State Beach,San Diego Toreros,team1_home,77,75,2,152,0.5781,0.4219,76,72,,,backtest
2025-11-30,Fresno State Bulldogs,Cal State Bakersfield Roadrunners,neutral,79,71,8,150,0.7725,0.2275,71,76,,,backtest
2025-11-30,Loyola Maryland Greyhounds,Coppin State Eagles,team1_home,82,67,15,149,0.912,0.088,95,84,,,backtest
2025-12-01,Villanova Wildcats,Temple Owls,team1_home,79,72,7,151,0.7477,0.2523,74,56,,,backtest
2025-12-02,Troy Trojans,West Georgia Wolves,team1_home,83,72,11,155,0.8341,0.1659,89,93,,,backtest
2025-12-02,Delaware Blue Hens,Iona Gaels,team1_home,73,76,-3,149,0.4046,0.5954,66,89,,,backtest
2025-12-02,Jacksonville State Gamecocks,North Alabama Lions,team1_home,79,69,10,148,0.8397,0.1603,66,73,,,backtest
2025-12-02,Cincinnati Bearcats,Tarleton State Texans,team1_home,79,69,10,148,0.8175,0.1825,76,58,,,backtest
2025-12-02,Xavier Musketeers,Saint Francis Red Flash,team1_home,83,70,13,153,0.8834,0.1166,96,74,,,backtest
2025-12-02,Middle Tennessee Blue Raiders,UAB Blazers,team1_home,76,76,0,152,0.469,0.531,76,61,,,backtest
2025-12-02,Incarnate Word Cardinals,McNeese Cowboys,team1_home,70,80,-10,150,0.1674,0.8326,71,67,,,backtest
2025-12-02,Kansas State Wildcats,Bowling Green Falcons,team1_home,76,78,-2,154,0.4405,0.5595,66,82,,,backtest
2025-12-02,Colorado Buffaloes,California Baptist Lancers,team1_home,76,76,0,152,0.5095,0.4905,78,70,,,backtest
2025-12-02,Stanford Cardinal,Portland Pilots,team1_home,82,70,12,152,0.8643,0.1357,94,72,,,backtest
2025-12-03,Rutgers Scarlet Knights,Purdue Boilermakers,team1_home,72,80,-8,152,0.2464,0.7536,65,81,,,backtest
2025-12-03,Duke Blue Devils,Florida Gators,team1_home,81,73,8,154,0.7311,0.2689,67,66,,,backtest
2025-12-03,Kansas Jayhawks,UConn Huskies,team1_home,74,76,-2,150,0.4254,0.5746,56,61,,,backtest
2025-12-03,Michigan State Spartans,Iowa Hawkeyes,team1_home,77,74,3,151,0.6195,0.3805,71,52,,,backtest
2025-12-03,Syracuse Orange,Tennessee Volunteers,team1_home,73,79,-6,152,0.3056,0.6944,62,60,,,backtest
2025-12-03,Kentucky Wildcats,North Carolina Tar Heels,team1_home,78,77,1,155,0.5513,0.4487,64,67,,,backtest
2025-12-03,Oregon Ducks,USC Trojans,team1_home,76,76,0,152,0.4953,0.5047,77,82,,,backtest
2025-12-02,Army Black Knights,George Washington Revolutionaries,team1_home,72,82,-10,154,0.2026,0.7974,70,84,,,backtest
2025-12-02,UT Martin Skyhawks,Charleston Southern Buccaneers,team1_home,76,73,3,149,0.5929,0.4071,73,56,,,backtest
2025-12-02,Penn State Nittany Lions,Campbell Fighting Camels,team1_home,78,76,2,154,0.5563,0.4437,87,76,,,backtest
2025-12-02,Bryant Bulldogs,Stonehill Skyhawks,team1_home,71,71,0,142,0.4998,0.5002,77,65,,,backtest
2025-12-03,South Alabama Jaguars,New Mexico State Aggies,neutral,76,74,2,150,0.583,0.417,77,75,,,backtest
2025-12-03,UNC Asheville Bulldogs,UNC Greensboro Spartans,neutral,77,76,1,153,0.513,0.487,82,77,,,backtest
2025-12-03,Kennesaw State Owls,Jackson State Tigers,team1_home,85,69,16,154,0.9335,0.0665,88,73,,,backtest
2025-12-03,George Mason Patriots,Cornell Big Red,team1_home,80,76,4,156,0.6418,0.3582,99,81,,,backtest
2025-12-03,Mercer Bears,Georgia State Panthers,team1_home,83,69,14,152,0.8853,0.1147,78,67,,,backtest
2025-12-03,North Florida Ospreys,SIU Edwardsville Cougars,team1_home,73,78,-5,151,0.3304,0.6696,63,72,,,backtest
2025-12-03,Jacksonville Dolphins,Florida A&M Rattlers,team1_home,76,72,4,148,0.6476,0.3524,85,82,,,backtest
2025-12-03,Butler Bulldogs,Eastern Michigan Eagles,team1_home,79,72,7,151,0.743,0.257,84,68,,,backtest
2025-12-03,East Carolina Pirates,Maryland Eastern Shore Hawks,team1_home,77,69,8,146,0.768,0.232,68,56,,,backtest
2025-12-03,Charlotte 49ers,North Carolina A&T Aggies,team1_home,80,73,7,153,0.7301,0.2699,74,57,,,backtest
2025-12-03,Binghamton Bearcats,Lehigh Mountain Hawks,team1_home,72,77,-5,149,0.3343,0.6657,80,71,,,backtest
2025-12-03,Rhode Island Rams,Brown Bears,team1_home,77,68,9,145,0.8186,0.1814,66,56,,,backtest
2025-12-03,Duquesne Dukes,William & Mary Tribe,team1_home,78,77,1,155,0.5027,0.4973,79,83,,,backtest
2025-12-03,Dayton Flyers,East Tennessee State Buccaneers,team1_home,76,75,1,151,0.5274,0.4726,88,71,,,backtest
2025-12-03,Providence Friars,Fairleigh Dickinson Knights,team1_home,83,70,13,153,0.8802,0.1198,94,64,,,backtest
2025-12-03,South Carolina Gamecocks,Virginia Tech Hokies,team1_home,76,77,-1,153,0.4652,0.5348,83,86,,,backtest
2025-12-03,Wake Forest Demon Deacons,Oklahoma Sooners,team1_home,77,79,-2,156,0.4539,0.5461,68,86,,,backtest
2025-12-03,Pittsburgh Panthers,Texas A&M Aggies,team1_home,75,81,-6,156,0.305,0.695,73,81,,,backtest
2025-12-03,Drake Bulldogs,Western Illinois Leathernecks,team1_home,82,66,16,148,0.9364,0.0636,108,57,,,backtest
2025-12-03,Tulane Green Wave,Grambling Tigers,team1_home,76,72,4,148,0.62,0.38,65,63,,,backtest
2025-12-03,Long Island University Sharks,Winthrop Eagles,team1_home,78,75,3,153,0.5787,0.4213,92,94,,,backtest
2025-12-03,North Texas Mean Green,Houston Christian Huskies,team1_home,77,68,9,145,0.7892,0.2108,77,75,,,backtest
2025-12-03,Maryland Terrapins,Wagner Seahawks,team1_home,74,74,0,148,0.4831,0.5169,89,63,,,backtest
2025-12-03,Murray State Racers,Morehead State Eagles,team1_home,82,73,9,155,0.7887,0.2113,84,52,,,backtest
2025-12-03,Bradley Braves,Washington State Cougars,team1_home,80,73,7,153,0.7111,0.2889,64,60,,,backtest
2025-12-03,Arkansas State Red Wolves,UT Arlington Mavericks,team1_home,79,71,8,150,0.7432,0.2568,83,63,,,backtest
2025-12-03,Marquette Golden Eagles,Valparaiso Beacons,team1_home,76,74,2,150,0.5729,0.4271,75,72,,,backtest
2025-12-03,Baylor Bears,Sacramento State Hornets,team1_home,84,72,12,156,0.863,0.137,110,88,,,backtest
2025-12-03,Loyola Chicago Ramblers,Central Michigan Chippewas,team1_home,75,75,0,150,0.4909,0.5091,83,72,,,backtest
2025-12-03,Oklahoma State Cowboys,Sam Houston Bearkats,team1_home,78,79,-1,157,0.4772,0.5228,93,83,,,backtest
2025-12-03,Grand Canyon Lopes,Stetson Hatters,team1_home,82,68,14,150,0.9031,0.0969,67,45,,,backtest
2025-12-03,Pepperdine Waves,Abilene Christian Wildcats,team1_home,74,73,1,147,0.5354,0.4646,63,71,,,backtest
2025-12-03,Creighton Bluejays,Nicholls Colonels,team1_home,79,72,7,151,0.7577,0.2423,96,76,,,backtest
2025-12-03,Ole Miss Rebels,Miami Hurricanes,team1_home,73,81,-8,154,0.2694,0.7306,66,75,,,backtest
2025-12-03,Florida State Seminoles,Georgia Bulldogs,team1_home,78,82,-4,160,0.39,0.61,73,107,,,backtest
2025-12-03,Notre Dame Fighting Irish,Missouri Tigers,team1_home,76,78,-2,154,0.4482,0.5518,76,71,,,backtest
2025-12-03,Nevada Wolf Pack,UC San Diego Tritons,team1_home,77,73,4,150,0.659,0.341,76,70,,,backtest
2025-12-03,California Golden Bears,Utah Utes,team1_home,82,72,10,154,0.8157,0.1843,79,72,,,backtest
2025-12-03,Loyola Marymount Lions,Saint Louis Billikens,team1_home,70,82,-12,152,0.1481,0.8519,70,91,,,backtest
2025-12-04,Arkansas Razorbacks,Louisville Cardinals,team1_home,81,80,1,161,0.5391,0.4609,89,80,,,backtest
2025-12-04,BYU Cougars,California Baptist Lancers,team1_home,80,73,7,153,0.7183,0.2817,91,60,,,backtest
2025-12-04,Iowa State Cyclones,Alcorn State Braves,team1_home,87,62,25,149,0.9933,0.0067,132,68,,,backtest
2025-12-04,Alabama Crimson Tide,Clemson Tigers,team1_home,80,77,3,157,0.615,0.385,90,84,,,backtest
2025-12-04,Vanderbilt Commodores,SMU Mustangs,team1_home,82,77,5,159,0.6751,0.3249,88,69,,,backtest
2025-12-04,Auburn Tigers,NC State Wolfpack,team1_home,81,79,2,160,0.5727,0.4273,83,73,,,backtest
2025-12-04,Minnesota Golden Gophers,Indiana Hoosiers,team1_home,75,76,-1,151,0.4865,0.5135,73,64,,,backtest
2025-12-03,UIC Flames,Arkansas-Pine Bluff Golden Lions,team1_home,81,70,11,151,0.8444,0.1556,62,63,,,backtest
2025-12-03,Lipscomb Bisons,Tennessee Tech Golden Eagles,team1_home,81,71,10,152,0.8062,0.1938,83,80,,,backtest
2025-12-03,Holy Cross Crusaders,Northeastern Huskies,team1_home,76,75,1,151,0.5426,0.4574,76,59,,,backtest
2025-12-03,Youngstown State Penguins,Wright State Raiders,team1_home,76,78,-2,154,0.4403,0.5597,69,68,,,backtest
2025-12-04,James Madison Dukes,North Carolina Central Eagles,team1_home,82,69,13,151,0.8753,0.1247,67,62,,,backtest
2025-12-04,Lamar Cardinals,Louisiana Ragin' Cajuns,team1_home,76,68,8,144,0.7746,0.2254,65,55,,,backtest
2025-12-04,American University Eagles,Drexel Dragons,team1_home,75,72,3,147,0.6263,0.3737,75,73,,,backtest
2025-12-04,Towson Tigers,Cornell Big Red,team1_home,76,77,-1,153,0.4568,0.5432,93,80,,,backtest
2025-12-04,Dartmouth Big Green,New Hampshire Wildcats,team1_home,78,70,8,148,0.7774,0.2226,69,68,,,backtest
2025-12-04,South Carolina Upstate Spartans,Coastal Carolina Chanticleers,team1_home,74,74,0,148,0.4811,0.5189,85,78,,,backtest
2025-12-04,High Point Panthers,Southern Illinois Salukis,team1_home,83,69,14,152,0.908,0.092,84,86,,,backtest
2025-12-04,Wofford Terriers,Presbyterian Blue Hose,team1_home,79,73,6,152,0.7094,0.2906,63,56,,,backtest
2025-12-04,Georgia Southern Eagles,Louisiana Tech Bulldogs,team1_home,78,72,6,150,0.6973,0.3027,77,69,,,backtest
2025-12-04,Radford Highlanders,Southern Miss Golden Eagles,team1_home,79,75,4,154,0.6361,0.3639,75,82,,,backtest
2025-12-04,Elon Phoenix,Furman Paladins,team1_home,76,77,-1,153,0.4934,0.5066,88,97,,,backtest
2025-12-04,UNC Wilmington Seahawks,Marshall Thundering Herd,team1_home,81,73,8,154,0.746,0.254,70,69,,,backtest
2025-12-04,Florida International Panthers,Florida Gulf Coast Eagles,team1_home,78,76,2,154,0.5724,0.4276,89,83,,,backtest
2025-12-04,Kent State Golden Flashes,Austin Peay Governors,team1_home,78,78,0,156,0.5166,0.4834,96,84,,,backtest
2025-12-04,Ohio Bobcats,Maine Black Bears,team1_home,78,69,9,147,0.79,0.21,79,57,,,backtest
2025-12-04,Hampton Pirates,Loyola Maryland Greyhounds,team1_home,76,73,3,149,0.5899,0.4101,93,71,,,backtest
2025-12-04,Delaware State Hornets,Navy Midshipmen,team1_home,63,81,-18,144,0.038,0.962,59,66,,,backtest
2025-12-04,West Virginia Mountaineers,Coppin State Eagles,team1_home,83,62,21,145,0.9828,0.0172,91,49,,,backtest
2025-12-04,Columbia Lions,Hofstra Pride,team1_home,74,76,-2,150,0.4277,0.5723,72,70,,,backtest
2025-12-04,Northern Kentucky Norse,Cleveland State Vikings,team1_home,84,75,9,159,0.7726,0.2274,95,80,,,backtest
2025-12-04,Oakland Golden Grizzlies,Purdue Fort Wayne Mastodons,team1_home,82,75,7,157,0.7274,0.2726,101,92,,,backtest
2025-12-04,Detroit Mercy Titans,IU Indianapolis Jaguars,team1_home,83,75,8,158,0.7297,0.2703,92,78,,,backtest
2025-12-04,Mount St. Mary's Mountaineers,Sacred Heart Pioneers,team1_home,75,74,1,149,0.543,0.457,80,87,,,backtest
2025-12-04,Seton Hall Pirates,Central Connecticut Blue Devils,team1_home,77,69,8,146,0.763,0.237,77,61,,,backtest
2025-12-04,Massachusetts Minutemen,Harvard Crimson,team1_home,76,75,1,151,0.5423,0.4577,78,71,,,backtest
2025-12-04,Akron Zips,Bucknell Bison,team1_home,86,67,19,153,0.9652,0.0348,97,77,,,backtest
2025-12-04,Stephen F. Austin Lumberjacks,UT Rio Grande Valley Vaqueros,team1_home,78,71,7,149,0.7398,0.2602,73,60,,,backtest
2025-12-04,Boston College Eagles,LSU Tigers,team1_home,74,77,-3,151,0.3729,0.6271,69,78,,,backtest
2025-12-04,UL Monroe Warhawks,Mississippi Valley State Delta Devils,team1_home,80,70,10,150,0.8354,0.1646,66,52,,,backtest
2025-12-04,Central Arkansas Bears,Little Rock Trojans,team1_home,82,69,13,151,0.899,0.101,85,47,,,backtest
2025-12-04,Belmont Bruins,Richmond Spiders,team1_home,83,73,10,156,0.8041,0.1959,76,84,,,backtest
2025-12-04,Alabama A&M Bulldogs,Tennessee State Tigers,team1_home,74,77,-3,151,0.3997,0.6003,80,53,,,backtest
2025-12-04,Omaha Mavericks,Northern Colorado Bears,team1_home,76,79,-3,155,0.3848,0.6152,70,75,,,backtest
2025-12-04,Northern Arizona Lumberjacks,South Dakota State Jackrabbits,team1_home,73,78,-5,151,0.3212,0.6788,62,75,,,backtest
2025-12-04,Monmouth Hawks,Princeton Tigers,team1_home,77,70,7,147,0.7601,0.2399,63,58,,,backtest
2025-12-04,Kansas City Roos,Idaho State Bengals,team1_home,70,81,-11,151,0.1541,0.8459,59,68,,,backtest
2025-12-04,Georgetown Hoyas,UMBC Retrievers,team1_home,74,76,-2,150,0.4096,0.5904,90,81,,,backtest
2025-12-04,Evansville Purple Aces,Ball State Cardinals,team1_home,71,74,-3,145,0.4229,0.5771,64,52,,,backtest
2025-12-04,Illinois State Redbirds,Eastern Kentucky Colonels,team1_home,82,72,10,154,0.822,0.178,89,78,,,backtest
2025-12-04,South Dakota Coyotes,Portland State Vikings,team1_home,75,77,-2,152,0.4149,0.5851,71,77,,,backtest
2025-12-04,Memphis Tigers,New Orleans Privateers,team1_home,78,74,4,152,0.6251,0.3749,86,70,,,backtest
2025-12-04,Montana Grizzlies,North Dakota State Bison,team1_home,74,79,-5,153,0.3291,0.6709,72,81,,,backtest
2025-12-04,Weber State Wildcats,Oral Roberts Golden Eagles,team1_home,82,72,10,154,0.8373,0.1627,92,66,,,backtest
2025-12-04,Rice Owls,Texas State Bobcats,team1_home,75,75,0,150,0.4862,0.5138,77,72,,,backtest
2025-12-04,Montana State Bobcats,St. Thomas-Minnesota Tommies,team1_home,76,78,-2,154,0.4189,0.5811,82,74,,,backtest
2025-12-04,Wisconsin Badgers,Northwestern Wildcats,team1_home,82,73,9,155,0.7727,0.2273,85,73,,,backtest
2025-12-04,Idaho Vandals,North Dakota Fighting Hawks,team1_home,81,72,9,153,0.7978,0.2022,90,58,,,backtest
2025-12-04,Denver Pioneers,Eastern Washington Eagles,team1_home,81,78,3,159,0.5908,0.4092,93,89,,,backtest
2025-12-04,Air Force Falcons,Pacific Tigers,team1_home,65,81,-16,146,0.0582,0.9418,65,80,,,backtest
2025-12-04,Texas Longhorns,Virginia Cavaliers,team1_home,77,79,-2,156,0.44,0.56,69,88,,,backtest
2025-12-04,Georgia Tech Yellow Jackets,Mississippi State Bulldogs,team1_home,78,75,3,153,0.5832,0.4168,73,85,,,backtest
2025-12-04,Oregon State Beavers,Vermont Catamounts,team1_home,73,76,-3,149,0.3843,0.6157,80,58,,,backtest
2025-12-04,Santa Clara Broncos,Utah Tech Trailblazers,team1_home,83,72,11,155,0.8424,0.1576,90,80,,,backtest
2025-12-04,San Diego State Aztecs,Utah Valley Wolverines,team1_home,77,75,2,152,0.5591,0.4409,77,66,,,backtest
2025-12-04,San Francisco Dons,North Alabama Lions,team1_home,81,69,12,150,0.8845,0.1155,63,65,,,backtest
2025-12-04,Washington Huskies,UCLA Bruins,team1_home,76,77,-1,153,0.4658,0.5342,80,82,,,backtest
2025-12-05,Davidson Wildcats,The Citadel Bulldogs,team1_home,81,67,14,148,0.9186,0.0814,79,63,,,backtest
2025-12-05,South Florida Bulls,Utah State Aggies,team1_home,80,78,2,158,0.5381,0.4619,74,61,,,backtest
2025-12-05,Merrimack Warriors,Rider Broncs,team1_home,81,64,17,145,0.9611,0.0389,68,66,,,backtest
2025-12-05,Green Bay Phoenix,Robert Morris Colonials,team1_home,76,78,-2,154,0.447,0.553,78,80,,,backtest
2025-12-05,UC Santa Barbara Gauchos,Long Beach State Beach,team1_home,82,70,12,152,0.8628,0.1372,84,77,,,backtest
2025-12-05,Cal State Northridge Matadors,Cal State Bakersfield Roadrunners,team1_home,82,70,12,152,0.8549,0.1451,87,66,,,backtest
2025-12-05,Cal State Fullerton Titans,Cal Poly Mustangs,team1_home,80,75,5,155,0.6742,0.3258,91,94,,,backtest
2025-12-05,UC Irvine Anteaters,UC Riverside Highlanders,team1_home,81,68,13,149,0.8768,0.1232,73,60,,,backtest
2025-12-05,Hawai'i Rainbow Warriors,UC Davis Aggies,team1_home,80,71,9,151,0.7732,0.2268,75,69,,,backtest
2025-12-06,UConn Huskies,East Texas A&M Lions,team1_home,85,63,22,148,0.9846,0.0154,83,59,,,backtest
2025-12-06,Kentucky Wildcats,Gonzaga Bulldogs,neutral,73,82,-9,155,0.1973,0.8027,59,94,,,backtest
2025-12-06,Bethune-Cookman Wildcats,South Carolina State Bulldogs,team1_home,81,68,13,149,0.8703,0.1297,80,59,,,backtest
2025-12-06,High Point Panthers,NJIT Highlanders,team1_home,87,64,23,151,0.9818,0.0182,89,72,,,backtest
2025-12-06,East Tennessee State Buccaneers,South Alabama Jaguars,team1_home,79,72,7,151,0.7329,0.2671,91,65,,,backtest
2025-12-06,VCU Rams,Samford Bulldogs,team1_home,83,73,10,156,0.8181,0.1819,83,57,,,backtest
2025-12-06,Iona Gaels,Quinnipiac Bobcats,team1_home,76,73,3,149,0.6116,0.3884,68,89,,,backtest
2025-12-06,Lafayette Leopards,Mercyhurst Lakers,team1_home,72,74,-2,146,0.4498,0.5502,79,71,,,backtest
2025-12-06,Brown Bears,Bryant Bulldogs,team1_home,76,68,8,144,0.7688,0.2312,75,56,,,backtest
2025-12-06,Siena Saints,Niagara Purple Eagles,team1_home,80,65,15,145,0.9357,0.0643,83,54,,,backtest
2025-12-06,Saint Peter's Peacocks,Canisius Golden Griffins,team1_home,78,66,12,144,0.8838,0.1162,69,57,,,backtest
2025-12-06,Marist Red Foxes,Mount St. Mary's Mountaineers,team1_home,77,67,10,144,0.8347,0.1653,64,56,,,backtest
2025-12-06,Manhattan Jaspers,Fairfield Stags,team1_home,74,77,-3,151,0.3672,0.6328,70,66,,,backtest
2025-12-06,Drake Bulldogs,UAB Blazers,team1_home,75,77,-2,152,0.4269,0.5731,69,74,,,backtest
2025-12-06,Xavier Musketeers,Cincinnati Bearcats,team1_home,75,76,-1,151,0.472,0.528,79,74,,,backtest
2025-12-06,McNeese Cowboys,Northwestern State Demons,team1_home,83,65,18,148,0.968,0.032,92,54,,,backtest
2025-12-06,TCU Horned Frogs,Notre Dame Fighting Irish,team1_home,80,71,9,151,0.7802,0.2198,85,87,,,backtest
2025-12-06,San José State Spartans,San Diego Toreros,team1_home,76,76,0,152,0.5163,0.4837,86,69,,,backtest
2025-12-06,Purdue Boilermakers,Iowa State Cyclones,team1_home,77,77,0,154,0.4929,0.5071,58,81,,,backtest
2025-12-07,Arizona Wildcats,Auburn Tigers,team1_home,84,73,11,157,0.8295,0.1705,97,68,,,backtest
2025-12-06,Michigan Wolverines,Rutgers Scarlet Knights,team1_home,86,67,19,153,0.9636,0.0364,101,60,,,backtest
2025-12-06,Michigan State Spartans,Duke Blue Devils,team1_home,73,78,-5,151,0.3208,0.6792,60,66,,,backtest
2025-12-06,Louisville Cardinals,Indiana Hoosiers,neutral,81,75,6,156,0.6707,0.3293,87,78,,,backtest
2025-12-07,Houston Cougars,Florida State Seminoles,neutral,82,71,11,153,0.824,0.176,82,67,,,backtest
2025-12-07,Tennessee Volunteers,Illinois Fighting Illini,neutral,76,80,-4,156,0.3588,0.6412,62,75,,,backtest
2025-12-07,St. John's Red Storm,Ole Miss Rebels,team1_home,82,71,11,153,0.8482,0.1518,63,58,,,backtest
2025-12-06,USC Trojans,Washington Huskies,team1_home,77,77,0,154,0.4809,0.5191,76,84,,,backtest
2025-12-06,Arkansas Razorbacks,Fresno State Bulldogs,team1_home,85,71,14,156,0.8783,0.1217,82,58,,,backtest
2025-12-06,Georgia Tech Yellow Jackets,Monmouth Hawks,team1_home,74,75,-1,149,0.4508,0.5492,79,67,,,backtest
2025-12-06,Boston College Eagles,New Haven Chargers,team1_home,74,68,6,142,0.7281,0.2719,67,63,,,backtest
2025-12-06,Providence Friars,Rhode Island Rams,team1_home,80,74,6,154,0.6799,0.3201,90,71,,,backtest
2025-12-06,Virginia Cavaliers,Dayton Flyers,neutral,79,72,7,151,0.7197,0.2803,86,73,,,backtest
2025-12-06,Miami Hurricanes,Southern Miss Golden Eagles,team1_home,84,69,15,153,0.9046,0.0954,88,64,,,backtest
2025-12-06,Bucknell Bison,UMBC Retrievers,team1_home,68,80,-12,148,0.1345,0.8655,66,73,,,backtest
2025-12-06,Richmond Spiders,Old Dominion Monarchs,team1_home,80,73,7,153,0.7386,0.2614,86,77,,,backtest
2025-12-06,Bowling Green Falcons,Utah Valley Wolverines,team1_home,76,76,0,152,0.4973,0.5027,71,82,,,backtest
2025-12-06,Miami (OH) RedHawks,Maine Black Bears,team1_home,85,64,21,149,0.9771,0.0229,93,61,,,backtest
2025-12-06,NC State Wolfpack,UNC Asheville Bulldogs,team1_home,84,71,13,155,0.8723,0.1277,75,63,,,backtest
2025-12-06,La Salle Explorers,Drexel Dragons,team1_home,71,74,-3,145,0.3799,0.6201,69,64,,,backtest
2025-12-06,SIU Edwardsville Cougars,Western Michigan Broncos,team1_home,79,70,9,149,0.7781,0.2219,73,83,,,backtest
2025-12-06,James Madison Dukes,Norfolk State Spartans,team1_home,78,72,6,150,0.7272,0.2728,68,67,,,backtest
2025-12-06,Delaware State Hornets,Delaware Blue Hens,team1_home,69,74,-5,143,0.3217,0.6783,75,72,,,backtest
2025-12-06,Winthrop Eagles,Coastal Carolina Chanticleers,team1_home,81,72,9,153,0.7806,0.2194,84,88,,,backtest
2025-12-06,Gardner-Webb Runnin' Bulldogs,Georgia Southern Eagles,team1_home,69,84,-15,153,0.08,0.92,84,88,,,backtest
2025-12-06,Presbyterian Blue Hose,Morehead State Eagles,team1_home,76,74,2,150,0.5815,0.4185,80,72,,,backtest
2025-12-06,South Carolina Upstate Spartans,Western Carolina Catamounts,team1_home,75,77,-2,152,0.4242,0.5758,78,67,,,backtest
2025-12-06,Northwestern Wildcats,Ohio State Buckeyes,team1_home,75,78,-3,153,0.4246,0.5754,82,86,,,backtest
2025-12-06,West Georgia Wolves,Tennessee Tech Golden Eagles,team1_home,78,74,4,152,0.6216,0.3784,59,87,,,backtest
2025-12-06,South Carolina Gamecocks,Stetson Hatters,team1_home,80,72,8,152,0.7587,0.2413,82,51,,,backtest
2025-12-06,Florida International Panthers,Jacksonville Dolphins,team1_home,79,73,6,152,0.7056,0.2944,88,65,,,backtest
2025-12-06,American University Eagles,Maryland Eastern Shore Hawks,team1_home,79,66,13,145,0.897,0.103,78,60,,,backtest
2025-12-06,Wisconsin Badgers,Marquette Golden Eagles,team1_home,83,72,11,155,0.8416,0.1584,96,76,,,backtest
2025-12-06,Liberty Flames,Coppin State Eagles,team1_home,85,64,21,149,0.983,0.017,92,50,,,backtest
2025-12-06,Butler Bulldogs,Boise State Broncos,team1_home,77,78,-1,155,0.4916,0.5084,68,77,,,backtest
2025-12-06,IU Indianapolis Jaguars,Youngstown State Penguins,team1_home,77,80,-3,157,0.3953,0.6047,55,78,,,backtest
2025-12-06,Cleveland State Vikings,Detroit Mercy Titans,team1_home,78,80,-2,158,0.4354,0.5646,59,71,,,backtest
2025-12-06,Purdue Fort Wayne Mastodons,Northern Kentucky Norse,team1_home,76,80,-4,156,0.3739,0.6261,79,77,,,backtest
2025-12-06,Buffalo Bulls,St. Bonaventure Bonnies,team1_home,80,76,4,156,0.6262,0.3738,69,77,,,backtest
2025-12-06,Duquesne Dukes,Stony Brook Seawolves,team1_home,78,72,6,150,0.6942,0.3058,84,75,,,backtest
2025-12-06,Fordham Rams,Holy Cross Crusaders,team1_home,78,68,10,146,0.8291,0.1709,69,70,,,backtest
2025-12-06,Furman Paladins,Harvard Crimson,team1_home,76,73,3,149,0.5989,0.4011,79,69,,,backtest
2025-12-06,Loyola Chicago Ramblers,Princeton Tigers,team1_home,73,74,-1,147,0.4699,0.5301,73,68,,,backtest
2025-12-06,Kennesaw State Owls,Georgia State Panthers,team1_home,82,70,12,152,0.8516,0.1484,92,69,,,backtest
2025-12-06,South Dakota State Jackrabbits,Idaho Vandals,team1_home,76,76,0,152,0.5216,0.4784,81,84,,,backtest
2025-12-06,Oakland Golden Grizzlies,Toledo Rockets,team1_home,80,79,1,159,0.5281,0.4719,98,97,,,backtest
2025-12-06,Tulsa Golden Hurricane,Missouri State Bears,team1_home,83,71,12,154,0.8493,0.1507,98,74,,,backtest
2025-12-06,Murray State Racers,Bellarmine Knights,team1_home,81,78,3,159,0.5952,0.4048,81,68,,,backtest
2025-12-06,Virginia Tech Hokies,George Mason Patriots,team1_home,77,75,2,152,0.536,0.464,73,62,,,backtest
2025-12-06,North Carolina Central Eagles,North Carolina A&T Aggies,team1_home,74,77,-3,151,0.4151,0.5849,54,69,,,backtest
2025-12-06,Wofford Terriers,Elon Phoenix,team1_home,80,76,4,156,0.644,0.356,52,73,,,backtest
2025-12-06,Ohio Bobcats,Marshall Thundering Herd,team1_home,77,80,-3,157,0.415,0.585,88,81,,,backtest
2025-12-06,Massachusetts Minutemen,UMass Lowell River Hawks,team1_home,81,72,9,153,0.7836,0.2164,80,60,,,backtest
2025-12-06,Iowa Hawkeyes,Maryland Terrapins,team1_home,83,66,17,149,0.9432,0.0568,83,64,,,backtest
2025-12-06,Wyoming Cowboys,Dartmouth Big Green,team1_home,81,71,10,152,0.8266,0.1734,93,80,,,backtest
2025-12-06,Louisiana Ragin' Cajuns,UNC Wilmington Seahawks,team1_home,68,79,-11,147,0.1526,0.8474,63,70,,,backtest
2025-12-06,Abilene Christian Wildcats,New Mexico State Aggies,team1_home,72,76,-4,148,0.3693,0.6307,77,69,,,backtest
2025-12-06,Western Kentucky Hilltoppers,Evansville Purple Aces,team1_home,83,67,16,150,0.9299,0.0701,80,79,,,backtest
2025-12-06,East Carolina Pirates,UNC Greensboro Spartans,team1_home,77,77,0,154,0.501,0.499,78,82,,,backtest
2025-12-06,Binghamton Bearcats,Le Moyne Dolphins,team1_home,72,77,-5,149,0.326,0.674,63,78,,,backtest
2025-12-06,Tulane Green Wave,Akron Zips,team1_home,73,82,-9,155,0.2087,0.7913,71,88,,,backtest
2025-12-06,Kansas State Wildcats,Seton Hall Pirates,team1_home,74,76,-2,150,0.4217,0.5783,67,78,,,backtest
2025-12-06,Morgan State Bears,Longwood Lancers,team1_home,73,78,-5,151,0.3422,0.6578,80,84,,,backtest
2025-12-06,Nicholls Colonels,Incarnate Word Cardinals,team1_home,77,73,4,150,0.6163,0.3837,74,67,,,backtest
2025-12-06,Temple Owls,Saint Joseph's Hawks,neutral,75,74,1,149,0.532,0.468,69,70,,,backtest
2025-12-06,Chattanooga Mocs,Southeast Missouri State Redhawks,team1_home,77,74,3,151,0.5816,0.4184,70,74,,,backtest
2025-12-06,Memphis Tigers,Baylor Bears,team1_home,76,79,-3,155,0.4055,0.5945,78,71,,,backtest
2025-12-06,Portland State Vikings,Omaha Mavericks,team1_home,79,71,8,150,0.7481,0.2519,55,60,,,backtest
2025-12-06,Pepperdine Waves,Vermont Catamounts,team1_home,70,79,-9,149,0.2059,0.7941,56,65,,,backtest
2025-12-06,Oregon State Beavers,Southern Utah Thunderbirds,team1_home,79,72,7,151,0.7587,0.2413,81,70,,,backtest
2025-12-06,Eastern Washington Eagles,Kansas City Roos,team1_home,85,68,17,153,0.9558,0.0442,90,66,,,backtest
2025-12-06,Texas Southern Tigers,Sam Houston Bearkats,team1_home,74,81,-7,155,0.2747,0.7253,70,82,,,backtest
2025-12-06,Colorado State Rams,Colorado Buffaloes,team1_home,80,75,5,155,0.6844,0.3156,91,86,,,backtest
2025-12-06,California Golden Bears,Pacific Tigers,team1_home,77,73,4,150,0.6532,0.3468,67,61,,,backtest
2025-12-06,Lehigh Mountain Hawks,Long Island University Sharks,team1_home,74,76,-2,150,0.4241,0.5759,82,87,,,backtest
2025-12-06,Columbia Lions,UAlbany Great Danes,team1_home,79,71,8,150,0.7868,0.2132,93,65,,,backtest
2025-12-06,UCLA Bruins,Oregon Ducks,team1_home,83,69,14,152,0.897,0.103,74,63,,,backtest
2025-12-06,Idaho State Bengals,Denver Pioneers,team1_home,80,78,2,158,0.5733,0.4267,93,79,,,backtest
2025-12-06,West Virginia Mountaineers,Wake Forest Demon Deacons,neutral,76,74,2,150,0.5717,0.4283,66,75,,,backtest
2025-12-06,George Washington Revolutionaries,William & Mary Tribe,team1_home,81,76,5,157,0.6867,0.3133,99,86,,,backtest
2025-12-06,New Orleans Privateers,Houston Christian Huskies,team1_home,78,72,6,150,0.6993,0.3007,76,85,,,backtest
2025-12-07,New Hampshire Wildcats,Boston University Terriers,team1_home,71,79,-8,150,0.2161,0.7839,88,82,,,backtest
2025-12-07,Lamar Cardinals,Texas A&M-Corpus Christi Islanders,team1_home,74,71,3,145,0.5801,0.4199,49,57,,,backtest
2025-12-07,Utah Utes,California Baptist Lancers,team1_home,73,78,-5,151,0.3288,0.6712,91,85,,,backtest
2025-12-07,Cal Poly Mustangs,UC Riverside Highlanders,team1_home,80,73,7,153,0.7182,0.2818,84,88,,,backtest
2025-12-07,Villanova Wildcats,Pennsylvania Quakers,team1_home,80,71,9,151,0.7628,0.2372,90,63,,,backtest
2025-12-07,Grand Canyon Lopes,Oklahoma State Cowboys,neutral,79,75,4,154,0.6379,0.3621,78,84,,,backtest
2025-12-07,North Dakota Fighting Hawks,Montana Grizzlies,team1_home,77,77,0,154,0.4976,0.5024,75,79,,,backtest
2025-12-07,North Dakota State Bison,Northern Arizona Lumberjacks,team1_home,84,67,17,151,0.9437,0.0563,69,68,,,backtest
2025-12-07,Oral Roberts Golden Eagles,Montana State Bobcats,team1_home,73,80,-7,153,0.2662,0.7338,72,68,,,backtest
2025-12-07,Bradley Braves,Northern Illinois Huskies,team1_home,84,66,18,150,0.9513,0.0487,84,55,,,backtest
2025-12-07,Northern Iowa Panthers,Wichita State Shockers,team1_home,75,72,3,147,0.5876,0.4124,69,74,,,backtest
2025-12-07,Milwaukee Panthers,Robert Morris Colonials,team1_home,75,79,-4,154,0.3371,0.6629,74,72,,,backtest
2025-12-07,Illinois State Redbirds,Chicago State Cougars,team1_home,82,66,16,148,0.9523,0.0477,95,53,,,backtest
2025-12-07,Northern Colorado Bears,South Dakota Coyotes,team1_home,83,73,10,156,0.8034,0.1966,89,87,,,backtest
2025-12-07,DePaul Blue Demons,Arkansas-Pine Bluff Golden Lions,team1_home,79,71,8,150,0.7692,0.2308,76,72,,,backtest
2025-12-07,New Mexico Lobos,Santa Clara Broncos,team1_home,79,76,3,155,0.5851,0.4149,98,71,,,backtest
2025-12-07,UC Santa Barbara Gauchos,Cal State Bakersfield Roadrunners,team1_home,85,68,17,153,0.9415,0.0585,109,84,,,backtest
2025-12-07,Long Beach State Beach,UC San Diego Tritons,team1_home,72,78,-6,150,0.3313,0.6687,74,80,,,backtest
2025-12-07,Little Rock Trojans,Arkansas State Red Wolves,team1_home,72,80,-8,152,0.2573,0.7427,78,90,,,backtest
2025-12-07,Arizona State Sun Devils,Oklahoma Sooners,neutral,75,81,-6,156,0.302,0.698,86,70,,,backtest
2025-12-07,UC Irvine Anteaters,Cal State Northridge Matadors,team1_home,79,72,7,151,0.7192,0.2808,85,71,,,backtest
2025-12-07,Hawai'i Rainbow Warriors,Cal State Fullerton Titans,team1_home,81,72,9,153,0.7998,0.2002,69,59,,,backtest
2025-12-08,Gonzaga Bulldogs,North Florida Ospreys,team1_home,87,67,20,154,0.9646,0.0354,109,58,,,backtest
2025-12-07,Alabama Crimson Tide,UTSA Roadrunners,team1_home,87,69,18,156,0.9491,0.0509,97,55,,,backtest
2025-12-07,North Carolina Tar Heels,Georgetown Hoyas,team1_home,81,71,10,152,0.8215,0.1785,81,61,,,backtest
2025-12-07,Texas Tech Red Raiders,LSU Tigers,neutral,80,77,3,157,0.6281,0.3719,82,58,,,backtest
2025-12-07,Kansas Jayhawks,Missouri Tigers,neutral,78,75,3,153,0.5775,0.4225,80,60,,,backtest
2025-12-07,Navy Midshipmen,Air Force Falcons,team1_home,87,59,28,146,0.998,0.002,61,56,,,backtest
2025-12-07,St. Thomas-Minnesota Tommies,Weber State Wildcats,team1_home,83,73,10,156,0.8135,0.1865,88,65,,,backtest
2025-12-07,Merrimack Warriors,Fairfield Stags,team1_home,75,72,3,147,0.6026,0.3974,74,63,,,backtest
2025-12-07,Northeastern Huskies,Central Connecticut Blue Devils,team1_home,76,76,0,152,0.4678,0.5322,73,56,,,backtest
2025-12-07,UT Rio Grande Valley Vaqueros,Austin Peay Governors,team1_home,76,75,1,151,0.5596,0.4404,63,50,,,backtest
2025-12-07,Davidson Wildcats,Saint Mary's Gaels,team1_home,71,77,-6,148,0.2762,0.7238,61,70,,,backtest
2025-12-07,Sacred Heart Pioneers,Iona Gaels,team1_home,76,75,1,151,0.5105,0.4895,69,81,,,backtest
2025-12-07,Florida Gulf Coast Eagles,Florida Atlantic Owls,team1_home,77,76,1,153,0.5387,0.4613,76,81,,,backtest
2025-12-07,Charlotte 49ers,Utah State Aggies,team1_home,74,79,-5,153,0.3454,0.6546,53,79,,,backtest
2025-12-07,Quinnipiac Bobcats,Rider Broncs,team1_home,82,65,17,147,0.9478,0.0522,72,58,,,backtest
2025-12-07,Yale Bulldogs,UIC Flames,team1_home,81,71,10,152,0.8054,0.1946,80,66,,,backtest
2025-12-07,Saint Peter's Peacocks,Niagara Purple Eagles,team1_home,78,67,11,145,0.8576,0.1424,71,43,,,backtest
2025-12-07,Siena Saints,Canisius Golden Griffins,team1_home,80,64,16,144,0.9493,0.0507,74,52,,,backtest
2025-12-07,Marist Red Foxes,Manhattan Jaspers,team1_home,79,68,11,147,0.867,0.133,80,68,,,backtest
2025-12-07,Radford Highlanders,Saint Francis Red Flash,team1_home,84,70,14,154,0.9003,0.0997,89,56,,,backtest
2025-12-07,Stephen F. Austin Lumberjacks,UL Monroe Warhawks,team1_home,86,65,21,151,0.9767,0.0233,96,76,,,backtest
2025-12-07,UT Martin Skyhawks,Alabama State Hornets,team1_home,77,68,9,145,0.8008,0.1992,74,64,,,backtest
2025-12-07,Saint Louis Billikens,Central Michigan Chippewas,team1_home,86,67,19,153,0.9522,0.0478,107,65,,,backtest
2025-12-07,Mississippi State Bulldogs,San Francisco Dons,neutral,75,79,-4,154,0.356,0.644,62,65,,,backtest
2025-12-07,UCF Knights,Towson Tigers,team1_home,79,72,7,151,0.7287,0.2713,86,61,,,backtest
2025-12-07,Stanford Cardinal,UNLV Rebels,team1_home,80,75,5,155,0.6506,0.3494,74,75,,,backtest
2025-12-07,Pittsburgh Panthers,Hofstra Pride,team1_home,72,77,-5,149,0.3276,0.6724,73,80,,,backtest
2025-12-07,Middle Tennessee Blue Raiders,Belmont Bruins,team1_home,74,80,-6,154,0.3023,0.6977,62,83,,,backtest
2025-12-07,SE Louisiana Lions,Northwestern State Demons,team1_home,74,71,3,145,0.6139,0.3861,68,76,,,backtest
2025-12-07,Lipscomb Bisons,Alabama A&M Bulldogs,team1_home,80,72,8,152,0.7396,0.2604,92,58,,,backtest
2025-12-07,Washington State Cougars,Nevada Wolf Pack,team1_home,75,78,-3,153,0.4158,0.5842,64,78,,,backtest
2025-12-07,Nebraska Cornhuskers,Creighton Bluejays,team1_home,82,69,13,151,0.8831,0.1169,71,50,,,backtest
2025-12-07,Wright State Raiders,Green Bay Phoenix,team1_home,81,74,7,155,0.7389,0.2611,86,58,,,backtest
2025-12-07,SMU Mustangs,Texas A&M Aggies,neutral,80,81,-1,161,0.4846,0.5154,93,80,,,backtest
2025-12-07,North Texas Mean Green,TCU Horned Frogs,team1_home,73,75,-2,148,0.4216,0.5784,55,65,,,backtest
2025-12-07,East Texas A&M Lions,Central Arkansas Bears,team1_home,71,79,-8,150,0.2268,0.7732,75,68,,,backtest
2025-12-08,Samford Bulldogs,Cornell Big Red,team1_home,80,79,1,159,0.5384,0.4616,93,90,,,backtest
2025-12-08,Seattle U Redhawks,UTEP Miners,team1_home,77,68,9,145,0.7913,0.2087,75,68,,,backtest
2025-12-08,Pennsylvania Quakers,Lafayette Leopards,team1_home,79,70,9,149,0.8121,0.1879,74,72,,,backtest
2025-12-09,Charleston Southern Buccaneers,South Carolina State Bulldogs,team1_home,83,68,15,151,0.9201,0.0799,84,44,,,backtest
2025-12-09,Southern Miss Golden Eagles,Grambling Tigers,team1_home,76,71,5,147,0.6731,0.3269,68,60,,,backtest
2025-12-09,Texas Longhorns,Southern Jaguars,team1_home,84,72,12,156,0.8483,0.1517,95,69,,,backtest
2025-12-09,Kansas State Wildcats,Mississippi Valley State Delta Devils,team1_home,86,66,20,152,0.9732,0.0268,108,49,,,backtest
2025-12-09,New Orleans Privateers,Incarnate Word Cardinals,team1_home,78,73,5,151,0.677,0.323,84,83,,,backtest
2025-12-09,Michigan Wolverines,Villanova Wildcats,team1_home,83,72,11,155,0.8408,0.1592,89,61,,,backtest
2025-12-10,UConn Huskies,Florida Gators,neutral,76,78,-2,154,0.4182,0.5818,77,73,,,backtest
2025-12-09,BYU Cougars,Clemson Tigers,neutral,77,76,1,153,0.5052,0.4948,67,64,,,backtest
2025-12-10,Ohio State Buckeyes,Illinois Fighting Illini,team1_home,77,78,-1,155,0.4886,0.5114,80,88,,,backtest
2025-12-10,Virginia Cavaliers,Maryland Eastern Shore Hawks,team1_home,86,62,24,148,0.9931,0.0069,84,60,,,backtest
2025-12-09,UMBC Retrievers,Buffalo Bulls,team1_home,80,73,7,153,0.7276,0.2724,79,83,,,backtest
2025-12-09,VMI Keydets,Loyola Maryland Greyhounds,team1_home,74,79,-5,153,0.3217,0.6783,86,70,,,backtest
2025-12-10,Kentucky Wildcats,North Carolina Central Eagles,team1_home,84,67,17,151,0.9468,0.0532,103,67,,,backtest
2025-12-10,Howard Bison,North Carolina A&T Aggies,neutral,79,71,8,150,0.7843,0.2157,73,69,,,backtest
2025-12-10,Saint Joseph's Hawks,Coppin State Eagles,team1_home,83,64,19,147,0.9693,0.0307,87,65,,,backtest
2025-12-10,Ball State Cardinals,South Dakota State Jackrabbits,team1_home,72,76,-4,148,0.3773,0.6227,64,68,,,backtest
2025-12-10,West Virginia Mountaineers,Little Rock Trojans,team1_home,79,66,13,145,0.8949,0.1051,90,58,,,backtest
2025-12-10,Stony Brook Seawolves,Columbia Lions,team1_home,75,75,0,150,0.4795,0.5205,77,73,,,backtest
2025-12-10,Rhode Island Rams,McNeese Cowboys,team1_home,71,77,-6,148,0.3103,0.6897,64,66,,,backtest
2025-12-10,Rider Broncs,Bucknell Bison,team1_home,72,74,-2,146,0.4423,0.5577,38,51,,,backtest
2025-12-10,Providence Friars,Brown Bears,team1_home,83,70,13,153,0.8666,0.1334,86,79,,,backtest
2025-12-10,DePaul Blue Demons,Morgan State Bears,team1_home,79,69,10,148,0.8153,0.1847,92,49,,,backtest
2025-12-10,Indiana Hoosiers,Penn State Nittany Lions,team1_home,82,72,10,154,0.8089,0.1911,113,72,,,backtest
2025-12-10,Wyoming Cowboys,South Dakota Coyotes,team1_home,82,73,9,155,0.7986,0.2014,106,79,,,backtest
2025-12-10,San Diego Toreros,USC Trojans,team1_home,76,77,-1,153,0.4595,0.5405,81,94,,,backtest
2025-12-10,Colorado State Rams,Dartmouth Big Green,team1_home,82,71,11,153,0.8563,0.1437,76,55,,,backtest
2025-12-10,Arizona State Sun Devils,Northern Arizona Lumberjacks,team1_home,81,71,10,152,0.8104,0.1896,73,48,,,backtest
2025-12-10,San José State Spartans,Long Beach State Beach,team1_home,76,75,1,151,0.5371,0.4629,89,83,,,backtest
2025-12-11,Purdue Boilermakers,Minnesota Golden Gophers,team1_home,81,71,10,152,0.8163,0.1837,85,57,,,backtest
2025-12-11,Houston Cougars,Jackson State Tigers,team1_home,87,63,24,150,0.9915,0.0085,80,38,,,backtest
2025-12-11,Nebraska Cornhuskers,Wisconsin Badgers,team1_home,80,74,6,154,0.6965,0.3035,90,60,,,backtest
2025-12-10,Baylor Bears,Norfolk State Spartans,team1_home,82,72,10,154,0.8119,0.1881,97,67,,,backtest
2025-12-10,Yale Bulldogs,UAlbany Great Danes,neutral,81,70,11,151,0.8412,0.1588,93,82,,,backtest
2025-12-10,Princeton Tigers,Merrimack Warriors,team1_home,72,74,-2,146,0.431,0.569,56,59,,,backtest
2025-12-10,UNC Asheville Bulldogs,Miami (OH) RedHawks,team1_home,73,82,-9,155,0.2025,0.7975,87,90,,,backtest
2025-12-11,NJIT Highlanders,New Haven Chargers,team1_home,73,69,4,142,0.6174,0.3826,70,64,,,backtest
2025-12-11,South Florida Bulls,Charleston Cougars,team1_home,83,73,10,156,0.8288,0.1712,81,75,,,backtest
2025-12-11,Marshall Thundering Herd,Western Kentucky Hilltoppers,team1_home,80,75,5,155,0.6629,0.3371,77,61,,,backtest
2025-12-11,VCU Rams,New Mexico Lobos,team1_home,80,75,5,155,0.6445,0.3555,78,81,,,backtest
2025-12-11,Boston University Terriers,Maine Black Bears,team1_home,79,67,12,146,0.8805,0.1195,59,69,,,backtest
2025-12-11,Iona Gaels,Bryant Bulldogs,team1_home,81,66,15,147,0.9167,0.0833,69,63,,,backtest
2025-12-11,Notre Dame Fighting Irish,Idaho Vandals,team1_home,76,76,0,152,0.4991,0.5009,80,65,,,backtest
2025-12-11,NC State Wolfpack,Liberty Flames,team1_home,81,76,5,157,0.6511,0.3489,85,45,,,backtest
2025-12-11,Boston College Eagles,Massachusetts Minutemen,neutral,73,77,-4,150,0.3372,0.6628,74,76,,,backtest
2025-12-11,St. Bonaventure Bonnies,Colgate Raiders,team1_home,79,75,4,154,0.6306,0.3694,85,77,,,backtest
2025-12-11,George Washington Revolutionaries,Delaware Blue Hens,team1_home,83,69,14,152,0.9107,0.0893,58,70,,,backtest
2025-12-11,Fordham Rams,Fairleigh Dickinson Knights,team1_home,77,67,10,144,0.839,0.161,75,54,,,backtest
2025-12-11,Southern Illinois Salukis,UT Martin Skyhawks,team1_home,74,70,4,144,0.6372,0.3628,83,54,,,backtest
2025-12-11,Eastern Illinois Panthers,Eastern Kentucky Colonels,team1_home,74,77,-3,151,0.3925,0.6075,59,68,,,backtest
2025-12-11,Tulsa Golden Hurricane,Arkansas-Pine Bluff Golden Lions,team1_home,85,70,15,155,0.9214,0.0786,117,84,,,backtest
2025-12-11,Kansas City Roos,Weber State Wildcats,team1_home,70,83,-13,153,0.105,0.895,60,64,,,backtest
2025-12-11,Utah Valley Wolverines,Idaho State Bengals,team1_home,82,71,11,153,0.8423,0.1577,73,69,,,backtest
2025-12-11,Purdue Fort Wayne Mastodons,Eastern Michigan Eagles,team1_home,77,74,3,151,0.5929,0.4071,80,65,,,backtest
2025-12-11,Texas State Bobcats,Southern Jaguars,team1_home,79,72,7,151,0.7058,0.2942,86,83,,,backtest
2025-12-11,Boise State Broncos,Duquesne Dukes,team1_home,80,73,7,153,0.7265,0.2735,86,64,,,backtest
2025-12-11,San Diego State Aztecs,Lamar Cardinals,team1_home,79,69,10,148,0.8236,0.1764,89,71,,,backtest
2025-12-11,Cal State Northridge Matadors,Fresno State Bulldogs,team1_home,78,75,3,153,0.6133,0.3867,89,87,,,backtest
2025-12-12,Iowa State Cyclones,Iowa Hawkeyes,team1_home,79,72,7,151,0.751,0.249,66,62,,,backtest
2025-12-11,IU Indianapolis Jaguars,Green Bay Phoenix,team1_home,78,80,-2,158,0.4321,0.5679,75,85,,,backtest
2025-12-12,East Carolina Pirates,App State Mountaineers,team1_home,72,76,-4,148,0.361,0.639,54,67,,,backtest
2025-12-12,Virginia Tech Hokies,Western Carolina Catamounts,team1_home,81,74,7,155,0.7323,0.2677,96,74,,,backtest
2025-12-12,UT Rio Grande Valley Vaqueros,UT Arlington Mavericks,team1_home,77,69,8,146,0.7596,0.2404,50,58,,,backtest
2025-12-12,Missouri Tigers,Alabama State Hornets,team1_home,83,70,13,153,0.8748,0.1252,85,77,,,backtest
2025-12-12,Syracuse Orange,Saint Joseph's Hawks,team1_home,76,73,3,149,0.5921,0.4079,71,63,,,backtest
2025-12-12,Cal State Bakersfield Roadrunners,North Dakota State Bison,team1_home,69,84,-15,153,0.096,0.904,69,80,,,backtest
2025-12-13,UConn Huskies,Texas Longhorns,team1_home,81,73,8,154,0.7578,0.2422,71,63,,,backtest
2025-12-12,UMBC Retrievers,Army Black Knights,team1_home,83,67,16,150,0.9353,0.0647,60,63,,,backtest
2025-12-13,Xavier Musketeers,Missouri State Bears,team1_home,78,75,3,153,0.5966,0.4034,75,57,,,backtest
2025-12-13,North Carolina A&T Aggies,Maryland Eastern Shore Hawks,team1_home,79,68,11,147,0.8369,0.1631,82,79,,,backtest
2025-12-13,Austin Peay Governors,East Tennessee State Buccaneers,team1_home,77,76,1,153,0.5177,0.4823,76,75,,,backtest
2025-12-13,McNeese Cowboys,East Texas A&M Lions,team1_home,84,64,20,148,0.9765,0.0235,102,66,,,backtest
2025-12-13,Eastern Washington Eagles,California Baptist Lancers,team1_home,74,77,-3,151,0.4226,0.5774,83,88,,,backtest
2025-12-14,Alabama Crimson Tide,Arizona Wildcats,neutral,77,83,-6,160,0.3099,0.6901,75,96,,,backtest
2025-12-14,Maryland Terrapins,Michigan Wolverines,team1_home,69,83,-14,152,0.1014,0.8986,83,101,,,backtest
2025-12-13,Purdue Boilermakers,Marquette Golden Eagles,team1_home,83,70,13,153,0.8785,0.1215,79,59,,,backtest
2025-12-13,Houston Cougars,New Orleans Privateers,team1_home,85,66,19,151,0.9553,0.0447,99,57,,,backtest
2025-12-14,Gonzaga Bulldogs,UCLA Bruins,neutral,82,72,10,154,0.7949,0.2051,82,72,,,backtest
2025-12-13,Penn State Nittany Lions,Michigan State Spartans,team1_home,72,80,-8,152,0.2394,0.7606,72,76,,,backtest
2025-12-14,BYU Cougars,UC Riverside Highlanders,team1_home,86,69,17,155,0.947,0.053,100,53,,,backtest
2025-12-13,Louisville Cardinals,Memphis Tigers,team1_home,85,69,16,154,0.9197,0.0803,99,73,,,backtest
2025-12-13,Illinois Fighting Illini,Nebraska Cornhuskers,team1_home,79,74,5,153,0.6878,0.3122,80,83,,,backtest
2025-12-13,North Carolina Tar Heels,South Carolina Upstate Spartans,team1_home,84,67,17,151,0.9345,0.0655,80,62,,,backtest
2025-12-13,Vanderbilt Commodores,Central Arkansas Bears,team1_home,84,74,10,158,0.8078,0.1922,83,72,,,backtest
2025-12-13,Arkansas Razorbacks,Texas Tech Red Raiders,neutral,80,79,1,159,0.5277,0.4723,93,86,,,backtest
2025-12-13,Florida Gators,George Washington Revolutionaries,neutral,83,75,8,158,0.7526,0.2474,80,70,,,backtest
2025-12-13,NC State Wolfpack,Kansas Jayhawks,team1_home,79,75,4,154,0.6389,0.3611,76,77,,,backtest
2025-12-13,Auburn Tigers,Chattanooga Mocs,neutral,80,76,4,156,0.6231,0.3769,92,78,,,backtest
2025-12-13,St. John's Red Storm,Iona Gaels,team1_home,82,70,12,152,0.8492,0.1508,91,64,,,backtest
2025-12-13,Florida Atlantic Owls,UAlbany Great Danes,team1_home,80,71,9,151,0.7981,0.2019,105,79,,,backtest
2025-12-13,Florida State Seminoles,Massachusetts Minutemen,neutral,79,77,2,156,0.5564,0.4436,95,103,,,backtest
2025-12-13,Wichita State Shockers,DePaul Blue Demons,team1_home,79,69,10,148,0.8202,0.1798,58,61,,,backtest
2025-12-13,Stony Brook Seawolves,Central Michigan Chippewas,team1_home,77,72,5,149,0.6814,0.3186,78,55,,,backtest
2025-12-13,Miami Hurricanes,UL Monroe Warhawks,team1_home,86,67,19,153,0.9701,0.0299,104,79,,,backtest
2025-12-13,George Mason Patriots,Old Dominion Monarchs,team1_home,81,70,11,151,0.8333,0.1667,73,61,,,backtest
2025-12-13,Elon Phoenix,Northern Illinois Huskies,team1_home,83,69,14,152,0.8985,0.1015,85,79,,,backtest
2025-12-13,Robert Morris Colonials,Toledo Rockets,team1_home,80,75,5,155,0.6522,0.3478,75,70,,,backtest
2025-12-13,Oklahoma State Cowboys,Oklahoma Sooners,neutral,78,81,-3,159,0.3945,0.6055,76,85,,,backtest
2025-12-13,Delaware Blue Hens,Cal State Northridge Matadors,team1_home,75,77,-2,152,0.4461,0.5539,66,88,,,backtest
2025-12-13,UNC Asheville Bulldogs,St. Thomas-Minnesota Tommies,team1_home,73,80,-7,153,0.2609,0.7391,59,80,,,backtest
2025-12-13,North Dakota Fighting Hawks,Western Illinois Leathernecks,team1_home,81,67,14,148,0.908,0.092,66,69,,,backtest
2025-12-13,Drake Bulldogs,North Dakota State Bison,team1_home,74,79,-5,153,0.3081,0.6919,94,99,,,backtest
2025-12-13,Georgia State Panthers,Jacksonville State Gamecocks,team1_home,72,75,-3,147,0.412,0.588,77,73,,,backtest
2025-12-13,Utah Valley Wolverines,UC Santa Barbara Gauchos,neutral,77,75,2,152,0.5791,0.4209,68,53,,,backtest
2025-12-13,Northwestern Wildcats,Jackson State Tigers,team1_home,84,67,17,151,0.9438,0.0562,93,53,,,backtest
2025-12-13,Dartmouth Big Green,Boston University Terriers,team1_home,75,78,-3,153,0.3985,0.6015,77,64,,,backtest
2025-12-13,NJIT Highlanders,Sacred Heart Pioneers,team1_home,73,75,-2,148,0.4356,0.5644,49,65,,,backtest
2025-12-13,Bellarmine Knights,Northern Kentucky Norse,team1_home,81,78,3,159,0.5866,0.4134,76,80,,,backtest
2025-12-13,Butler Bulldogs,Providence Friars,team1_home,80,79,1,159,0.533,0.467,113,110,,,backtest
2025-12-13,Fordham Rams,Manhattan Jaspers,team1_home,78,70,8,148,0.7911,0.2089,82,53,,,backtest
2025-12-13,Quinnipiac Bobcats,UMass Lowell River Hawks,team1_home,79,71,8,150,0.7591,0.2409,75,71,,,backtest
2025-12-13,Davidson Wildcats,Mercyhurst Lakers,team1_home,76,70,6,146,0.7078,0.2922,80,47,,,backtest
2025-12-13,Georgia Bulldogs,Cincinnati Bearcats,neutral,80,74,6,154,0.7017,0.2983,84,65,,,backtest
2025-12-13,Notre Dame Fighting Irish,Evansville Purple Aces,team1_home,82,68,14,150,0.9104,0.0896,82,58,,,backtest
2025-12-13,Maine Black Bears,Canisius Golden Griffins,team1_home,73,68,5,141,0.6733,0.3267,43,70,,,backtest
2025-12-13,South Dakota Coyotes,Prairie View A&M Panthers,team1_home,78,76,2,154,0.579,0.421,97,85,,,backtest
2025-12-13,Georgetown Hoyas,Saint Peter's Peacocks,team1_home,76,72,4,148,0.6312,0.3688,76,68,,,backtest
2025-12-13,Eastern Kentucky Colonels,Miami (OH) RedHawks,team1_home,75,82,-7,157,0.2983,0.7017,69,79,,,backtest
2025-12-13,New Mexico State Aggies,Tulsa Golden Hurricane,neutral,73,81,-8,154,0.2265,0.7735,70,83,,,backtest
2025-12-13,Howard Bison,Hampton Pirates,neutral,78,69,9,147,0.8068,0.1932,61,57,,,backtest
2025-12-13,Ole Miss Rebels,Southern Miss Golden Eagles,neutral,76,75,1,151,0.5487,0.4513,71,67,,,backtest
2025-12-13,Longwood Lancers,Delaware State Hornets,team1_home,81,64,17,145,0.9447,0.0553,76,81,,,backtest
2025-12-13,Louisiana Tech Bulldogs,Louisiana Ragin' Cajuns,team1_home,76,68,8,144,0.7904,0.2096,65,44,,,backtest
2025-12-13,Rice Owls,Arkansas State Red Wolves,team1_home,75,79,-4,154,0.3753,0.6247,77,76,,,backtest
2025-12-13,Valparaiso Beacons,UNC Wilmington Seahawks,team1_home,73,76,-3,149,0.3795,0.6205,70,73,,,backtest
2025-12-13,Creighton Bluejays,Kansas State Wildcats,team1_home,80,75,5,155,0.6727,0.3273,76,83,,,backtest
2025-12-13,Clemson Tigers,Mercer Bears,team1_home,80,72,8,152,0.7403,0.2597,70,63,,,backtest
2025-12-13,Belmont Bruins,UIC Flames,team1_home,81,72,9,153,0.7882,0.2118,87,84,,,backtest
2025-12-13,Oregon Ducks,UC Davis Aggies,team1_home,75,76,-1,151,0.4722,0.5278,104,62,,,backtest
2025-12-13,Marshall Thundering Herd,Wright State Raiders,team1_home,79,78,1,157,0.5117,0.4883,76,74,,,backtest
2025-12-13,Denver Pioneers,Cal State Fullerton Titans,team1_home,81,79,2,160,0.5856,0.4144,86,105,,,backtest
2025-12-13,Akron Zips,Murray State Racers,neutral,82,77,5,159,0.6522,0.3478,100,115,,,backtest
2025-12-13,Colorado Buffaloes,UTSA Roadrunners,team1_home,85,68,17,153,0.9485,0.0515,88,64,,,backtest
2025-12-13,Syracuse Orange,Hofstra Pride,team1_home,74,77,-3,151,0.4016,0.5984,69,70,,,backtest
2025-12-13,Bryant Bulldogs,Marist Red Foxes,team1_home,66,77,-11,143,0.1474,0.8526,74,82,,,backtest
2025-12-13,Morgan State Bears,Niagara Purple Eagles,team1_home,75,72,3,147,0.6232,0.3768,81,73,,,backtest
2025-12-13,Binghamton Bearcats,Central Connecticut Blue Devils,team1_home,72,77,-5,149,0.3122,0.6878,67,84,,,backtest
2025-12-13,Long Island University Sharks,La Salle Explorers,team1_home,81,67,14,148,0.9018,0.0982,70,60,,,backtest
2025-12-13,Villanova Wildcats,Pittsburgh Panthers,team1_home,81,70,11,151,0.8476,0.1524,79,61,,,backtest
2025-12-13,Houston Christian Huskies,SE Louisiana Lions,team1_home,75,70,5,145,0.6648,0.3352,71,74,,,backtest
2025-12-13,Oregon State Beavers,Montana State Bobcats,team1_home,74,76,-2,150,0.4239,0.5761,67,57,,,backtest
2025-12-13,California Golden Bears,Northwestern State Demons,team1_home,81,68,13,149,0.8915,0.1085,79,70,,,backtest
2025-12-13,Ohio Bobcats,St. Bonaventure Bonnies,neutral,75,80,-5,155,0.3626,0.6374,88,83,,,backtest
2025-12-13,Utah State Aggies,Illinois State Redbirds,neutral,80,73,7,153,0.7079,0.2921,83,78,,,backtest
2025-12-13,San Diego Toreros,Northern Arizona Lumberjacks,team1_home,79,72,7,151,0.7248,0.2752,78,69,,,backtest
2025-12-13,Washington Huskies,Southern Utah Thunderbirds,team1_home,83,70,13,153,0.8892,0.1108,105,69,,,backtest
2025-12-13,Northern Iowa Panthers,Oakland Golden Grizzlies,team1_home,80,71,9,151,0.7753,0.2247,75,63,,,backtest
2025-12-13,Richmond Spiders,Southern Illinois Salukis,team1_home,77,73,4,150,0.6283,0.3717,93,84,,,backtest
2025-12-13,Loyola Maryland Greyhounds,Mount St. Mary's Mountaineers,team1_home,76,73,3,149,0.5929,0.4071,73,81,,,backtest
2025-12-14,South Carolina Gamecocks,The Citadel Bulldogs,team1_home,81,70,11,151,0.8672,0.1328,71,55,,,backtest
2025-12-14,West Georgia Wolves,Georgia Southern Eagles,team1_home,77,79,-2,156,0.423,0.577,85,91,,,backtest
2025-12-14,Santa Clara Broncos,Arizona State Sun Devils,neutral,82,73,9,155,0.7801,0.2199,79,82,,,backtest
2025-12-14,San José State Spartans,Stanford Cardinal,team1_home,73,79,-6,152,0.2761,0.7239,82,86,,,backtest
2025-12-14,Dayton Flyers,North Florida Ospreys,team1_home,85,69,16,154,0.9279,0.0721,84,61,,,backtest
2025-12-14,Kentucky Wildcats,Indiana Hoosiers,team1_home,80,76,4,156,0.6357,0.3643,72,60,,,backtest
2025-12-14,Seton Hall Pirates,Rutgers Scarlet Knights,team1_home,79,68,11,147,0.841,0.159,81,59,,,backtest
2025-12-14,Grand Canyon Lopes,Coastal Carolina Chanticleers,team1_home,79,69,10,148,0.8265,0.1735,82,61,,,backtest
2025-12-14,Ohio State Buckeyes,West Virginia Mountaineers,neutral,77,73,4,150,0.6503,0.3497,89,88,,,backtest
2025-12-14,Saint Louis Billikens,San Francisco Dons,team1_home,84,70,14,154,0.896,0.104,85,75,,,backtest
2025-12-14,LSU Tigers,SMU Mustangs,neutral,78,81,-3,159,0.3911,0.6089,89,77,,,backtest
2025-12-14,Cal State Bakersfield Roadrunners,Pepperdine Waves,team1_home,76,75,1,151,0.5541,0.4459,62,70,,,backtest
2025-12-14,UNLV Rebels,Tennessee State Tigers,team1_home,77,77,0,154,0.5141,0.4859,60,63,,,backtest
2025-12-14,Utah Utes,Mississippi State Bulldogs,neutral,77,78,-1,155,0.4764,0.5236,74,82,,,backtest
2025-12-14,Nevada Wolf Pack,Duquesne Dukes,team1_home,80,73,7,153,0.7403,0.2597,78,75,,,backtest
2025-12-14,UC San Diego Tritons,Tulane Green Wave,neutral,77,72,5,149,0.6925,0.3075,93,67,,,backtest
2025-12-14,Hawai'i Rainbow Warriors,UTEP Miners,team1_home,82,66,16,148,0.9216,0.0784,66,61,,,backtest
2025-12-14,Iowa State Cyclones,Eastern Illinois Panthers,team1_home,87,61,26,148,0.995,0.005,78,53,,,backtest
2025-12-14,Virginia Tech Hokies,Maryland Eastern Shore Hawks,team1_home,82,66,16,148,0.9499,0.0501,82,53,,,backtest
2025-12-14,Temple Owls,Saint Francis Red Flash,team1_home,83,68,15,151,0.93,0.07,95,67,,,backtest
2025-12-14,Minnesota Golden Gophers,Texas Southern Tigers,team1_home,80,70,10,150,0.8193,0.1807,89,53,,,backtest
2025-12-14,East Carolina Pirates,Buffalo Bulls,team1_home,74,79,-5,153,0.3171,0.6829,73,70,,,backtest
2025-12-14,Missouri Tigers,Bethune-Cookman Wildcats,team1_home,82,72,10,154,0.7999,0.2001,82,60,,,backtest
2025-12-14,Vermont Catamounts,Merrimack Warriors,team1_home,76,70,6,146,0.6951,0.3049,66,59,,,backtest
2025-12-14,App State Mountaineers,High Point Panthers,neutral,70,81,-11,151,0.1619,0.8381,86,78,,,backtest
2025-12-14,Fairfield Stags,Monmouth Hawks,team1_home,76,73,3,149,0.6177,0.3823,73,65,,,backtest
2025-12-14,Campbell Fighting Camels,Ball State Cardinals,team1_home,78,71,7,149,0.7499,0.2501,69,64,,,backtest
2025-12-14,Milwaukee Panthers,Indiana State Sycamores,team1_home,78,74,4,152,0.6366,0.3634,68,70,,,backtest
2025-12-14,Radford Highlanders,Coppin State Eagles,team1_home,85,67,18,152,0.961,0.039,107,77,,,backtest
2025-12-14,UAB Blazers,Troy Trojans,team1_home,77,75,2,152,0.5686,0.4314,85,86,,,backtest
2025-12-14,Iowa Hawkeyes,Western Michigan Broncos,team1_home,83,68,15,151,0.9242,0.0758,91,51,,,backtest
2025-12-14,New Mexico Lobos,Florida Gulf Coast Eagles,team1_home,82,72,10,154,0.8179,0.1821,75,59,,,backtest
2025-12-14,Charleston Cougars,Charlotte 49ers,team1_home,78,74,4,152,0.6247,0.3753,74,67,,,backtest
2025-12-14,Portland Pilots,Kent State Golden Flashes,team1_home,75,80,-5,155,0.3178,0.6822,88,78,,,backtest
2025-12-14,Purdue Fort Wayne Mastodons,Detroit Mercy Titans,team1_home,77,77,0,154,0.5153,0.4847,81,77,,,backtest
2025-12-14,Loyola Chicago Ramblers,Chicago State Cougars,team1_home,76,71,5,147,0.6787,0.3213,75,84,,,backtest
2025-12-14,South Alabama Jaguars,North Texas Mean Green,team1_home,76,70,6,146,0.6879,0.3121,57,58,,,backtest
2025-12-14,Boise State Broncos,Saint Mary's Gaels,neutral,72,80,-8,152,0.2413,0.7587,68,67,,,backtest
2025-12-15,Texas A&M Aggies,Jacksonville Dolphins,team1_home,84,71,13,155,0.8811,0.1189,112,75,,,backtest
2025-12-15,USC Trojans,Washington State Cougars,team1_home,78,76,2,154,0.5941,0.4059,68,61,,,backtest
2025-12-16,Gardner-Webb Runnin' Bulldogs,Wofford Terriers,team1_home,70,83,-13,153,0.1031,0.8969,57,83,,,backtest
2025-12-16,VCU Rams,Niagara Purple Eagles,team1_home,84,65,19,149,0.9669,0.0331,84,58,,,backtest
2025-12-16,SE Louisiana Lions,East Texas A&M Lions,team1_home,74,70,4,144,0.6479,0.3521,69,70,,,backtest
2025-12-16,South Dakota State Jackrabbits,Wyoming Cowboys,neutral,75,78,-3,153,0.41,0.59,72,87,,,backtest
2025-12-16,Alabama A&M Bulldogs,North Alabama Lions,team1_home,79,70,9,149,0.7946,0.2054,68,60,,,backtest
2025-12-16,Houston Christian Huskies,McNeese Cowboys,team1_home,68,80,-12,148,0.1405,0.8595,68,78,,,backtest
2025-12-16,TCU Horned Frogs,Incarnate Word Cardinals,team1_home,82,69,13,151,0.89,0.11,69,65,,,backtest
2025-12-17,Arizona Wildcats,Abilene Christian Wildcats,team1_home,87,63,24,150,0.9891,0.0109,96,62,,,backtest
2025-12-16,Duke Blue Devils,Lipscomb Bisons,team1_home,85,67,18,152,0.9453,0.0547,97,73,,,backtest
2025-12-17,UConn Huskies,Butler Bulldogs,team1_home,83,70,13,153,0.8859,0.1141,79,60,,,backtest
2025-12-16,Michigan State Spartans,Toledo Rockets,team1_home,82,72,10,154,0.806,0.194,92,69,,,backtest
2025-12-17,BYU Cougars,Pacific Tigers,team1_home,81,72,9,153,0.7884,0.2116,93,57,,,backtest
2025-12-17,Tennessee Volunteers,Louisville Cardinals,team1_home,78,77,1,155,0.553,0.447,83,62,,,backtest
2025-12-17,North Carolina Tar Heels,East Tennessee State Buccaneers,team1_home,78,74,4,152,0.639,0.361,77,58,,,backtest
2025-12-17,Kansas Jayhawks,Towson Tigers,team1_home,78,69,9,147,0.8,0.2,73,49,,,backtest
2025-12-17,Texas Tech Red Raiders,Northern Colorado Bears,team1_home,82,75,7,157,0.7323,0.2677,101,90,,,backtest
2025-12-17,St. John's Red Storm,DePaul Blue Demons,team1_home,81,68,13,149,0.8739,0.1261,79,66,,,backtest
2025-12-16,Drexel Dragons,Howard Bison,team1_home,71,74,-3,145,0.3907,0.6093,66,74,,,backtest
2025-12-16,South Carolina State Bulldogs,South Carolina Upstate Spartans,team1_home,72,75,-3,147,0.4001,0.5999,72,78,,,backtest
2025-12-16,UMass Lowell River Hawks,Sacred Heart Pioneers,team1_home,76,76,0,152,0.5125,0.4875,87,82,,,backtest
2025-12-16,Holy Cross Crusaders,Dartmouth Big Green,team1_home,75,75,0,150,0.5315,0.4685,64,89,,,backtest
2025-12-17,Evansville Purple Aces,Belmont Bruins,team1_home,68,83,-15,151,0.0856,0.9144,78,83,,,backtest
2025-12-17,UNC Greensboro Spartans,North Carolina A&T Aggies,team1_home,79,76,3,155,0.6213,0.3787,65,71,,,backtest
2025-12-17,Mississippi Valley State Delta Devils,Tarleton State Texans,team1_home,68,79,-11,147,0.1495,0.8505,64,88,,,backtest
2025-12-17,Oklahoma Sooners,Kansas City Roos,team1_home,86,66,20,152,0.9681,0.0319,89,67,,,backtest
2025-12-17,Delaware Blue Hens,Rider Broncs,team1_home,79,68,11,147,0.8543,0.1457,65,57,,,backtest
2025-12-17,Wright State Raiders,Miami (OH) RedHawks,team1_home,78,80,-2,158,0.4233,0.5767,76,83,,,backtest
2025-12-17,Bowling Green Falcons,Chicago State Cougars,team1_home,82,66,16,148,0.9401,0.0599,76,55,,,backtest
2025-12-17,Dayton Flyers,Florida State Seminoles,team1_home,79,74,5,153,0.6546,0.3454,97,69,,,backtest
2025-12-17,Rhode Island Rams,Canisius Golden Griffins,team1_home,78,65,13,143,0.8973,0.1027,62,45,,,backtest
2025-12-17,Clemson Tigers,South Carolina Gamecocks,team1_home,81,69,12,150,0.8467,0.1533,68,61,,,backtest
2025-12-17,Miami Hurricanes,Florida International Panthers,team1_home,84,71,13,155,0.879,0.121,98,81,,,backtest
2025-12-17,Lamar Cardinals,UT Rio Grande Valley Vaqueros,team1_home,73,75,-2,148,0.4229,0.5771,72,83,,,backtest
2025-12-17,Georgia Tech Yellow Jackets,Marist Red Foxes,team1_home,71,75,-4,146,0.3683,0.6317,87,76,,,backtest
2025-12-17,Mississippi State Bulldogs,Long Island University Sharks,team1_home,74,78,-4,152,0.3798,0.6202,87,83,,,backtest
2025-12-17,Morehead State Eagles,Little Rock Trojans,team1_home,79,71,8,150,0.7733,0.2267,78,64,,,backtest
2025-12-17,Texas Longhorns,Le Moyne Dolphins,team1_home,82,72,10,154,0.8274,0.1726,95,53,,,backtest
2025-12-17,Missouri State Bears,Oral Roberts Golden Eagles,team1_home,81,71,10,152,0.8025,0.1975,63,62,,,backtest
2025-12-17,Northwestern Wildcats,Valparaiso Beacons,team1_home,77,72,5,149,0.666,0.334,86,70,,,backtest
2025-12-17,Cal Poly Mustangs,Montana State Bobcats,team1_home,76,79,-3,155,0.3912,0.6088,80,83,,,backtest
2025-12-17,California Baptist Lancers,Southern Jaguars,team1_home,80,70,10,150,0.8339,0.1661,75,67,,,backtest
2025-12-17,Loyola Marymount Lions,UC San Diego Tritons,team1_home,74,75,-1,149,0.4583,0.5417,57,67,,,backtest
2025-12-18,Gonzaga Bulldogs,Campbell Fighting Camels,team1_home,86,67,19,153,0.9575,0.0425,98,70,,,backtest
2025-12-18,Memphis Tigers,Vanderbilt Commodores,team1_home,73,83,-10,156,0.1946,0.8054,70,77,,,backtest
2025-12-18,Alabama Crimson Tide,South Florida Bulls,team1_home,82,80,2,162,0.5628,0.4372,104,93,,,backtest
2025-12-17,Florida Gators,Saint Francis Red Flash,team1_home,87,65,22,152,0.9814,0.0186,102,61,,,backtest
2025-12-17,UIC Flames,Northern Iowa Panthers,team1_home,73,73,0,146,0.4925,0.5075,54,60,,,backtest
2025-12-17,New Hampshire Wildcats,Stonehill Skyhawks,team1_home,72,71,1,143,0.524,0.476,59,58,,,backtest
2025-12-17,Xavier Musketeers,Creighton Bluejays,team1_home,78,76,2,154,0.5481,0.4519,57,98,,,backtest
2025-12-18,Green Bay Phoenix,UC Santa Barbara Gauchos,team1_home,76,78,-2,154,0.4466,0.5534,67,64,,,backtest
2025-12-18,Jacksonville State Gamecocks,Eastern Kentucky Colonels,team1_home,79,74,5,153,0.6667,0.3333,59,62,,,backtest
2025-12-18,Stony Brook Seawolves,UAlbany Great Danes,team1_home,77,72,5,149,0.6769,0.3231,55,71,,,backtest
2025-12-18,Charleston Cougars,The Citadel Bulldogs,team1_home,82,69,13,151,0.8987,0.1013,82,78,,,backtest
2025-12-18,UCF Knights,Mercer Bears,team1_home,81,77,4,158,0.6136,0.3864,81,63,,,backtest
2025-12-18,Florida A&M Rattlers,Jacksonville Dolphins,team1_home,75,73,2,148,0.5534,0.4466,72,65,,,backtest
2025-12-18,Bellarmine Knights,Chattanooga Mocs,team1_home,80,77,3,157,0.5945,0.4055,79,64,,,backtest
2025-12-18,Wagner Seahawks,Maryland Eastern Shore Hawks,team1_home,78,67,11,145,0.8562,0.1438,78,64,,,backtest
2025-12-18,Vermont Catamounts,Siena Saints,team1_home,75,72,3,147,0.5932,0.4068,83,69,,,backtest
2025-12-18,East Carolina Pirates,Presbyterian Blue Hose,team1_home,74,75,-1,149,0.4947,0.5053,74,53,,,backtest
2025-12-18,Monmouth Hawks,Quinnipiac Bobcats,team1_home,76,72,4,148,0.6276,0.3724,75,85,,,backtest
2025-12-18,Cincinnati Bearcats,Alabama State Hornets,team1_home,80,68,12,148,0.8581,0.1419,88,51,,,backtest
2025-12-18,Robert Morris Colonials,Youngstown State Penguins,team1_home,80,73,7,153,0.7295,0.2705,80,77,,,backtest
2025-12-18,Northern Kentucky Norse,Oakland Golden Grizzlies,team1_home,82,77,5,159,0.6687,0.3313,77,82,,,backtest
2025-12-18,Wake Forest Demon Deacons,Longwood Lancers,team1_home,78,75,3,153,0.6265,0.3735,71,68,,,backtest
2025-12-18,Syracuse Orange,Mercyhurst Lakers,team1_home,76,72,4,148,0.6558,0.3442,76,62,,,backtest
2025-12-18,Pittsburgh Panthers,Binghamton Bearcats,team1_home,80,69,11,149,0.8561,0.1439,103,63,,,backtest
2025-12-18,NC State Wolfpack,Texas Southern Tigers,team1_home,85,70,15,155,0.9031,0.0969,108,72,,,backtest
2025-12-18,Elon Phoenix,Richmond Spiders,team1_home,77,77,0,154,0.5119,0.4881,73,70,,,backtest
2025-12-18,Wichita State Shockers,Wofford Terriers,team1_home,81,73,8,154,0.7761,0.2239,84,73,,,backtest
2025-12-18,UAB Blazers,Cleveland State Vikings,team1_home,84,73,11,157,0.8561,0.1439,101,77,,,backtest
2025-12-18,Tulane Green Wave,Louisiana Tech Bulldogs,team1_home,75,73,2,148,0.5731,0.4269,61,53,,,backtest
2025-12-18,Middle Tennessee Blue Raiders,Kennesaw State Owls,team1_home,77,77,0,154,0.517,0.483,68,67,,,backtest
2025-12-18,Nicholls Colonels,Houston Christian Huskies,team1_home,76,72,4,148,0.6498,0.3502,79,64,,,backtest
2025-12-18,UL Monroe Warhawks,South Alabama Jaguars,team1_home,70,81,-11,151,0.1609,0.8391,92,96,,,backtest
2025-12-18,Ole Miss Rebels,Alabama A&M Bulldogs,neutral,77,74,3,151,0.5906,0.4094,80,66,,,backtest
2025-12-18,Utah Valley Wolverines,Weber State Wildcats,team1_home,81,73,8,154,0.7713,0.2287,90,74,,,backtest
2025-12-18,Saint Louis Billikens,Bethune-Cookman Wildcats,team1_home,87,67,20,154,0.9598,0.0402,112,53,,,backtest
2025-12-18,Old Dominion Monarchs,James Madison Dukes,team1_home,76,77,-1,153,0.4885,0.5115,77,68,,,backtest
2025-12-18,Marquette Golden Eagles,Georgetown Hoyas,team1_home,76,75,1,151,0.5575,0.4425,69,78,,,backtest
2025-12-18,Texas State Bobcats,Arkansas State Red Wolves,team1_home,76,76,0,152,0.4957,0.5043,70,89,,,backtest
2025-12-18,USC Trojans,UTSA Roadrunners,team1_home,84,68,16,152,0.9352,0.0648,97,70,,,backtest
2025-12-18,UC Davis Aggies,Seattle U Redhawks,team1_home,76,72,4,148,0.6295,0.3705,78,79,,,backtest
2025-12-18,Santa Clara Broncos,North Texas Mean Green,neutral,79,71,8,150,0.7403,0.2597,63,60,,,backtest
2025-12-18,Colorado Buffaloes,Portland State Vikings,team1_home,78,75,3,153,0.6044,0.3956,84,73,,,backtest
2025-12-18,Stephen F. Austin Lumberjacks,Texas A&M-Corpus Christi Islanders,team1_home,79,68,11,147,0.8594,0.1406,69,60,,,backtest
2025-12-18,Oregon State Beavers,Sam Houston Bearkats,team1_home,74,79,-5,153,0.3554,0.6446,75,85,,,backtest
2025-12-18,Eastern Washington Eagles,Washington State Cougars,neutral,78,78,0,156,0.4893,0.5107,63,78,,,backtest
2025-12-18,San Diego State Aztecs,Air Force Falcons,team1_home,87,61,26,148,0.9946,0.0054,81,58,,,backtest
2025-12-18,Stanford Cardinal,UT Arlington Mavericks,team1_home,77,70,7,147,0.7545,0.2455,76,60,,,backtest
2025-12-18,San Francisco Dons,Loyola Chicago Ramblers,team1_home,81,69,12,150,0.8723,0.1277,85,71,,,backtest
2025-12-18,UCLA Bruins,Arizona State Sun Devils,team1_home,83,71,12,154,0.8428,0.1572,90,77,,,backtest
2025-12-18,Oregon Ducks,Portland Pilots,team1_home,78,72,6,150,0.6867,0.3133,94,69,,,backtest
2025-12-19,Georgia Bulldogs,Western Carolina Catamounts,team1_home,84,74,10,158,0.7981,0.2019,112,82,,,backtest
2025-12-18,Charleston Southern Buccaneers,North Florida Ospreys,team1_home,85,73,12,158,0.86,0.14,113,90,,,backtest
2025-12-18,Jackson State Tigers,Hampton Pirates,neutral,71,78,-7,149,0.2673,0.7327,77,84,,,backtest
2025-12-18,App State Mountaineers,Coastal Carolina Chanticleers,team1_home,77,70,7,147,0.7184,0.2816,67,49,,,backtest
2025-12-18,Eastern Illinois Panthers,SIU Edwardsville Cougars,team1_home,69,74,-5,143,0.3165,0.6835,76,72,,,backtest
2025-12-19,Indiana State Sycamores,Bradley Braves,team1_home,73,78,-5,151,0.3611,0.6389,99,108,,,backtest
2025-12-19,Davidson Wildcats,Temple Owls,team1_home,76,72,4,148,0.616,0.384,63,68,,,backtest
2025-12-19,William & Mary Tribe,Radford Highlanders,team1_home,81,75,6,156,0.6924,0.3076,96,83,,,backtest
2025-12-19,Manhattan Jaspers,Furman Paladins,team1_home,74,78,-4,152,0.3384,0.6616,68,75,,,backtest
2025-12-19,Northern Arizona Lumberjacks,Southern Utah Thunderbirds,team1_home,77,74,3,151,0.583,0.417,65,57,,,backtest
2025-12-19,VCU Rams,American University Eagles,team1_home,83,70,13,153,0.862,0.138,105,83,,,backtest
2025-12-19,Saint Joseph's Hawks,Delaware State Hornets,team1_home,80,63,17,143,0.958,0.042,67,51,,,backtest
2025-12-19,Charlotte 49ers,Lafayette Leopards,team1_home,79,71,8,150,0.7897,0.2103,81,67,,,backtest
2025-12-19,Central Connecticut Blue Devils,Fairfield Stags,team1_home,75,74,1,149,0.5259,0.4741,70,84,,,backtest
2025-12-19,Grambling Tigers,Norfolk State Spartans,neutral,73,73,0,146,0.4884,0.5116,80,68,,,backtest
2025-12-19,Murray State Racers,Drake Bulldogs,team1_home,82,74,8,156,0.7765,0.2235,81,72,,,backtest
2025-12-19,North Dakota Fighting Hawks,Winthrop Eagles,team1_home,75,80,-5,155,0.3412,0.6588,90,88,,,backtest
2025-12-19,Oklahoma State Cowboys,Kansas City Roos,team1_home,87,67,20,154,0.9672,0.0328,91,79,,,backtest
2025-12-19,TCU Horned Frogs,Oral Roberts Golden Eagles,team1_home,84,68,16,152,0.9228,0.0772,72,53,,,backtest
2025-12-19,Georgia Southern Eagles,Georgia State Panthers,team1_home,81,71,10,152,0.8313,0.1687,90,67,,,backtest
2025-12-19,Southern Miss Golden Eagles,Louisiana Ragin' Cajuns,team1_home,78,69,9,147,0.7991,0.2009,62,54,,,backtest
2025-12-19,Tennessee State Tigers,UT Martin Skyhawks,team1_home,77,70,7,147,0.7169,0.2831,78,71,,,backtest
2025-12-19,Southern Illinois Salukis,Illinois State Redbirds,team1_home,74,74,0,148,0.5026,0.4974,68,75,,,backtest
2025-12-19,Tennessee Tech Golden Eagles,Southeast Missouri State Redhawks,team1_home,74,74,0,148,0.4863,0.5137,85,74,,,backtest
2025-12-19,Long Beach State Beach,Pepperdine Waves,team1_home,78,72,6,150,0.7178,0.2822,81,78,,,backtest
2025-12-20,BYU Cougars,Abilene Christian Wildcats,team1_home,85,67,18,152,0.945,0.055,85,67,,,backtest
2025-12-19,Sacred Heart Pioneers,Dartmouth Big Green,team1_home,79,74,5,153,0.6635,0.3365,85,63,,,backtest
2025-12-19,Hampton Pirates,Grambling Tigers,neutral,72,73,-1,145,0.4714,0.5286,72,81,,,backtest
2025-12-19,Milwaukee Panthers,South Dakota State Jackrabbits,team1_home,76,77,-1,153,0.4829,0.5171,88,87,,,backtest
2025-12-19,Navy Midshipmen,Coppin State Eagles,team1_home,86,61,25,147,0.9952,0.0048,88,55,,,backtest
2025-12-19,Providence Friars,Seton Hall Pirates,team1_home,78,75,3,153,0.5782,0.4218,67,72,,,backtest
2025-12-20,Florida State Seminoles,Mississippi Valley State Delta Devils,team1_home,88,64,24,152,0.9918,0.0082,96,49,,,backtest
2025-12-20,High Point Panthers,La Salle Explorers,team1_home,86,66,20,152,0.9739,0.0261,84,72,,,backtest
2025-12-20,Akron Zips,Eastern Michigan Eagles,team1_home,85,68,17,153,0.9371,0.0629,93,72,,,backtest
2025-12-20,Drexel Dragons,Mount St. Mary's Mountaineers,team1_home,75,69,6,144,0.7179,0.2821,75,67,,,backtest
2025-12-20,Jackson State Tigers,Norfolk State Spartans,neutral,71,79,-8,150,0.2195,0.7805,72,82,,,backtest
2025-12-20,Western Kentucky Hilltoppers,Tulsa Golden Hurricane,team1_home,75,81,-6,156,0.3077,0.6923,81,82,,,backtest
2025-12-20,Tarleton State Texans,Florida A&M Rattlers,team1_home,76,72,4,148,0.632,0.368,78,54,,,backtest
2025-12-20,Villanova Wildcats,Wisconsin Badgers,neutral,77,78,-1,155,0.4625,0.5375,76,66,,,backtest
2025-12-20,Baylor Bears,Alcorn State Braves,team1_home,85,67,18,152,0.9577,0.0423,113,56,,,backtest
2025-12-20,LSU Tigers,SE Louisiana Lions,team1_home,82,69,13,151,0.8824,0.1176,78,65,,,backtest
2025-12-20,UC Irvine Anteaters,Belmont Bruins,team1_home,75,77,-2,152,0.4079,0.5921,58,84,,,backtest
2025-12-20,Saint Mary's Gaels,Florida Atlantic Owls,team1_home,82,69,13,151,0.8895,0.1105,88,75,,,backtest
2025-12-20,UC San Diego Tritons,San Diego Toreros,team1_home,80,70,10,150,0.8243,0.1757,80,82,,,backtest
2025-12-20,Loyola Marymount Lions,North Alabama Lions,team1_home,80,69,11,149,0.8291,0.1709,91,57,,,backtest
2025-12-20,UCLA Bruins,Cal Poly Mustangs,team1_home,85,72,13,157,0.8838,0.1162,108,87,,,backtest
2025-12-20,California Golden Bears,Morgan State Bears,team1_home,83,69,14,152,0.9082,0.0918,97,50,,,backtest
2025-12-20,Seattle U Redhawks,Washington Huskies,team1_home,74,74,0,148,0.4948,0.5052,70,66,,,backtest
2025-12-21,Arizona Wildcats,San Diego State Aztecs,neutral,82,71,11,153,0.816,0.184,68,45,,,backtest
2025-12-21,Duke Blue Devils,Texas Tech Red Raiders,neutral,81,72,9,153,0.7976,0.2024,81,82,,,backtest
2025-12-20,Purdue Boilermakers,Auburn Tigers,neutral,79,78,1,157,0.5495,0.4505,88,60,,,backtest
2025-12-20,Arkansas Razorbacks,Houston Cougars,neutral,76,80,-4,156,0.3705,0.6295,85,94,,,backtest
2025-12-20,Michigan State Spartans,Oakland Golden Grizzlies,neutral,82,74,8,156,0.7575,0.2425,79,70,,,backtest
2025-12-20,Louisville Cardinals,Montana Grizzlies,team1_home,85,70,15,155,0.9093,0.0907,94,54,,,backtest
2025-12-20,Ohio State Buckeyes,North Carolina Tar Heels,neutral,77,77,0,154,0.486,0.514,70,71,,,backtest
2025-12-20,Kentucky Wildcats,St. John's Red Storm,neutral,76,79,-3,155,0.4157,0.5843,78,66,,,backtest
2025-12-20,Virginia Cavaliers,Maryland Terrapins,team1_home,84,66,18,150,0.9594,0.0406,80,72,,,backtest
2025-12-20,Kansas State Wildcats,South Dakota Coyotes,team1_home,80,76,4,156,0.6403,0.3597,106,76,,,backtest
2025-12-20,Dayton Flyers,Liberty Flames,team1_home,77,75,2,152,0.5699,0.4301,61,64,,,backtest
2025-12-20,Youngstown State Penguins,South Carolina Upstate Spartans,team1_home,80,71,9,151,0.7945,0.2055,74,65,,,backtest
2025-12-20,Indiana Hoosiers,Chicago State Cougars,team1_home,84,66,18,150,0.9576,0.0424,78,58,,,backtest
2025-12-20,St. Bonaventure Bonnies,Le Moyne Dolphins,team1_home,79,73,6,152,0.7014,0.2986,92,81,,,backtest
2025-12-20,Western Michigan Broncos,Buffalo Bulls,team1_home,75,80,-5,155,0.3308,0.6692,71,88,,,backtest
2025-12-20,Saint Francis Red Flash,Robert Morris Colonials,team1_home,70,82,-12,152,0.1506,0.8494,70,79,,,backtest
2025-12-20,App State Mountaineers,Georgia State Panthers,team1_home,79,68,11,147,0.8532,0.1468,63,70,,,backtest
2025-12-20,Utah State Aggies,Colorado State Rams,team1_home,80,74,6,154,0.7088,0.2912,100,58,,,backtest
2025-12-20,UNC Wilmington Seahawks,Howard Bison,team1_home,77,72,5,149,0.6512,0.3488,66,67,,,backtest
2025-12-20,North Carolina Central Eagles,Longwood Lancers,team1_home,73,78,-5,151,0.3203,0.6797,72,74,,,backtest
2025-12-20,Georgia Tech Yellow Jackets,Lafayette Leopards,team1_home,77,72,5,149,0.6641,0.3359,95,81,,,backtest
2025-12-20,Vermont Catamounts,Iona Gaels,team1_home,78,71,7,149,0.7052,0.2948,78,83,,,backtest
2025-12-20,Mercyhurst Lakers,Binghamton Bearcats,team1_home,79,67,12,146,0.8665,0.1335,82,61,,,backtest
2025-12-20,Virginia Tech Hokies,Elon Phoenix,team1_home,81,74,7,155,0.7294,0.2706,82,81,,,backtest
2025-12-20,Ball State Cardinals,Miami (OH) RedHawks,team1_home,69,83,-14,152,0.1163,0.8837,77,86,,,backtest
2025-12-20,Massachusetts Minutemen,Kent State Golden Flashes,team1_home,79,78,1,157,0.5414,0.4586,59,69,,,backtest
2025-12-20,Harvard Crimson,Holy Cross Crusaders,team1_home,79,68,11,147,0.8748,0.1252,81,53,,,backtest
2025-12-20,Troy Trojans,Marshall Thundering Herd,team1_home,80,76,4,156,0.639,0.361,70,63,,,backtest
2025-12-20,Old Dominion Monarchs,Coastal Carolina Chanticleers,team1_home,77,74,3,151,0.5832,0.4168,74,76,,,backtest
2025-12-20,Northern Colorado Bears,Denver Pioneers,team1_home,82,77,5,159,0.6653,0.3347,79,86,,,backtest
2025-12-20,Northern Illinois Huskies,Central Michigan Chippewas,team1_home,73,77,-4,150,0.3577,0.6423,74,73,,,backtest
2025-12-20,UL Monroe Warhawks,Louisiana Ragin' Cajuns,team1_home,74,74,0,148,0.4765,0.5235,62,76,,,backtest
2025-12-20,Texas State Bobcats,South Alabama Jaguars,team1_home,74,74,0,148,0.5015,0.4985,67,65,,,backtest
2025-12-20,Mississippi State Bulldogs,Memphis Tigers,team1_home,78,76,2,154,0.5555,0.4445,71,66,,,backtest
2025-12-20,East Tennessee State Buccaneers,Jacksonville State Gamecocks,team1_home,80,69,11,149,0.8416,0.1584,75,81,,,backtest
2025-12-20,Wyoming Cowboys,Grand Canyon Lopes,team1_home,76,75,1,151,0.5149,0.4851,70,82,,,backtest
2025-12-20,Butler Bulldogs,Northwestern Wildcats,neutral,76,77,-1,153,0.4605,0.5395,61,58,,,backtest
2025-12-20,Syracuse Orange,Northeastern Huskies,team1_home,81,72,9,153,0.7778,0.2222,91,83,,,backtest
2025-12-20,Ohio Bobcats,Bowling Green Falcons,team1_home,75,78,-3,153,0.4085,0.5915,58,68,,,backtest
2025-12-20,Tennessee Tech Golden Eagles,UT Martin Skyhawks,team1_home,72,74,-2,146,0.4515,0.5485,62,86,,,backtest
2025-12-20,Southern Miss Golden Eagles,Arkansas State Red Wolves,team1_home,76,78,-2,154,0.453,0.547,86,93,,,backtest
2025-12-20,Tennessee State Tigers,Southeast Missouri State Redhawks,team1_home,79,71,8,150,0.737,0.263,82,91,,,backtest
2025-12-20,UCF Knights,Florida Gulf Coast Eagles,team1_home,81,75,6,156,0.7075,0.2925,102,80,,,backtest
2025-12-20,Santa Clara Broncos,Loyola Chicago Ramblers,neutral,83,69,14,152,0.8935,0.1065,78,80,,,backtest
2025-12-20,Washington State Cougars,Mercer Bears,team1_home,77,78,-1,155,0.4606,0.5394,84,78,,,backtest
2025-12-20,Florida International Panthers,Long Island University Sharks,team1_home,75,76,-1,151,0.4642,0.5358,86,79,,,backtest
2025-12-20,Georgia Southern Eagles,James Madison Dukes,team1_home,79,76,3,155,0.5921,0.4079,96,92,,,backtest
2025-12-20,Richmond Spiders,The Citadel Bulldogs,team1_home,83,69,14,152,0.9054,0.0946,80,56,,,backtest
2025-12-20,Iowa Hawkeyes,Bucknell Bison,team1_home,84,64,20,148,0.9758,0.0242,94,39,,,backtest
2025-12-21,UNLV Rebels,Fresno State Bulldogs,team1_home,79,74,5,153,0.6904,0.3096,84,72,,,backtest
2025-12-21,Lamar Cardinals,Omaha Mavericks,team1_home,76,73,3,149,0.6241,0.3759,82,85,,,backtest
2025-12-21,Utah Utes,Eastern Washington Eagles,team1_home,78,78,0,156,0.5059,0.4941,101,77,,,backtest
2025-12-21,Tulane Green Wave,Portland State Vikings,team1_home,74,75,-1,149,0.4498,0.5502,63,61,,,backtest
2025-12-21,St. Thomas-Minnesota Tommies,UC Riverside Highlanders,team1_home,86,68,18,154,0.9513,0.0487,92,78,,,backtest
2025-12-21,California Baptist Lancers,Sacramento State Hornets,team1_home,82,69,13,151,0.879,0.121,74,67,,,backtest
2025-12-21,Colorado Buffaloes,Stanford Cardinal,neutral,77,78,-1,155,0.4556,0.5444,68,77,,,backtest
2025-12-21,Rutgers Scarlet Knights,Pennsylvania Quakers,team1_home,74,76,-2,150,0.4196,0.5804,70,69,,,backtest
2025-12-21,Georgetown Hoyas,Xavier Musketeers,team1_home,79,75,4,154,0.6419,0.3581,77,80,,,backtest
2025-12-21,Creighton Bluejays,Marquette Golden Eagles,team1_home,78,74,4,152,0.6451,0.3549,84,63,,,backtest
2025-12-21,New Mexico Lobos,San José State Spartans,team1_home,84,69,15,153,0.9259,0.0741,88,65,,,backtest
2025-12-21,Pepperdine Waves,Rice Owls,team1_home,75,76,-1,151,0.4365,0.5635,84,62,,,backtest
2025-12-21,Weber State Wildcats,Utah Tech Trailblazers,team1_home,79,75,4,154,0.6495,0.3505,80,82,,,backtest
2025-12-21,Nevada Wolf Pack,Boise State Broncos,team1_home,78,74,4,152,0.6145,0.3855,81,66,,,backtest
2025-12-21,Michigan Wolverines,La Salle Explorers,team1_home,87,64,23,151,0.9839,0.0161,102,50,,,backtest
2025-12-21,Iowa State Cyclones,Long Beach State Beach,team1_home,87,65,22,152,0.9792,0.0208,91,60,,,backtest
2025-12-21,DePaul Blue Demons,UConn Huskies,team1_home,69,78,-9,147,0.2103,0.7897,54,72,,,backtest
2025-12-21,Oregon Ducks,Gonzaga Bulldogs,neutral,67,84,-17,151,0.0459,0.9541,82,91,,,backtest
2025-12-21,Wake Forest Demon Deacons,Vanderbilt Commodores,team1_home,76,81,-5,157,0.3223,0.6777,67,98,,,backtest
2025-12-22,Nebraska Cornhuskers,North Dakota Fighting Hawks,team1_home,85,67,18,152,0.9473,0.0527,78,55,,,backtest
2025-12-21,Alabama Crimson Tide,Kennesaw State Owls,neutral,83,78,5,161,0.6668,0.3332,92,81,,,backtest
2025-12-21,Tennessee Volunteers,Gardner-Webb Runnin' Bulldogs,team1_home,88,62,26,150,0.9927,0.0073,94,52,,,backtest
2025-12-21,Florida Gators,Colgate Raiders,team1_home,85,70,15,155,0.8973,0.1027,90,60,,,backtest
2025-12-21,Boston University Terriers,UMass Lowell River Hawks,team1_home,81,72,9,153,0.7903,0.2097,88,76,,,backtest
2025-12-21,Northern Kentucky Norse,Charleston Cougars,team1_home,80,75,5,155,0.6483,0.3517,74,85,,,backtest
2025-12-21,Penn State Nittany Lions,Pittsburgh Panthers,neutral,75,77,-2,152,0.4464,0.5536,46,80,,,backtest
2025-12-21,Monmouth Hawks,Lehigh Mountain Hawks,team1_home,77,71,6,148,0.7086,0.2914,76,62,,,backtest
2025-12-21,Hofstra Pride,Quinnipiac Bobcats,team1_home,79,70,9,149,0.791,0.209,74,66,,,backtest
2025-12-21,Baylor Bears,Southern Jaguars,team1_home,83,73,10,156,0.8202,0.1798,111,67,,,backtest
2025-12-21,NC State Wolfpack,Ole Miss Rebels,neutral,82,74,8,156,0.7329,0.2671,76,62,,,backtest
2025-12-21,Marist Red Foxes,Stony Brook Seawolves,team1_home,77,68,9,145,0.7988,0.2012,70,51,,,backtest
2025-12-21,Valparaiso Beacons,Murray State Racers,team1_home,77,77,0,154,0.4754,0.5246,79,85,,,backtest
2025-12-21,Bradley Braves,Southern Illinois Salukis,team1_home,77,72,5,149,0.6723,0.3277,73,69,,,backtest
2025-12-21,Manhattan Jaspers,Presbyterian Blue Hose,team1_home,75,75,0,150,0.5053,0.4947,87,81,,,backtest
2025-12-21,Furman Paladins,Charleston Southern Buccaneers,team1_home,79,74,5,153,0.6703,0.3297,84,76,,,backtest
2025-12-21,Charlotte 49ers,UIC Flames,team1_home,76,75,1,151,0.5283,0.4717,88,76,,,backtest
2025-12-21,Drexel Dragons,Maine Black Bears,team1_home,76,66,10,142,0.8386,0.1614,74,56,,,backtest
2025-12-21,George Mason Patriots,Loyola Maryland Greyhounds,team1_home,82,69,13,151,0.8726,0.1274,86,79,,,backtest
2025-12-21,SMU Mustangs,Central Arkansas Bears,team1_home,82,75,7,157,0.6997,0.3003,99,82,,,backtest
2025-12-21,Notre Dame Fighting Irish,Purdue Fort Wayne Mastodons,team1_home,80,73,7,153,0.7058,0.2942,69,72,,,backtest
2025-12-21,Oklahoma State Cowboys,Cal State Fullerton Titans,team1_home,81,76,5,157,0.6574,0.3426,94,89,,,backtest
2025-12-21,Radford Highlanders,VMI Keydets,team1_home,85,70,15,155,0.9254,0.0746,97,90,,,backtest
2025-12-21,UAlbany Great Danes,Cornell Big Red,team1_home,76,80,-4,156,0.3749,0.6251,75,83,,,backtest
2025-12-21,Alabama A&M Bulldogs,Chattanooga Mocs,team1_home,77,75,2,152,0.569,0.431,66,73,,,backtest
2025-12-21,UAB Blazers,UNC Asheville Bulldogs,team1_home,80,71,9,151,0.7718,0.2282,72,47,,,backtest
2025-12-21,South Florida Bulls,UMBC Retrievers,team1_home,80,75,5,155,0.6689,0.3311,94,69,,,backtest
2025-12-21,Incarnate Word Cardinals,Northern Arizona Lumberjacks,team1_home,78,72,6,150,0.7071,0.2929,90,66,,,backtest
2025-12-21,Arizona State Sun Devils,Oregon State Beavers,team1_home,78,74,4,152,0.6442,0.3558,75,78,,,backtest
2025-12-21,Saint Louis Billikens,New Hampshire Wildcats,team1_home,88,63,25,151,0.9885,0.0115,93,79,,,backtest
2025-12-21,Clemson Tigers,Cincinnati Bearcats,neutral,76,71,5,147,0.6459,0.3541,68,65,,,backtest
2025-12-21,Evansville Purple Aces,Drake Bulldogs,team1_home,71,78,-7,149,0.2585,0.7415,65,66,,,backtest
2025-12-21,Texas A&M Aggies,East Texas A&M Lions,team1_home,86,68,18,154,0.9528,0.0472,118,77,,,backtest
2025-12-21,TCU Horned Frogs,Florida A&M Rattlers,team1_home,81,68,13,149,0.8913,0.1087,80,56,,,backtest
2025-12-21,Miami Hurricanes,North Florida Ospreys,team1_home,85,70,15,155,0.9201,0.0799,105,67,,,backtest
2025-12-21,New Mexico State Aggies,Sam Houston Bearkats,team1_home,76,77,-1,153,0.4565,0.5435,87,78,,,backtest
2025-12-21,Illinois State Redbirds,Indiana State Sycamores,team1_home,80,69,11,149,0.844,0.156,85,65,,,backtest
2025-12-21,Wichita State Shockers,Eastern Kentucky Colonels,team1_home,84,71,13,155,0.8688,0.1312,88,57,,,backtest
2025-12-21,Cleveland State Vikings,Milwaukee Panthers,team1_home,79,79,0,158,0.4852,0.5148,71,81,,,backtest
2025-12-21,California Golden Bears,Columbia Lions,team1_home,79,73,6,152,0.677,0.323,74,56,,,backtest
2025-12-21,Minnesota Golden Gophers,Campbell Fighting Camels,team1_home,79,72,7,151,0.727,0.273,78,50,,,backtest
2025-12-21,Idaho State Bengals,UC Davis Aggies,team1_home,77,76,1,153,0.5242,0.4758,83,93,,,backtest
2025-12-21,San Francisco Dons,Morgan State Bears,team1_home,81,70,11,151,0.8584,0.1416,94,64,,,backtest
2025-12-22,North Dakota State Bison,UC Irvine Anteaters,neutral,77,73,4,150,0.6434,0.3566,73,74,,,backtest
2025-12-22,Pacific Tigers,Nicholls Colonels,team1_home,79,70,9,149,0.7838,0.2162,95,82,,,backtest
2025-12-22,Cal Poly Mustangs,Idaho Vandals,team1_home,76,80,-4,156,0.3838,0.6162,80,83,,,backtest
2025-12-22,UTEP Miners,Norfolk State Spartans,team1_home,73,74,-1,147,0.4852,0.5148,71,72,,,backtest
2025-12-21,Kansas City Roos,Austin Peay Governors,team1_home,67,84,-17,151,0.0498,0.9502,0,0,,,backtest
2025-12-23,Arizona Wildcats,Bethune-Cookman Wildcats,team1_home,87,66,21,153,0.9722,0.0278,107,71,,,backtest
2025-12-23,BYU Cougars,Eastern Washington Eagles,team1_home,83,74,9,157,0.7969,0.2031,109,81,,,backtest
2025-12-23,North Carolina Tar Heels,East Carolina Pirates,team1_home,84,68,16,152,0.9354,0.0646,99,51,,,backtest
2025-12-23,Kansas Jayhawks,Davidson Wildcats,team1_home,77,71,6,148,0.7273,0.2727,90,61,,,backtest
2025-12-23,Illinois Fighting Illini,Missouri Tigers,neutral,80,75,5,155,0.6902,0.3098,91,48,,,backtest
2025-12-22,Virginia Cavaliers,American University Eagles,team1_home,83,68,15,151,0.9104,0.0896,95,51,,,backtest
2025-12-22,Georgia Bulldogs,West Georgia Wolves,team1_home,85,72,13,157,0.8716,0.1284,103,74,,,backtest
2025-12-22,Fordham Rams,New Haven Chargers,team1_home,76,66,10,142,0.8493,0.1507,65,47,,,backtest
2025-12-22,Towson Tigers,Sacred Heart Pioneers,team1_home,77,72,5,149,0.6746,0.3254,72,47,,,backtest
2025-12-22,Butler Bulldogs,NJIT Highlanders,team1_home,81,69,12,150,0.8456,0.1544,101,52,,,backtest
2025-12-22,Tulsa Golden Hurricane,Denver Pioneers,team1_home,82,75,7,157,0.7078,0.2922,90,85,,,backtest
2025-12-22,UTSA Roadrunners,Seattle U Redhawks,team1_home,68,78,-10,146,0.1737,0.8263,68,71,,,backtest
2025-12-22,South Carolina Gamecocks,South Carolina State Bulldogs,team1_home,82,68,14,150,0.9073,0.0927,95,70,,,backtest
2025-12-22,Western Illinois Leathernecks,SIU Edwardsville Cougars,team1_home,67,77,-10,144,0.1544,0.8456,61,66,,,backtest
2025-12-22,Texas Southern Tigers,Abilene Christian Wildcats,team1_home,76,72,4,148,0.6488,0.3512,68,75,,,backtest
2025-12-22,UC Santa Barbara Gauchos,Portland Pilots,team1_home,82,70,12,152,0.8798,0.1202,79,61,,,backtest
2025-12-22,Indiana Hoosiers,Siena Saints,team1_home,77,73,4,150,0.6455,0.3545,81,60,,,backtest
2025-12-22,Georgetown Hoyas,Coppin State Eagles,team1_home,84,65,19,149,0.9683,0.0317,97,67,,,backtest
2025-12-23,UTEP Miners,North Dakota State Bison,team1_home,69,80,-11,149,0.1715,0.8285,76,66,,,backtest
2025-12-23,LSU Tigers,Prairie View A&M Panthers,team1_home,82,73,9,155,0.7788,0.2212,104,90,,,backtest
2025-12-23,Temple Owls,Princeton Tigers,team1_home,78,70,8,148,0.7889,0.2111,65,61,,,backtest
2025-12-23,Wright State Raiders,Eastern Michigan Eagles,team1_home,82,70,12,152,0.8464,0.1536,70,64,,,backtest
2025-12-23,Florida State Seminoles,Jacksonville Dolphins,team1_home,81,72,9,153,0.8099,0.1901,87,63,,,backtest
2025-12-23,Saint Joseph's Hawks,Coastal Carolina Chanticleers,team1_home,77,71,6,148,0.7005,0.2995,62,68,,,backtest
2025-12-23,High Point Panthers,Bryant Bulldogs,team1_home,86,63,23,149,0.989,0.011,93,47,,,backtest
2025-12-23,West Virginia Mountaineers,Mississippi Valley State Delta Devils,team1_home,85,61,24,146,0.9939,0.0061,86,51,,,backtest
2025-12-23,Syracuse Orange,Stonehill Skyhawks,team1_home,79,68,11,147,0.85,0.15,77,48,,,backtest
2025-12-23,Rhode Island Rams,Northeastern Huskies,team1_home,79,71,8,150,0.7735,0.2265,85,77,,,backtest
2025-12-23,Duquesne Dukes,Canisius Golden Griffins,team1_home,80,67,13,147,0.8812,0.1188,103,59,,,backtest
2025-12-23,VCU Rams,Rider Broncs,team1_home,86,63,23,149,0.9846,0.0154,100,79,,,backtest
2025-12-23,Boston College Eagles,Fairleigh Dickinson Knights,team1_home,75,69,6,144,0.7134,0.2866,72,61,,,backtest
2025-12-23,Memphis Tigers,Alabama State Hornets,team1_home,78,71,7,149,0.7285,0.2715,88,67,,,backtest
2025-12-23,Oral Roberts Golden Eagles,UT Arlington Mavericks,team1_home,73,75,-2,148,0.4271,0.5729,57,69,,,backtest
2025-12-23,Wisconsin Badgers,Central Michigan Chippewas,team1_home,84,70,14,154,0.8878,0.1122,88,61,,,backtest
2025-12-23,Grand Canyon Lopes,IU Indianapolis Jaguars,team1_home,84,70,14,154,0.8944,0.1056,91,78,,,backtest
2025-12-23,Texas Longhorns,Maryland Eastern Shore Hawks,team1_home,85,65,20,150,0.9754,0.0246,94,71,,,backtest
2025-12-23,Creighton Bluejays,Utah Tech Trailblazers,team1_home,78,74,4,152,0.6568,0.3432,92,69,,,backtest
2025-12-23,Norfolk State Spartans,UC Irvine Anteaters,neutral,71,76,-5,147,0.3151,0.6849,70,89,,,backtest
2025-12-23,Oklahoma Sooners,Stetson Hatters,team1_home,82,72,10,154,0.82,0.18,107,54,,,backtest
2025-12-23,Washington Huskies,San Diego Toreros,team1_home,82,71,11,153,0.8289,0.1711,86,56,,,backtest
2025-12-23,Cal State Northridge Matadors,Sacramento State Hornets,team1_home,81,73,8,154,0.7509,0.2491,100,88,,,backtest
2025-12-23,Saint Mary's Gaels,Northern Iowa Panthers,team1_home,78,68,10,146,0.7927,0.2073,63,58,,,backtest
2025-12-23,Campbell Fighting Camels,Green Bay Phoenix,team1_home,78,77,1,155,0.5357,0.4643,102,79,,,backtest
2025-12-23,Army Black Knights,Binghamton Bearcats,team1_home,78,72,6,150,0.712,0.288,95,85,,,backtest
2025-12-23,Kentucky Wildcats,Bellarmine Knights,team1_home,81,76,5,157,0.6626,0.3374,99,85,,,backtest
2025-12-23,Ohio State Buckeyes,Grambling Tigers,team1_home,82,68,14,150,0.8997,0.1003,89,63,,,backtest
2025-12-23,UCF Knights,Florida Atlantic Owls,team1_home,80,75,5,155,0.6594,0.3406,85,80,,,backtest
2025-12-23,UCLA Bruins,UC Riverside Highlanders,team1_home,85,68,17,153,0.9453,0.0547,97,65,,,backtest
2025-12-23,Cal State Bakersfield Roadrunners,Idaho Vandals,team1_home,71,81,-10,152,0.1895,0.8105,64,63,,,backtest
2025-12-23,Loyola Marymount Lions,Morgan State Bears,team1_home,80,70,10,150,0.8193,0.1807,83,56,,,backtest
2025-12-23,St. John's Red Storm,Harvard Crimson,team1_home,79,70,9,149,0.7992,0.2008,85,59,,,backtest
2025-12-24,Seton Hall Pirates,Villanova Wildcats,team1_home,74,74,0,148,0.5062,0.4938,56,64,,,backtest
2025-12-28,Stanford Cardinal,Cal State Northridge Matadors,team1_home,81,74,7,155,0.7282,0.2718,88,80,,,backtest
2025-12-29,Pepperdine Waves,Gonzaga Bulldogs,team1_home,66,85,-19,151,0.0461,0.9539,56,96,,,backtest
2025-12-28,Texas Tech Red Raiders,Winthrop Eagles,team1_home,82,75,7,157,0.7101,0.2899,87,57,,,backtest
2025-12-28,Kansas State Wildcats,UL Monroe Warhawks,team1_home,84,71,13,155,0.8692,0.1308,94,85,,,backtest
2025-12-28,North Florida Ospreys,Columbia Lions,team1_home,75,81,-6,156,0.2853,0.7147,82,90,,,backtest
2025-12-28,Boston College Eagles,Le Moyne Dolphins,team1_home,74,73,1,147,0.5149,0.4851,72,64,,,backtest
2025-12-28,Colgate Raiders,Harvard Crimson,team1_home,75,74,1,149,0.538,0.462,69,78,,,backtest
2025-12-28,Florida International Panthers,Liberty Flames,team1_home,76,78,-2,154,0.4053,0.5947,94,97,,,backtest
2025-12-28,Georgia Tech Yellow Jackets,Florida A&M Rattlers,team1_home,77,72,5,149,0.6457,0.3543,89,65,,,backtest
2025-12-28,Louisiana Ragin' Cajuns,Norfolk State Spartans,team1_home,72,73,-1,145,0.4619,0.5381,63,54,,,backtest
2025-12-28,Colorado Buffaloes,Northern Colorado Bears,team1_home,79,78,1,157,0.5389,0.4611,81,86,,,backtest
2025-12-28,SMU Mustangs,Cal State Fullerton Titans,team1_home,85,74,11,159,0.8149,0.1851,110,63,,,backtest
2025-12-28,Richmond Spiders,Charleston Southern Buccaneers,team1_home,80,76,4,156,0.6359,0.3641,72,77,,,backtest
2025-12-28,Portland Pilots,Washington State Cougars,team1_home,75,77,-2,152,0.4121,0.5879,62,67,,,backtest
2025-12-28,George Mason Patriots,Pennsylvania Quakers,team1_home,78,71,7,149,0.7246,0.2754,83,79,,,backtest
2025-12-28,Oregon State Beavers,Santa Clara Broncos,team1_home,73,80,-7,153,0.2639,0.7361,64,102,,,backtest
2025-12-28,San Diego Toreros,Pacific Tigers,team1_home,73,77,-4,150,0.4,0.6,66,54,,,backtest
2025-12-28,Maryland Terrapins,Old Dominion Monarchs,team1_home,76,76,0,152,0.4822,0.5178,73,58,,,backtest
2025-12-29,Loyola Marymount Lions,Saint Mary's Gaels,team1_home,70,80,-10,150,0.1945,0.8055,73,78,,,backtest
2025-12-29,Seattle U Redhawks,San Francisco Dons,team1_home,74,73,1,147,0.5505,0.4495,59,67,,,backtest
2025-12-29,Oregon Ducks,Omaha Mavericks,team1_home,77,74,3,151,0.5737,0.4263,80,57,,,backtest
2025-12-30,Arizona Wildcats,South Dakota State Jackrabbits,team1_home,85,68,17,153,0.9443,0.0557,99,71,,,backtest
2025-12-30,Michigan Wolverines,McNeese Cowboys,team1_home,81,72,9,153,0.7777,0.2223,112,71,,,backtest
2025-12-30,Iowa State Cyclones,Houston Christian Huskies,team1_home,85,64,21,149,0.979,0.021,89,61,,,backtest
2025-12-30,Purdue Boilermakers,Kent State Golden Flashes,team1_home,83,74,9,157,0.763,0.237,101,60,,,backtest
2025-12-30,Houston Cougars,Middle Tennessee Blue Raiders,team1_home,83,67,16,150,0.9397,0.0603,69,60,,,backtest
2025-12-30,Michigan State Spartans,Cornell Big Red,team1_home,82,75,7,157,0.7313,0.2687,114,97,,,backtest
2025-12-30,Vanderbilt Commodores,New Haven Chargers,team1_home,85,65,20,150,0.9783,0.0217,96,53,,,backtest
2025-12-30,Alabama Crimson Tide,Yale Bulldogs,team1_home,81,79,2,160,0.5837,0.4163,102,78,,,backtest
2025-12-30,Arkansas Razorbacks,James Madison Dukes,team1_home,83,74,9,157,0.7844,0.2156,103,74,,,backtest
2025-12-29,Illinois Fighting Illini,Southern Jaguars,team1_home,85,69,16,154,0.9185,0.0815,90,55,,,backtest
2025-12-29,Florida Gators,Dartmouth Big Green,team1_home,86,68,18,154,0.9543,0.0457,94,72,,,backtest
2025-12-30,Georgia Bulldogs,Long Island University Sharks,team1_home,83,74,9,157,0.7807,0.2193,89,74,,,backtest
2025-12-29,Iowa Hawkeyes,UMass Lowell River Hawks,team1_home,83,67,16,150,0.9378,0.0622,90,62,,,backtest
2025-12-29,Penn State Nittany Lions,North Carolina Central Eagles,team1_home,80,71,9,151,0.786,0.214,90,67,,,backtest
2025-12-29,Sacred Heart Pioneers,Merrimack Warriors,team1_home,74,75,-1,149,0.481,0.519,72,80,,,backtest
2025-12-29,Delaware Blue Hens,Missouri State Bears,team1_home,74,76,-2,150,0.4369,0.5631,43,61,,,backtest
2025-12-29,Quinnipiac Bobcats,Marist Red Foxes,team1_home,73,73,0,146,0.4958,0.5042,64,58,,,backtest
2025-12-29,William & Mary Tribe,Towson Tigers,team1_home,78,72,6,150,0.7087,0.2913,84,70,,,backtest
2025-12-29,Coppin State Eagles,UMBC Retrievers,team1_home,65,83,-18,148,0.0355,0.9645,59,93,,,backtest
2025-12-29,Youngstown State Penguins,Detroit Mercy Titans,team1_home,79,74,5,153,0.6516,0.3484,68,73,,,backtest
2025-12-30,Murray State Racers,Southern Illinois Salukis,team1_home,79,73,6,152,0.7036,0.2964,84,81,,,backtest
2025-12-30,Indiana State Sycamores,Belmont Bruins,team1_home,72,82,-10,154,0.1897,0.8103,81,80,,,backtest
2025-12-30,Rutgers Scarlet Knights,Delaware State Hornets,team1_home,78,66,12,144,0.8947,0.1053,65,50,,,backtest
2025-12-30,Fairfield Stags,Saint Peter's Peacocks,team1_home,76,71,5,147,0.6565,0.3435,66,70,,,backtest
2025-12-30,Cincinnati Bearcats,Lipscomb Bisons,team1_home,77,73,4,150,0.6517,0.3483,89,62,,,backtest
2025-12-30,Wright State Raiders,Oakland Golden Grizzlies,team1_home,82,76,6,158,0.7041,0.2959,88,73,,,backtest
2025-12-30,Robert Morris Colonials,Northern Kentucky Norse,team1_home,80,75,5,155,0.6579,0.3421,77,79,,,backtest
2025-12-30,Cleveland State Vikings,IU Indianapolis Jaguars,team1_home,82,79,3,161,0.5759,0.4241,99,86,,,backtest
2025-12-30,Mount St. Mary's Mountaineers,Iona Gaels,team1_home,73,74,-1,147,0.4525,0.5475,66,59,,,backtest
2025-12-30,Rider Broncs,Manhattan Jaspers,team1_home,72,77,-5,149,0.3205,0.6795,71,74,,,backtest
2025-12-30,North Carolina A&T Aggies,UNC Wilmington Seahawks,team1_home,72,79,-7,151,0.2432,0.7568,78,87,,,backtest
2025-12-30,Charleston Cougars,Drexel Dragons,team1_home,76,71,5,147,0.6632,0.3368,72,63,,,backtest
2025-12-30,Hofstra Pride,Campbell Fighting Camels,team1_home,82,70,12,152,0.8458,0.1542,86,72,,,backtest
2025-12-30,Hampton Pirates,Stony Brook Seawolves,team1_home,74,73,1,147,0.5449,0.4551,62,59,,,backtest
2025-12-30,Elon Phoenix,Northeastern Huskies,team1_home,81,74,7,155,0.7348,0.2652,103,91,,,backtest
2025-12-30,Jacksonville State Gamecocks,Western Kentucky Hilltoppers,team1_home,76,74,2,150,0.5458,0.4542,78,67,,,backtest
2025-12-30,Mississippi State Bulldogs,Alabama State Hornets,team1_home,79,73,6,152,0.6933,0.3067,94,56,,,backtest
2025-12-30,Northwestern State Demons,Lamar Cardinals,team1_home,72,74,-2,146,0.4536,0.5464,61,76,,,backtest
2025-12-30,East Texas A&M Lions,Stephen F. Austin Lumberjacks,team1_home,68,80,-12,148,0.1247,0.8753,48,75,,,backtest
2025-12-30,Louisiana Tech Bulldogs,UTEP Miners,team1_home,76,69,7,145,0.7636,0.2364,75,63,,,backtest
2025-12-30,Northern Iowa Panthers,Valparaiso Beacons,team1_home,77,68,9,145,0.791,0.209,58,48,,,backtest
2025-12-30,Bradley Braves,Evansville Purple Aces,team1_home,84,66,18,150,0.9543,0.0457,76,68,,,backtest
2025-12-30,Ole Miss Rebels,Alcorn State Braves,team1_home,82,68,14,150,0.9197,0.0803,79,43,,,backtest
2025-12-30,LSU Tigers,Southern Miss Golden Eagles,team1_home,81,74,7,155,0.7187,0.2813,90,62,,,backtest
2025-12-30,Texas A&M Aggies,Prairie View A&M Panthers,team1_home,85,71,14,156,0.8821,0.1179,111,82,,,backtest
2025-12-30,Oklahoma Sooners,Mississippi Valley State Delta Devils,team1_home,87,64,23,151,0.9859,0.0141,93,69,,,backtest
2025-12-30,Milwaukee Panthers,Purdue Fort Wayne Mastodons,team1_home,79,75,4,154,0.6239,0.3761,77,55,,,backtest
2025-12-30,Oklahoma State Cowboys,Bethune-Cookman Wildcats,team1_home,81,74,7,155,0.724,0.276,103,77,,,backtest
2025-12-30,TCU Horned Frogs,Jackson State Tigers,team1_home,86,66,20,152,0.9729,0.0271,115,64,,,backtest
2025-12-30,Utah Valley Wolverines,California Baptist Lancers,team1_home,77,72,5,149,0.6655,0.3345,73,66,,,backtest
2025-12-30,UT Arlington Mavericks,Tarleton State Texans,team1_home,76,70,6,146,0.695,0.305,63,69,,,backtest
2025-12-30,UT Rio Grande Valley Vaqueros,New Orleans Privateers,team1_home,80,71,9,151,0.7842,0.2158,69,85,,,backtest
2025-12-30,Texas A&M-Corpus Christi Islanders,Nicholls Colonels,team1_home,77,71,6,148,0.6965,0.3035,71,76,,,backtest
2025-12-30,Drake Bulldogs,Illinois State Redbirds,team1_home,74,77,-3,151,0.4135,0.5865,56,73,,,backtest
2025-12-30,Minnesota Golden Gophers,Fairleigh Dickinson Knights,team1_home,79,67,12,146,0.869,0.131,60,43,,,backtest
2025-12-30,Utah Tech Trailblazers,Southern Utah Thunderbirds,team1_home,81,71,10,152,0.8078,0.1922,80,66,,,backtest
2025-12-30,Washington Huskies,Utah Utes,team1_home,82,72,10,154,0.7991,0.2009,74,65,,,backtest
2025-12-31,San Diego Toreros,Gonzaga Bulldogs,team1_home,69,84,-15,153,0.0829,0.9171,93,99,,,backtest
2025-12-31,North Carolina Tar Heels,Florida State Seminoles,team1_home,82,74,8,156,0.7543,0.2457,79,66,,,backtest
2025-12-31,Nebraska Cornhuskers,New Hampshire Wildcats,team1_home,86,62,24,148,0.9887,0.0113,86,55,,,backtest
2025-12-31,California Golden Bears,Louisville Cardinals,team1_home,75,80,-5,155,0.3446,0.6554,70,90,,,backtest
2025-12-31,Tennessee Volunteers,South Carolina State Bulldogs,team1_home,87,64,23,151,0.9871,0.0129,105,54,,,backtest
2025-12-30,Princeton Tigers,Vermont Catamounts,team1_home,72,76,-4,148,0.3435,0.6565,75,69,,,backtest
2025-12-30,Incarnate Word Cardinals,SE Louisiana Lions,team1_home,76,71,5,147,0.6851,0.3149,79,70,,,backtest
2025-12-30,Central Michigan Chippewas,Ohio Bobcats,team1_home,77,76,1,153,0.5129,0.4871,64,80,,,backtest
2025-12-30,Air Force Falcons,Wyoming Cowboys,team1_home,66,83,-17,149,0.0495,0.9505,56,68,,,backtest
2025-12-30,Northwestern Wildcats,Howard Bison,team1_home,75,75,0,150,0.4964,0.5036,80,60,,,backtest
2025-12-30,South Carolina Gamecocks,UAlbany Great Danes,team1_home,79,72,7,151,0.7422,0.2578,96,67,,,backtest
2025-12-30,The Citadel Bulldogs,East Tennessee State Buccaneers,team1_home,70,81,-11,151,0.1597,0.8403,49,74,,,backtest
2025-12-30,Toledo Rockets,Western Michigan Broncos,team1_home,83,72,11,155,0.8427,0.1573,84,79,,,backtest
2025-12-31,Davidson Wildcats,Duquesne Dukes,team1_home,77,73,4,150,0.6565,0.3435,83,89,,,backtest
2025-12-31,Charlotte 49ers,Temple Owls,team1_home,76,75,1,151,0.5385,0.4615,73,76,,,backtest
2025-12-31,Marquette Golden Eagles,Seton Hall Pirates,team1_home,73,74,-1,147,0.4658,0.5342,73,79,,,backtest
2025-12-31,Wisconsin Badgers,Milwaukee Panthers,team1_home,83,72,11,155,0.8383,0.1617,80,60,,,backtest
2025-12-31,Miami Hurricanes,Pittsburgh Panthers,team1_home,83,69,14,152,0.905,0.095,76,69,,,backtest
2025-12-31,Bowling Green Falcons,Miami (OH) RedHawks,team1_home,75,80,-5,155,0.3617,0.6383,83,93,,,backtest
2025-12-31,Eastern Michigan Eagles,Massachusetts Minutemen,team1_home,75,77,-2,152,0.4444,0.5556,80,74,,,backtest
2025-12-31,Tennessee Tech Golden Eagles,Tennessee State Tigers,team1_home,73,78,-5,151,0.3284,0.6716,76,88,,,backtest
2025-12-31,Colorado State Rams,Nevada Wolf Pack,team1_home,78,75,3,153,0.5963,0.4037,62,75,,,backtest
2025-12-31,Pepperdine Waves,Saint Mary's Gaels,team1_home,67,83,-16,150,0.0667,0.9333,45,72,,,backtest
2025-12-31,Fresno State Bulldogs,Utah State Aggies,team1_home,72,81,-9,153,0.2091,0.7909,63,72,,,backtest
2025-12-31,Stanford Cardinal,Notre Dame Fighting Irish,team1_home,79,73,6,152,0.7204,0.2796,40,47,,,backtest
2025-12-31,Creighton Bluejays,Butler Bulldogs,team1_home,78,76,2,154,0.5855,0.4145,89,85,,,backtest
2025-12-31,Seattle U Redhawks,Washington State Cougars,team1_home,76,73,3,149,0.6056,0.3944,69,55,,,backtest
2025-12-31,Portland Pilots,Santa Clara Broncos,team1_home,72,82,-10,154,0.1733,0.8267,85,92,,,backtest
2025-12-31,Oregon State Beavers,San Francisco Dons,team1_home,75,76,-1,151,0.4747,0.5253,70,62,,,backtest
2025-12-31,Loyola Marymount Lions,Pacific Tigers,team1_home,74,74,0,148,0.5015,0.4985,80,71,,,backtest
2025-12-31,San José State Spartans,San Diego State Aztecs,team1_home,72,81,-9,153,0.2129,0.7871,68,81,,,backtest
2025-12-31,Boise State Broncos,New Mexico Lobos,team1_home,76,77,-1,153,0.4803,0.5197,62,53,,,backtest
2025-12-31,Xavier Musketeers,UConn Huskies,team1_home,72,81,-9,153,0.2095,0.7905,67,90,,,backtest
2025-12-31,Duke Blue Devils,Georgia Tech Yellow Jackets,team1_home,87,64,23,151,0.9852,0.0148,85,79,,,backtest
2025-12-31,Virginia Tech Hokies,Virginia Cavaliers,team1_home,74,79,-5,153,0.3339,0.6661,95,85,,,backtest
2025-12-31,Rhode Island Rams,Loyola Chicago Ramblers,team1_home,79,68,11,147,0.8531,0.1469,57,61,,,backtest
2025-12-31,East Carolina Pirates,Tulane Green Wave,team1_home,75,75,0,150,0.4921,0.5079,70,79,,,backtest
2025-12-31,Lehigh Mountain Hawks,Army Black Knights,team1_home,79,72,7,151,0.7454,0.2546,78,85,,,backtest
2025-12-31,NC State Wolfpack,Wake Forest Demon Deacons,team1_home,83,74,9,157,0.7815,0.2185,70,57,,,backtest
2025-12-31,Furman Paladins,Mercer Bears,team1_home,78,76,2,154,0.5758,0.4242,74,72,,,backtest
2025-12-31,East Texas A&M Lions,Lamar Cardinals,team1_home,72,74,-2,146,0.4127,0.5873,62,69,,,backtest
2025-12-31,Florida Atlantic Owls,UTSA Roadrunners,team1_home,85,67,18,152,0.9637,0.0363,110,70,,,backtest
2025-12-31,American University Eagles,Loyola Maryland Greyhounds,team1_home,79,72,7,151,0.7277,0.2723,84,69,,,backtest
2025-12-31,Navy Midshipmen,Boston University Terriers,team1_home,80,70,10,150,0.8165,0.1835,82,77,,,backtest
2025-12-31,Northern Illinois Huskies,Buffalo Bulls,team1_home,70,81,-11,151,0.1513,0.8487,67,81,,,backtest
2025-12-31,Western Carolina Catamounts,Wofford Terriers,team1_home,79,78,1,157,0.5402,0.4598,74,79,,,backtest
2025-12-31,Louisiana Ragin' Cajuns,South Alabama Jaguars,team1_home,70,76,-6,146,0.2714,0.7286,58,63,,,backtest
2025-12-31,VCU Rams,St. Bonaventure Bonnies,team1_home,83,73,10,156,0.8163,0.1837,89,82,,,backtest
2025-12-31,La Salle Explorers,George Mason Patriots,team1_home,69,79,-10,148,0.1859,0.8141,75,80,,,backtest
2025-12-31,Dayton Flyers,Fordham Rams,team1_home,77,70,7,147,0.7369,0.2631,63,56,,,backtest
2025-12-31,Tulsa Golden Hurricane,Rice Owls,team1_home,83,70,13,153,0.8894,0.1106,97,48,,,backtest
2025-12-31,Holy Cross Crusaders,Bucknell Bison,team1_home,76,71,5,147,0.6826,0.3174,65,58,,,backtest
2025-12-31,South Carolina Upstate Spartans,Radford Highlanders,team1_home,75,78,-3,153,0.4023,0.5977,69,76,,,backtest
2025-12-31,UNC Asheville Bulldogs,High Point Panthers,team1_home,71,82,-11,153,0.1653,0.8347,69,87,,,backtest
2025-12-31,Gardner-Webb Runnin' Bulldogs,Charleston Southern Buccaneers,team1_home,69,84,-15,153,0.0836,0.9164,79,89,,,backtest
2025-12-31,Syracuse Orange,Clemson Tigers,team1_home,73,77,-4,150,0.3747,0.6253,61,64,,,backtest
2025-12-31,Pennsylvania Quakers,NJIT Highlanders,team1_home,79,68,11,147,0.8578,0.1422,80,61,,,backtest
2025-12-31,Elon Phoenix,Charleston Cougars,team1_home,77,76,1,153,0.5439,0.4561,81,85,,,backtest
2025-12-31,Monmouth Hawks,Campbell Fighting Camels,team1_home,79,72,7,151,0.699,0.301,65,68,,,backtest
2025-12-31,William & Mary Tribe,Stony Brook Seawolves,team1_home,80,72,8,152,0.7702,0.2298,76,57,,,backtest
2025-12-31,Troy Trojans,Texas State Bobcats,team1_home,79,72,7,151,0.7418,0.2582,100,80,,,backtest
2025-12-31,Old Dominion Monarchs,App State Mountaineers,team1_home,74,75,-1,149,0.4648,0.5352,73,81,,,backtest
2025-12-31,Hampton Pirates,Towson Tigers,team1_home,72,73,-1,145,0.4702,0.5298,63,62,,,backtest
2025-12-31,Lafayette Leopards,Colgate Raiders,team1_home,74,77,-3,151,0.3918,0.6082,77,85,,,backtest
2025-12-31,Longwood Lancers,Winthrop Eagles,team1_home,77,78,-1,155,0.4654,0.5346,82,70,,,backtest
2025-12-31,North Carolina A&T Aggies,Northeastern Huskies,team1_home,79,75,4,154,0.6491,0.3509,74,85,,,backtest
2025-12-31,Saint Louis Billikens,Saint Joseph's Hawks,team1_home,84,68,16,152,0.9145,0.0855,102,79,,,backtest
2025-12-31,Richmond Spiders,George Washington Revolutionaries,team1_home,77,78,-1,155,0.4434,0.5566,85,99,,,backtest
2025-12-31,Memphis Tigers,North Texas Mean Green,team1_home,74,73,1,147,0.5384,0.4616,57,48,,,backtest
2025-12-31,UAB Blazers,Wichita State Shockers,team1_home,76,76,0,152,0.5075,0.4925,70,75,,,backtest
2025-12-31,Denver Pioneers,Kansas City Roos,team1_home,85,69,16,154,0.9311,0.0689,87,74,,,backtest
2025-12-31,Marshall Thundering Herd,Georgia State Panthers,team1_home,82,70,12,152,0.8722,0.1278,84,80,,,backtest
2025-12-31,Northwestern State Demons,Stephen F. Austin Lumberjacks,team1_home,68,79,-11,147,0.153,0.847,64,74,,,backtest
2025-12-31,Texas A&M-Corpus Christi Islanders,New Orleans Privateers,team1_home,76,72,4,148,0.6435,0.3565,83,69,,,backtest
2025-12-31,North Dakota State Bison,South Dakota Coyotes,team1_home,84,71,13,155,0.8856,0.1144,84,61,,,backtest
2025-12-31,UT Rio Grande Valley Vaqueros,Nicholls Colonels,team1_home,80,70,10,150,0.821,0.179,69,71,,,backtest
2025-12-31,Villanova Wildcats,DePaul Blue Demons,team1_home,79,69,10,148,0.8121,0.1879,71,66,,,backtest
2026-01-01,UNC Wilmington Seahawks,Drexel Dragons,team1_home,79,68,11,147,0.8439,0.1561,65,53,,,backtest
2026-01-01,Georgetown Hoyas,St. John's Red Storm,team1_home,73,79,-6,152,0.3179,0.6821,83,95,,,backtest
2026-01-01,Youngstown State Penguins,Oakland Golden Grizzlies,team1_home,80,77,3,157,0.5929,0.4071,83,85,,,backtest
2026-01-01,VMI Keydets,Samford Bulldogs,team1_home,72,81,-9,153,0.2248,0.7752,58,78,,,backtest
2026-01-01,Coastal Carolina Chanticleers,Georgia Southern Eagles,team1_home,76,76,0,152,0.4942,0.5058,81,82,,,backtest
2026-01-01,North Alabama Lions,Stetson Hatters,team1_home,75,75,0,150,0.5033,0.4967,67,70,,,backtest
2026-01-01,North Dakota Fighting Hawks,Oral Roberts Golden Eagles,team1_home,79,73,6,152,0.7079,0.2921,72,61,,,backtest
2026-01-01,Northern Kentucky Norse,IU Indianapolis Jaguars,team1_home,85,74,11,159,0.8282,0.1718,81,72,,,backtest
2026-01-01,Wright State Raiders,Milwaukee Panthers,team1_home,83,72,11,155,0.8274,0.1726,76,70,,,backtest
2026-01-01,Purdue Fort Wayne Mastodons,Green Bay Phoenix,team1_home,77,77,0,154,0.483,0.517,54,72,,,backtest
2026-01-01,Lipscomb Bisons,Jacksonville Dolphins,team1_home,80,72,8,152,0.7746,0.2254,76,57,,,backtest
2026-01-01,Central Arkansas Bears,Florida Gulf Coast Eagles,team1_home,80,74,6,154,0.7011,0.2989,85,83,,,backtest
2026-01-01,Southern Illinois Salukis,Valparaiso Beacons,team1_home,76,72,4,148,0.6279,0.3721,75,70,,,backtest
2026-01-01,Illinois State Redbirds,Evansville Purple Aces,team1_home,83,65,18,148,0.958,0.042,73,47,,,backtest
2026-01-01,UT Arlington Mavericks,California Baptist Lancers,team1_home,71,74,-3,145,0.4132,0.5868,63,51,,,backtest
2026-01-01,UNC Greensboro Spartans,Chattanooga Mocs,team1_home,79,77,2,156,0.5624,0.4376,77,72,,,backtest
2026-01-01,Weber State Wildcats,Portland State Vikings,team1_home,77,75,2,152,0.562,0.438,90,95,,,backtest
2026-01-01,UT Martin Skyhawks,Western Illinois Leathernecks,team1_home,80,63,17,143,0.956,0.044,67,60,,,backtest
2026-01-01,UC Davis Aggies,Cal State Northridge Matadors,team1_home,79,75,4,154,0.6268,0.3732,89,80,,,backtest
2026-01-01,Cal State Bakersfield Roadrunners,UC Irvine Anteaters,team1_home,70,79,-9,149,0.2012,0.7988,77,81,,,backtest
2026-01-01,UL Monroe Warhawks,Southern Miss Golden Eagles,team1_home,72,80,-8,152,0.2673,0.7327,73,87,,,backtest
2026-01-01,South Dakota State Jackrabbits,Omaha Mavericks,team1_home,79,73,6,152,0.6965,0.3035,84,69,,,backtest
2026-01-01,Montana Grizzlies,Northern Arizona Lumberjacks,team1_home,81,71,10,152,0.8159,0.1841,78,64,,,backtest
2026-01-01,Little Rock Trojans,Tennessee Tech Golden Eagles,team1_home,74,74,0,148,0.5227,0.4773,77,58,,,backtest
2026-01-02,Belmont Bruins,Bradley Braves,team1_home,82,73,9,155,0.7694,0.2306,88,78,,,backtest
2026-01-02,West Georgia Wolves,Bellarmine Knights,team1_home,80,78,2,158,0.5521,0.4479,87,85,,,backtest
2026-01-02,Northern Iowa Panthers,Indiana State Sycamores,team1_home,79,67,12,146,0.8871,0.1129,75,66,,,backtest
2026-01-02,UC Riverside Highlanders,Hawai'i Rainbow Warriors,team1_home,70,80,-10,150,0.1873,0.8127,45,88,,,backtest
2026-01-02,Austin Peay Governors,North Florida Ospreys,team1_home,85,71,14,156,0.8955,0.1045,102,83,,,backtest
2026-01-02,Tarleton State Texans,Utah Valley Wolverines,team1_home,71,79,-8,150,0.2572,0.7428,85,91,,,backtest
2026-01-02,Abilene Christian Wildcats,Utah Tech Trailblazers,team1_home,73,75,-2,148,0.4116,0.5884,64,79,,,backtest
2026-01-02,Southeast Missouri State Redhawks,Eastern Illinois Panthers,team1_home,78,67,11,145,0.8515,0.1485,68,59,,,backtest
2026-01-02,UIC Flames,Murray State Racers,team1_home,78,77,1,155,0.5368,0.4632,77,81,,,backtest
2026-01-02,Montana State Bobcats,Northern Colorado Bears,team1_home,78,76,2,154,0.5709,0.4291,89,75,,,backtest
2026-01-02,Idaho State Bengals,Sacramento State Hornets,team1_home,81,74,7,155,0.7329,0.2671,97,84,,,backtest
2026-01-02,Cal State Fullerton Titans,UC Santa Barbara Gauchos,team1_home,77,79,-2,156,0.4466,0.5534,95,84,,,backtest
2026-01-02,Cal Poly Mustangs,UC San Diego Tritons,team1_home,75,79,-4,154,0.3827,0.6173,67,65,,,backtest
2026-01-03,Michigan Wolverines,USC Trojans,team1_home,87,69,18,156,0.9402,0.0598,96,66,,,backtest
2026-01-03,Iowa State Cyclones,West Virginia Mountaineers,team1_home,81,67,14,148,0.898,0.102,80,59,,,backtest
2026-01-03,Gonzaga Bulldogs,Seattle U Redhawks,team1_home,84,65,19,149,0.9686,0.0314,80,72,,,backtest
2026-01-03,Nebraska Cornhuskers,Michigan State Spartans,team1_home,77,73,4,150,0.6242,0.3758,58,56,,,backtest
2026-01-03,Stanford Cardinal,Louisville Cardinals,team1_home,75,80,-5,155,0.3435,0.6565,80,76,,,backtest
2026-01-02,Florida International Panthers,New Mexico State Aggies,team1_home,77,75,2,152,0.566,0.434,89,74,,,backtest
2026-01-02,Merrimack Warriors,Mount St. Mary's Mountaineers,team1_home,76,68,8,144,0.7797,0.2203,75,65,,,backtest
2026-01-02,Niagara Purple Eagles,Sacred Heart Pioneers,team1_home,73,76,-3,149,0.3925,0.6075,64,61,,,backtest
2026-01-02,Canisius Golden Griffins,Fairfield Stags,team1_home,69,77,-8,146,0.2415,0.7585,85,81,,,backtest
2026-01-02,Western Kentucky Hilltoppers,Sam Houston Bearkats,team1_home,77,78,-1,155,0.4614,0.5386,102,91,,,backtest
2026-01-03,Detroit Mercy Titans,Robert Morris Colonials,team1_home,76,78,-2,154,0.4038,0.5962,77,85,,,backtest
2026-01-03,Iona Gaels,Siena Saints,team1_home,73,74,-1,147,0.4748,0.5252,75,72,,,backtest
2026-01-03,Saint Peter's Peacocks,Marist Red Foxes,team1_home,72,72,0,144,0.4884,0.5116,69,59,,,backtest
2026-01-03,Manhattan Jaspers,Quinnipiac Bobcats,team1_home,74,77,-3,151,0.402,0.598,80,79,,,backtest
2026-01-03,Chicago State Cougars,Wagner Seahawks,team1_home,71,76,-5,147,0.3425,0.6575,72,79,,,backtest
2026-01-03,Stonehill Skyhawks,New Haven Chargers,team1_home,71,69,2,140,0.6012,0.3988,55,70,,,backtest
2026-01-03,Long Island University Sharks,Central Connecticut Blue Devils,team1_home,78,71,7,149,0.7427,0.2573,84,78,,,backtest
2026-01-03,Saint Francis Red Flash,Le Moyne Dolphins,team1_home,72,78,-6,150,0.2958,0.7042,58,84,,,backtest
2026-01-03,McNeese Cowboys,Lamar Cardinals,team1_home,81,67,14,148,0.9093,0.0907,82,70,,,backtest
2026-01-03,Liberty Flames,Kennesaw State Owls,team1_home,81,74,7,155,0.7008,0.2992,81,73,,,backtest
2026-01-03,Delaware Blue Hens,Jacksonville State Gamecocks,team1_home,73,74,-1,147,0.4628,0.5372,64,67,,,backtest
2026-01-03,Maryland Terrapins,Oregon Ducks,team1_home,75,75,0,150,0.5102,0.4898,54,64,,,backtest
2026-01-03,Mercyhurst Lakers,Fairleigh Dickinson Knights,team1_home,77,68,9,145,0.8032,0.1968,67,74,,,backtest
2026-01-03,Middle Tennessee Blue Raiders,Louisiana Tech Bulldogs,team1_home,76,71,5,147,0.6644,0.3356,88,51,,,backtest
2026-01-03,Rutgers Scarlet Knights,Ohio State Buckeyes,team1_home,72,80,-8,152,0.256,0.744,73,80,,,backtest
2026-01-03,Missouri State Bears,UTEP Miners,team1_home,79,70,9,149,0.7924,0.2076,79,55,,,backtest
2026-01-03,Washington State Cougars,Loyola Marymount Lions,team1_home,78,74,4,152,0.6241,0.3759,78,76,,,backtest
2026-01-03,San Francisco Dons,San Diego Toreros,team1_home,80,72,8,152,0.7725,0.2275,74,64,,,backtest
2026-01-03,Saint Mary's Gaels,Portland Pilots,team1_home,86,65,21,151,0.9787,0.0213,78,57,,,backtest
2026-01-03,Santa Clara Broncos,Pepperdine Waves,team1_home,86,68,18,154,0.95,0.05,82,63,,,backtest
2026-01-03,Pacific Tigers,Oregon State Beavers,team1_home,78,71,7,149,0.7471,0.2529,84,53,,,backtest
2026-01-03,California Golden Bears,Notre Dame Fighting Irish,team1_home,79,73,6,152,0.7163,0.2837,72,71,,,backtest
2026-01-03,Utah Utes,Arizona Wildcats,team1_home,70,83,-13,153,0.1384,0.8616,78,97,,,backtest
2026-01-04,Wisconsin Badgers,Purdue Boilermakers,team1_home,79,78,1,157,0.552,0.448,73,89,,,backtest
2026-01-03,Florida State Seminoles,Duke Blue Devils,team1_home,71,82,-11,153,0.1752,0.8248,87,91,,,backtest
2026-01-03,Cincinnati Bearcats,Houston Cougars,team1_home,70,77,-7,147,0.2695,0.7305,60,67,,,backtest
2026-01-03,Kansas State Wildcats,BYU Cougars,team1_home,75,82,-7,157,0.2805,0.7195,73,83,,,backtest
2026-01-03,South Carolina Gamecocks,Vanderbilt Commodores,team1_home,74,81,-7,155,0.292,0.708,71,83,,,backtest
2026-01-03,SMU Mustangs,North Carolina Tar Heels,team1_home,79,77,2,156,0.5484,0.4516,97,83,,,backtest
2026-01-03,Alabama Crimson Tide,Kentucky Wildcats,team1_home,83,79,4,162,0.6264,0.3736,89,74,,,backtest
2026-01-03,Texas Tech Red Raiders,Oklahoma State Cowboys,team1_home,83,75,8,158,0.7705,0.2295,102,80,,,backtest
2026-01-03,UCF Knights,Kansas Jayhawks,team1_home,77,77,0,154,0.507,0.493,81,75,,,backtest
2026-01-03,Arkansas Razorbacks,Tennessee Volunteers,team1_home,81,78,3,159,0.5889,0.4111,86,75,,,backtest
2026-01-04,Penn State Nittany Lions,Illinois Fighting Illini,team1_home,73,80,-7,153,0.2833,0.7167,65,73,,,backtest
2026-01-03,NC State Wolfpack,Virginia Cavaliers,team1_home,78,79,-1,157,0.468,0.532,61,76,,,backtest
2026-01-04,Missouri Tigers,Florida Gators,team1_home,75,81,-6,156,0.3079,0.6921,76,74,,,backtest
2026-01-03,Georgia Bulldogs,Auburn Tigers,team1_home,83,78,5,161,0.6394,0.3606,104,100,,,backtest
2026-01-03,Iowa Hawkeyes,UCLA Bruins,team1_home,79,73,6,152,0.6764,0.3236,74,61,,,backtest
2026-01-03,Duquesne Dukes,VCU Rams,team1_home,75,80,-5,155,0.3066,0.6934,80,93,,,backtest
2026-01-03,Temple Owls,UTSA Roadrunners,team1_home,84,66,18,150,0.9632,0.0368,76,57,,,backtest
2026-01-03,Butler Bulldogs,Villanova Wildcats,team1_home,76,78,-2,154,0.4159,0.5841,67,85,,,backtest
2026-01-03,St. John's Red Storm,Providence Friars,team1_home,83,74,9,157,0.7825,0.2175,71,77,,,backtest
2026-01-03,Wake Forest Demon Deacons,Virginia Tech Hokies,team1_home,77,77,0,154,0.5053,0.4947,81,78,,,backtest
2026-01-03,Pittsburgh Panthers,Clemson Tigers,team1_home,71,77,-6,148,0.2904,0.7096,68,73,,,backtest
2026-01-03,Campbell Fighting Camels,Northeastern Huskies,team1_home,80,74,6,154,0.6922,0.3078,97,82,,,backtest
2026-01-03,Army Black Knights,Colgate Raiders,team1_home,74,78,-4,152,0.3551,0.6449,69,76,,,backtest
2026-01-03,Boston University Terriers,American University Eagles,team1_home,78,74,4,152,0.6458,0.3542,62,64,,,backtest
2026-01-03,Kent State Golden Flashes,Northern Illinois Huskies,team1_home,85,68,17,153,0.9461,0.0539,77,73,,,backtest
2026-01-03,New Hampshire Wildcats,Vermont Catamounts,team1_home,68,79,-11,147,0.1588,0.8412,61,80,,,backtest
2026-01-03,VMI Keydets,Chattanooga Mocs,team1_home,73,80,-7,153,0.2733,0.7267,79,71,,,backtest
2026-01-03,The Citadel Bulldogs,Wofford Terriers,team1_home,73,80,-7,153,0.2839,0.7161,86,95,,,backtest
2026-01-03,Louisiana Ragin' Cajuns,Southern Miss Golden Eagles,team1_home,72,75,-3,147,0.4075,0.5925,67,74,,,backtest
2026-01-03,Coastal Carolina Chanticleers,Georgia State Panthers,team1_home,78,70,8,148,0.7607,0.2393,71,89,,,backtest
2026-01-03,George Washington Revolutionaries,La Salle Explorers,team1_home,84,68,16,152,0.9488,0.0512,77,55,,,backtest
2026-01-03,Loyola Chicago Ramblers,Dayton Flyers,team1_home,70,79,-9,149,0.1958,0.8042,68,70,,,backtest
2026-01-03,TCU Horned Frogs,Baylor Bears,team1_home,80,75,5,155,0.6575,0.3425,69,63,,,backtest
2026-01-03,Presbyterian Blue Hose,South Carolina Upstate Spartans,team1_home,77,71,6,148,0.7308,0.2692,86,77,,,backtest
2026-01-03,Charleston Southern Buccaneers,UNC Asheville Bulldogs,team1_home,79,74,5,153,0.688,0.312,86,83,,,backtest
2026-01-03,High Point Panthers,Longwood Lancers,team1_home,85,69,16,154,0.9288,0.0712,80,67,,,backtest
2026-01-03,DePaul Blue Demons,Xavier Musketeers,team1_home,77,74,3,151,0.5973,0.4027,86,77,,,backtest
2026-01-03,Holy Cross Crusaders,Navy Midshipmen,team1_home,68,79,-11,147,0.1437,0.8563,58,65,,,backtest
2026-01-03,North Dakota Fighting Hawks,South Dakota State Jackrabbits,team1_home,76,77,-1,153,0.4518,0.5482,90,87,,,backtest
2026-01-03,Eastern Michigan Eagles,Ohio Bobcats,team1_home,76,75,1,151,0.5579,0.4421,67,68,,,backtest
2026-01-03,Massachusetts Minutemen,Bowling Green Falcons,team1_home,77,76,1,153,0.5264,0.4736,100,101,,,backtest
2026-01-03,Buffalo Bulls,Ball State Cardinals,team1_home,81,69,12,150,0.8623,0.1377,85,72,,,backtest
2026-01-03,Binghamton Bearcats,NJIT Highlanders,team1_home,73,73,0,146,0.5215,0.4785,65,73,,,backtest
2026-01-03,Maine Black Bears,Bryant Bulldogs,team1_home,74,67,7,141,0.7384,0.2616,51,56,,,backtest
2026-01-03,UMass Lowell River Hawks,UAlbany Great Danes,team1_home,76,73,3,149,0.598,0.402,83,71,,,backtest
2026-01-03,Drexel Dragons,Hofstra Pride,team1_home,71,75,-4,146,0.3562,0.6438,67,70,,,backtest
2026-01-03,Central Arkansas Bears,Stetson Hatters,team1_home,83,71,12,154,0.8625,0.1375,93,73,,,backtest
2026-01-03,West Georgia Wolves,Eastern Kentucky Colonels,team1_home,79,77,2,156,0.5761,0.4239,88,76,,,backtest
2026-01-03,Georgia Tech Yellow Jackets,Boston College Eagles,team1_home,75,72,3,147,0.6125,0.3875,65,53,,,backtest
2026-01-03,Rice Owls,Memphis Tigers,team1_home,76,75,1,151,0.5367,0.4633,70,76,,,backtest
2026-01-03,Central Michigan Chippewas,Toledo Rockets,team1_home,75,80,-5,155,0.3258,0.6742,75,78,,,backtest
2026-01-03,Arkansas State Red Wolves,James Madison Dukes,team1_home,80,75,5,155,0.6656,0.3344,74,78,,,backtest
2026-01-03,North Alabama Lions,Florida Gulf Coast Eagles,team1_home,73,79,-6,152,0.3,0.7,55,72,,,backtest
2026-01-03,Bethune-Cookman Wildcats,Florida A&M Rattlers,team1_home,77,72,5,149,0.6882,0.3118,87,83,,,backtest
2026-01-03,Miami (OH) RedHawks,Akron Zips,team1_home,81,80,1,161,0.5349,0.4651,76,73,,,backtest
2026-01-03,Old Dominion Monarchs,Georgia Southern Eagles,team1_home,77,78,-1,155,0.4775,0.5225,86,93,,,backtest
2026-01-03,Oklahoma Sooners,Ole Miss Rebels,team1_home,82,74,8,156,0.7601,0.2399,86,70,,,backtest
2026-01-03,UL Monroe Warhawks,Texas State Bobcats,team1_home,71,79,-8,150,0.2416,0.7584,79,84,,,backtest
2026-01-03,George Mason Patriots,Rhode Island Rams,team1_home,77,70,7,147,0.7564,0.2436,61,50,,,backtest
2026-01-03,Utah State Aggies,San José State Spartans,team1_home,83,69,14,152,0.8984,0.1016,96,78,,,backtest
2026-01-03,Winthrop Eagles,Gardner-Webb Runnin' Bulldogs,team1_home,88,65,23,153,0.9833,0.0167,88,77,,,backtest
2026-01-03,Cal State Northridge Matadors,UC Santa Barbara Gauchos,team1_home,76,78,-2,154,0.4269,0.5731,74,65,,,backtest
2026-01-03,North Dakota State Bison,Oral Roberts Golden Eagles,team1_home,85,68,17,153,0.9446,0.0554,79,77,,,backtest
2026-01-03,Stony Brook Seawolves,North Carolina A&T Aggies,team1_home,77,73,4,150,0.6328,0.3672,81,80,,,backtest
2026-01-03,UNC Greensboro Spartans,Samford Bulldogs,team1_home,77,79,-2,156,0.4484,0.5516,89,82,,,backtest
2026-01-03,Furman Paladins,Western Carolina Catamounts,team1_home,80,74,6,154,0.7078,0.2922,77,80,,,backtest
2026-01-03,East Tennessee State Buccaneers,Mercer Bears,team1_home,81,74,7,155,0.7062,0.2938,77,71,,,backtest
2026-01-03,Marshall Thundering Herd,App State Mountaineers,team1_home,78,74,4,152,0.65,0.35,88,81,,,backtest
2026-01-03,Texas A&M Aggies,LSU Tigers,team1_home,84,77,7,161,0.7076,0.2924,75,72,,,backtest
2026-01-03,Abilene Christian Wildcats,Utah Valley Wolverines,team1_home,69,79,-10,148,0.2011,0.7989,85,68,,,backtest
2026-01-03,South Carolina State Bulldogs,Howard Bison,team1_home,67,81,-14,148,0.0937,0.9063,58,57,,,backtest
2026-01-03,North Carolina Central Eagles,Norfolk State Spartans,team1_home,73,75,-2,148,0.4145,0.5855,69,67,,,backtest
2026-01-03,Jackson State Tigers,Alcorn State Braves,team1_home,76,73,3,149,0.6113,0.3887,89,86,,,backtest
2026-01-03,Maryland Eastern Shore Hawks,Morgan State Bears,team1_home,73,73,0,146,0.5114,0.4886,66,49,,,backtest
2026-01-03,Delaware State Hornets,Coppin State Eagles,team1_home,73,69,4,142,0.6679,0.3321,51,53,,,backtest
2026-01-03,SE Louisiana Lions,Stephen F. Austin Lumberjacks,team1_home,68,79,-11,147,0.1488,0.8512,63,73,,,backtest
2026-01-03,Northwestern State Demons,New Orleans Privateers,team1_home,74,75,-1,149,0.4627,0.5373,74,68,,,backtest
2026-01-03,Nicholls Colonels,East Texas A&M Lions,team1_home,77,71,6,148,0.7302,0.2698,80,58,,,backtest
2026-01-03,Troy Trojans,South Alabama Jaguars,team1_home,78,73,5,151,0.648,0.352,59,49,,,backtest
2026-01-03,SIU Edwardsville Cougars,Morehead State Eagles,team1_home,76,72,4,148,0.6585,0.3415,72,73,,,backtest
2026-01-03,Little Rock Trojans,Tennessee State Tigers,team1_home,71,78,-7,149,0.2517,0.7483,79,84,,,backtest
2026-01-03,UT Martin Skyhawks,Eastern Illinois Panthers,team1_home,77,65,12,142,0.8884,0.1116,65,61,,,backtest
2026-01-03,Southeast Missouri State Redhawks,Western Illinois Leathernecks,team1_home,81,65,16,146,0.9472,0.0528,73,50,,,backtest
2026-01-03,Bucknell Bison,Lehigh Mountain Hawks,team1_home,72,76,-4,148,0.377,0.623,72,65,,,backtest
2026-01-03,Northwestern Wildcats,Minnesota Golden Gophers,team1_home,76,73,3,149,0.6142,0.3858,78,84,,,backtest
2026-01-03,UNLV Rebels,Air Force Falcons,team1_home,86,65,21,151,0.9845,0.0155,67,39,,,backtest
2026-01-03,Incarnate Word Cardinals,Houston Christian Huskies,team1_home,76,72,4,148,0.6401,0.3599,73,56,,,backtest
2026-01-03,Loyola Maryland Greyhounds,Lafayette Leopards,team1_home,77,73,4,150,0.6515,0.3485,64,79,,,backtest
2026-01-03,UC Davis Aggies,Cal State Bakersfield Roadrunners,team1_home,83,70,13,153,0.8838,0.1162,79,81,,,backtest
2026-01-03,Idaho Vandals,Eastern Washington Eagles,team1_home,81,74,7,155,0.7104,0.2896,84,81,,,backtest
2026-01-03,Lipscomb Bisons,North Florida Ospreys,team1_home,84,72,12,156,0.862,0.138,82,74,,,backtest
2026-01-03,Austin Peay Governors,Jacksonville Dolphins,team1_home,81,70,11,151,0.8464,0.1536,71,68,,,backtest
2026-01-03,Tarleton State Texans,California Baptist Lancers,team1_home,71,77,-6,148,0.3147,0.6853,81,76,,,backtest
2026-01-03,Arizona State Sun Devils,Colorado Buffaloes,team1_home,78,78,0,156,0.4826,0.5174,89,95,,,backtest
2026-01-03,Grambling Tigers,Prairie View A&M Panthers,team1_home,76,73,3,149,0.6018,0.3982,76,72,,,backtest
2026-01-03,UT Rio Grande Valley Vaqueros,Texas A&M-Corpus Christi Islanders,team1_home,77,70,7,147,0.7534,0.2466,59,63,,,backtest
2026-01-03,Saint Joseph's Hawks,Davidson Wildcats,team1_home,74,72,2,146,0.5671,0.4329,56,62,,,backtest
2026-01-03,Southern Jaguars,Texas Southern Tigers,team1_home,79,74,5,153,0.6531,0.3469,84,73,,,backtest
2026-01-03,Towson Tigers,Monmouth Hawks,team1_home,74,72,2,146,0.5734,0.4266,48,62,,,backtest
2026-01-03,Montana Grizzlies,Northern Colorado Bears,team1_home,77,78,-1,155,0.4459,0.5541,88,79,,,backtest
2026-01-03,Idaho State Bengals,Portland State Vikings,team1_home,75,76,-1,151,0.4793,0.5207,87,93,,,backtest
2026-01-03,Texas Longhorns,Mississippi State Bulldogs,team1_home,84,73,11,157,0.8166,0.1834,98,101,,,backtest
2026-01-03,Charlotte 49ers,Wichita State Shockers,team1_home,74,77,-3,151,0.3862,0.6138,104,100,,,backtest
2026-01-03,Mississippi Valley State Delta Devils,Alabama State Hornets,team1_home,69,79,-10,148,0.1775,0.8225,69,89,,,backtest
2026-01-03,Arkansas-Pine Bluff Golden Lions,Alabama A&M Bulldogs,team1_home,75,76,-1,151,0.4843,0.5157,95,83,,,backtest
2026-01-04,Fresno State Bulldogs,Nevada Wolf Pack,team1_home,73,77,-4,150,0.3811,0.6189,65,66,,,backtest
2026-01-04,UNC Wilmington Seahawks,Hampton Pirates,team1_home,81,67,14,148,0.911,0.089,49,45,,,backtest
2026-01-04,Cal State Fullerton Titans,UC Irvine Anteaters,team1_home,75,76,-1,151,0.4835,0.5165,64,86,,,backtest
2026-01-04,New Mexico Lobos,Wyoming Cowboys,team1_home,80,73,7,153,0.7386,0.2614,78,58,,,backtest
2026-01-04,Grand Canyon Lopes,Colorado State Rams,team1_home,77,74,3,151,0.6203,0.3797,60,70,,,backtest
2026-01-04,Omaha Mavericks,Kansas City Roos,team1_home,84,68,16,152,0.9395,0.0605,66,73,,,backtest
2026-01-04,Montana State Bobcats,Northern Arizona Lumberjacks,team1_home,82,69,13,151,0.9002,0.0998,77,68,,,backtest
2026-01-04,Southern Utah Thunderbirds,UT Arlington Mavericks,team1_home,72,75,-3,147,0.4082,0.5918,77,86,,,backtest
2026-01-04,Long Beach State Beach,Cal Poly Mustangs,team1_home,77,76,1,153,0.533,0.467,74,66,,,backtest
2026-01-04,Weber State Wildcats,Sacramento State Hornets,team1_home,83,73,10,156,0.8062,0.1938,95,82,,,backtest
2026-01-04,San Diego State Aztecs,Boise State Broncos,team1_home,78,74,4,152,0.6259,0.3741,110,107,,,backtest
2026-01-04,UC San Diego Tritons,Hawai'i Rainbow Warriors,team1_home,75,75,0,150,0.4876,0.5124,83,73,,,backtest
2026-01-04,UConn Huskies,Marquette Golden Eagles,team1_home,83,68,15,151,0.913,0.087,73,57,,,backtest
2026-01-05,Gonzaga Bulldogs,Loyola Marymount Lions,team1_home,86,66,20,152,0.9692,0.0308,82,47,,,backtest
2026-01-04,Fordham Rams,Richmond Spiders,team1_home,75,73,2,148,0.5708,0.4292,75,83,,,backtest
2026-01-04,Seton Hall Pirates,Creighton Bluejays,team1_home,77,71,6,148,0.6899,0.3101,56,54,,,backtest
2026-01-04,Canisius Golden Griffins,Sacred Heart Pioneers,team1_home,72,76,-4,148,0.3565,0.6435,82,78,,,backtest
2026-01-04,Merrimack Warriors,Manhattan Jaspers,team1_home,79,69,10,148,0.8151,0.1849,73,66,,,backtest
2026-01-04,Tulane Green Wave,Florida Atlantic Owls,team1_home,75,76,-1,151,0.4462,0.5538,69,66,,,backtest
2026-01-04,South Florida Bulls,UAB Blazers,team1_home,82,74,8,156,0.7636,0.2364,106,109,,,backtest
2026-01-04,St. Thomas-Minnesota Tommies,Denver Pioneers,team1_home,82,75,7,157,0.7333,0.2667,92,88,,,backtest
2026-01-04,Central Connecticut Blue Devils,New Haven Chargers,team1_home,77,68,9,145,0.7981,0.2019,72,61,,,backtest
2026-01-04,Purdue Fort Wayne Mastodons,Cleveland State Vikings,team1_home,81,76,5,157,0.6796,0.3204,74,71,,,backtest
2026-01-04,IU Indianapolis Jaguars,Wright State Raiders,team1_home,76,82,-6,158,0.3082,0.6918,77,81,,,backtest
2026-01-04,Rider Broncs,Siena Saints,team1_home,66,80,-14,146,0.0809,0.9191,65,74,,,backtest
2026-01-04,Quinnipiac Bobcats,Mount St. Mary's Mountaineers,team1_home,77,70,7,147,0.7453,0.2547,80,69,,,backtest
2026-01-04,Niagara Purple Eagles,Fairfield Stags,team1_home,70,76,-6,146,0.2851,0.7149,75,83,,,backtest
2026-01-04,Marist Red Foxes,Iona Gaels,team1_home,76,70,6,146,0.704,0.296,83,38,,,backtest
2026-01-04,Chicago State Cougars,Long Island University Sharks,team1_home,69,79,-10,148,0.173,0.827,55,74,,,backtest
2026-01-04,Mercyhurst Lakers,Le Moyne Dolphins,team1_home,75,71,4,146,0.642,0.358,74,60,,,backtest
2026-01-04,Delaware Blue Hens,Kennesaw State Owls,team1_home,74,78,-4,152,0.3576,0.6424,67,52,,,backtest
2026-01-04,Liberty Flames,Jacksonville State Gamecocks,team1_home,80,71,9,151,0.7934,0.2066,78,69,,,backtest
2026-01-04,Middle Tennessee Blue Raiders,Sam Houston Bearkats,team1_home,76,78,-2,154,0.4333,0.5667,68,67,,,backtest
2026-01-04,Valparaiso Beacons,UIC Flames,team1_home,75,74,1,149,0.5415,0.4585,66,59,,,backtest
2026-01-04,Drake Bulldogs,Indiana State Sycamores,team1_home,78,73,5,151,0.6858,0.3142,74,72,,,backtest
2026-01-04,Oakland Golden Grizzlies,Robert Morris Colonials,team1_home,78,79,-1,157,0.4589,0.5411,96,73,,,backtest
2026-01-04,Western Kentucky Hilltoppers,Louisiana Tech Bulldogs,team1_home,77,72,5,149,0.6926,0.3074,66,61,,,backtest
2026-01-04,Missouri State Bears,New Mexico State Aggies,team1_home,77,74,3,151,0.5728,0.4272,89,82,,,backtest
2026-01-04,Evansville Purple Aces,Northern Iowa Panthers,team1_home,66,79,-13,145,0.0863,0.9137,48,62,,,backtest
2026-01-04,North Texas Mean Green,Tulsa Golden Hurricane,team1_home,71,79,-8,150,0.2436,0.7564,72,67,,,backtest
2026-01-04,Northern Kentucky Norse,Youngstown State Penguins,team1_home,80,75,5,155,0.6674,0.3326,94,79,,,backtest
2026-01-04,Wagner Seahawks,Stonehill Skyhawks,team1_home,76,68,8,144,0.7704,0.2296,60,69,,,backtest
2026-01-04,Saint Francis Red Flash,Fairleigh Dickinson Knights,team1_home,74,74,0,148,0.4831,0.5169,85,82,,,backtest
2026-01-04,Florida International Panthers,UTEP Miners,team1_home,79,70,9,149,0.7965,0.2035,76,64,,,backtest
2026-01-04,Murray State Racers,Bradley Braves,team1_home,80,76,4,156,0.632,0.368,86,66,,,backtest
2026-01-04,Belmont Bruins,Southern Illinois Salukis,team1_home,81,71,10,152,0.8279,0.1721,67,68,,,backtest
2026-01-05,Santa Clara Broncos,San Diego Toreros,team1_home,84,70,14,154,0.9043,0.0957,98,70,,,backtest
2026-01-05,San Francisco Dons,Portland Pilots,team1_home,81,71,10,152,0.8122,0.1878,73,68,,,backtest
2026-01-05,Pacific Tigers,Pepperdine Waves,team1_home,81,68,13,149,0.8865,0.1135,74,69,,,backtest
2026-01-05,Washington State Cougars,Oregon State Beavers,team1_home,78,73,5,151,0.667,0.333,81,67,,,backtest
2026-01-05,Saint Mary's Gaels,Seattle U Redhawks,team1_home,81,66,15,147,0.9241,0.0759,93,76,,,backtest
2026-01-05,Indiana Hoosiers,Washington Huskies,team1_home,80,74,6,154,0.6839,0.3161,90,80,,,backtest
2026-01-05,Ohio State Buckeyes,Nebraska Cornhuskers,team1_home,76,76,0,152,0.4847,0.5153,69,72,,,backtest
2026-01-06,Michigan State Spartans,USC Trojans,team1_home,83,70,13,153,0.88,0.12,80,51,,,backtest
2026-01-05,Cornell Big Red,Columbia Lions,team1_home,82,76,6,158,0.6927,0.3073,99,104,,,backtest
2026-01-05,Arkansas-Pine Bluff Golden Lions,Alabama State Hornets,team1_home,77,74,3,151,0.588,0.412,90,79,,,backtest
2026-01-06,Southern Jaguars,Prairie View A&M Panthers,team1_home,78,75,3,153,0.5772,0.4228,85,89,,,backtest
2026-01-06,Rutgers Scarlet Knights,Oregon Ducks,team1_home,76,74,2,150,0.5771,0.4229,88,85,,,backtest
2026-01-06,Brown Bears,Yale Bulldogs,team1_home,69,81,-12,150,0.1302,0.8698,53,70,,,backtest
2026-01-06,Green Bay Phoenix,Milwaukee Panthers,team1_home,80,75,5,155,0.6844,0.3156,79,76,,,backtest
2026-01-06,Harvard Crimson,Dartmouth Big Green,team1_home,80,70,10,150,0.8269,0.1731,68,76,,,backtest
2026-01-06,Princeton Tigers,Pennsylvania Quakers,team1_home,73,75,-2,148,0.4302,0.5698,78,76,,,backtest
2026-01-06,Charleston Cougars,William & Mary Tribe,team1_home,78,77,1,155,0.5303,0.4697,88,79,,,backtest
2026-01-06,SE Louisiana Lions,Lamar Cardinals,team1_home,71,73,-2,144,0.4422,0.5578,60,52,,,backtest
2026-01-06,Grambling Tigers,Texas Southern Tigers,team1_home,76,72,4,148,0.662,0.338,84,67,,,backtest
2026-01-06,UT Rio Grande Valley Vaqueros,Incarnate Word Cardinals,team1_home,80,70,10,150,0.8437,0.1563,80,67,,,backtest
2026-01-06,Nicholls Colonels,Northwestern State Demons,team1_home,77,71,6,148,0.6957,0.3043,74,72,,,backtest
2026-01-06,McNeese Cowboys,Stephen F. Austin Lumberjacks,team1_home,77,72,5,149,0.6465,0.3535,66,64,,,backtest
2026-01-06,Mississippi Valley State Delta Devils,Alabama A&M Bulldogs,team1_home,68,81,-13,149,0.1104,0.8896,51,71,,,backtest
2026-01-06,Houston Christian Huskies,Texas A&M-Corpus Christi Islanders,team1_home,72,73,-1,145,0.4622,0.5378,65,81,,,backtest
2026-01-06,New Orleans Privateers,East Texas A&M Lions,team1_home,79,70,9,149,0.7737,0.2263,83,73,,,backtest
2026-01-07,Penn State Nittany Lions,Michigan Wolverines,team1_home,72,82,-10,154,0.1884,0.8116,72,74,,,backtest
2026-01-07,Louisville Cardinals,Duke Blue Devils,team1_home,75,79,-4,154,0.3598,0.6402,73,84,,,backtest
2026-01-07,Houston Cougars,Texas Tech Red Raiders,team1_home,81,72,9,153,0.7774,0.2226,69,65,,,backtest
2026-01-07,Florida Gators,Georgia Bulldogs,team1_home,84,76,8,160,0.7397,0.2603,92,77,,,backtest
2026-01-07,Minnesota Golden Gophers,Iowa Hawkeyes,team1_home,72,76,-4,148,0.3561,0.6439,70,67,,,backtest
2026-01-07,Tennessee Volunteers,Texas Longhorns,team1_home,81,75,6,156,0.6954,0.3046,85,71,,,backtest
2026-01-07,Kansas Jayhawks,TCU Horned Frogs,team1_home,77,73,4,150,0.6113,0.3887,104,100,,,backtest
2026-01-07,Oklahoma State Cowboys,UCF Knights,team1_home,80,80,0,160,0.5131,0.4869,87,76,,,backtest
2026-01-06,Ohio Bobcats,Massachusetts Minutemen,team1_home,77,78,-1,155,0.4746,0.5254,86,83,,,backtest
2026-01-07,West Virginia Mountaineers,Cincinnati Bearcats,team1_home,74,71,3,145,0.6142,0.3858,62,60,,,backtest
2026-01-07,Butler Bulldogs,St. John's Red Storm,team1_home,75,80,-5,155,0.3273,0.6727,70,84,,,backtest
2026-01-07,Georgia Tech Yellow Jackets,Syracuse Orange,team1_home,75,76,-1,151,0.4531,0.5469,72,82,,,backtest
2026-01-07,Miami (OH) RedHawks,Western Michigan Broncos,team1_home,85,70,15,155,0.9081,0.0919,87,76,,,backtest
2026-01-07,Ball State Cardinals,Eastern Michigan Eagles,team1_home,73,73,0,146,0.5149,0.4851,52,74,,,backtest
2026-01-07,Akron Zips,Central Michigan Chippewas,team1_home,85,70,15,155,0.9101,0.0899,82,69,,,backtest
2026-01-07,Kent State Golden Flashes,Bowling Green Falcons,team1_home,79,77,2,156,0.5737,0.4263,96,93,,,backtest
2026-01-07,LSU Tigers,South Carolina Gamecocks,team1_home,81,75,6,156,0.7109,0.2891,68,78,,,backtest
2026-01-07,Dayton Flyers,George Washington Revolutionaries,team1_home,77,76,1,153,0.5408,0.4592,79,72,,,backtest
2026-01-07,DePaul Blue Demons,Georgetown Hoyas,team1_home,75,73,2,148,0.5532,0.4468,56,50,,,backtest
2026-01-07,Northern Illinois Huskies,Toledo Rockets,team1_home,70,82,-12,152,0.1432,0.8568,61,75,,,backtest
2026-01-07,Colorado State Rams,New Mexico Lobos,team1_home,77,77,0,154,0.5074,0.4926,70,80,,,backtest
2026-01-07,Wisconsin Badgers,UCLA Bruins,team1_home,80,76,4,156,0.6208,0.3792,80,72,,,backtest
2026-01-07,Boston College Eagles,NC State Wolfpack,team1_home,72,80,-8,152,0.2272,0.7728,71,79,,,backtest
2026-01-07,Air Force Falcons,Utah State Aggies,team1_home,65,84,-19,149,0.0315,0.9685,62,99,,,backtest
2026-01-07,Auburn Tigers,Texas A&M Aggies,team1_home,81,80,1,161,0.5478,0.4522,88,90,,,backtest
2026-01-07,Wyoming Cowboys,UNLV Rebels,team1_home,80,75,5,155,0.6556,0.3444,98,66,,,backtest
2026-01-07,San José State Spartans,Fresno State Bulldogs,team1_home,74,76,-2,150,0.4278,0.5722,55,70,,,backtest
2026-01-07,Nevada Wolf Pack,San Diego State Aztecs,team1_home,77,74,3,151,0.5891,0.4109,68,73,,,backtest
2026-01-08,Arizona Wildcats,Kansas State Wildcats,team1_home,87,68,19,155,0.9536,0.0464,101,76,,,backtest
2026-01-08,Baylor Bears,Iowa State Cyclones,team1_home,74,81,-7,155,0.2917,0.7083,60,70,,,backtest
2026-01-08,Providence Friars,UConn Huskies,team1_home,75,81,-6,156,0.3136,0.6864,98,103,,,backtest
2026-01-08,Purdue Boilermakers,Washington Huskies,team1_home,82,73,9,155,0.7836,0.2164,81,73,,,backtest
2026-01-08,BYU Cougars,Arizona State Sun Devils,team1_home,84,72,12,156,0.8519,0.1481,104,76,,,backtest
2026-01-08,Vanderbilt Commodores,Alabama Crimson Tide,team1_home,83,80,3,163,0.6001,0.3999,96,90,,,backtest
2026-01-08,Ole Miss Rebels,Arkansas Razorbacks,team1_home,76,81,-5,157,0.3488,0.6512,87,94,,,backtest
2026-01-08,Virginia Cavaliers,California Golden Bears,team1_home,82,71,11,153,0.8371,0.1629,84,60,,,backtest
2026-01-08,Clemson Tigers,SMU Mustangs,team1_home,78,75,3,153,0.6174,0.3826,74,70,,,backtest
2026-01-07,Chattanooga Mocs,Furman Paladins,team1_home,76,77,-1,153,0.4587,0.5413,67,78,,,backtest
2026-01-07,Lehigh Mountain Hawks,Holy Cross Crusaders,team1_home,78,71,7,149,0.7473,0.2527,66,58,,,backtest
2026-01-07,Army Black Knights,Loyola Maryland Greyhounds,team1_home,76,76,0,152,0.5218,0.4782,76,84,,,backtest
2026-01-07,Wofford Terriers,UNC Greensboro Spartans,team1_home,82,75,7,157,0.717,0.283,97,85,,,backtest
2026-01-07,Maryland Terrapins,Indiana Hoosiers,team1_home,72,80,-8,152,0.2309,0.7691,66,84,,,backtest
2026-01-07,UNC Asheville Bulldogs,Longwood Lancers,team1_home,76,75,1,151,0.5492,0.4508,72,61,,,backtest
2026-01-07,Winthrop Eagles,Charleston Southern Buccaneers,team1_home,81,75,6,156,0.7027,0.2973,81,77,,,backtest
2026-01-08,Northern Iowa Panthers,Belmont Bruins,team1_home,75,75,0,150,0.5193,0.4807,65,78,,,backtest
2026-01-08,Colgate Raiders,American University Eagles,team1_home,78,74,4,152,0.6368,0.3632,64,62,,,backtest
2026-01-08,VCU Rams,Saint Louis Billikens,team1_home,77,79,-2,156,0.4513,0.5487,62,71,,,backtest
2026-01-08,St. Bonaventure Bonnies,Richmond Spiders,team1_home,78,76,2,154,0.5875,0.4125,80,89,,,backtest
2026-01-08,Rhode Island Rams,La Salle Explorers,team1_home,79,68,11,147,0.8498,0.1502,72,79,,,backtest
2026-01-08,Fordham Rams,George Mason Patriots,team1_home,72,74,-2,146,0.4622,0.5378,58,67,,,backtest
2026-01-08,Saint Joseph's Hawks,Duquesne Dukes,team1_home,77,74,3,151,0.6244,0.3756,97,90,,,backtest
2026-01-08,Temple Owls,East Carolina Pirates,team1_home,80,70,10,150,0.8261,0.1739,75,67,,,backtest
2026-01-08,Lafayette Leopards,Boston University Terriers,team1_home,74,77,-3,151,0.3716,0.6284,67,83,,,backtest
2026-01-08,Radford Highlanders,Presbyterian Blue Hose,team1_home,79,73,6,152,0.6803,0.3197,80,61,,,backtest
2026-01-08,High Point Panthers,Gardner-Webb Runnin' Bulldogs,team1_home,89,62,27,151,0.9929,0.0071,104,49,,,backtest
2026-01-08,Marquette Golden Eagles,Xavier Musketeers,team1_home,78,75,3,153,0.5976,0.4024,66,65,,,backtest
2026-01-08,Wake Forest Demon Deacons,Miami Hurricanes,team1_home,74,81,-7,155,0.2812,0.7188,77,81,,,backtest
2026-01-08,Virginia Tech Hokies,Stanford Cardinal,team1_home,78,75,3,153,0.611,0.389,68,69,,,backtest
2026-01-08,Navy Midshipmen,Bucknell Bison,team1_home,83,64,19,147,0.9716,0.0284,76,55,,,backtest
2026-01-08,Samford Bulldogs,Western Carolina Catamounts,team1_home,80,75,5,155,0.6657,0.3343,82,77,,,backtest
2026-01-08,Mercer Bears,The Citadel Bulldogs,team1_home,83,70,13,153,0.8901,0.1099,101,63,,,backtest
2026-01-08,East Tennessee State Buccaneers,VMI Keydets,team1_home,84,66,18,150,0.9564,0.0436,81,67,,,backtest
2026-01-08,James Madison Dukes,Marshall Thundering Herd,team1_home,78,77,1,155,0.5296,0.4704,64,66,,,backtest
2026-01-08,Kentucky Wildcats,Missouri Tigers,team1_home,81,76,5,157,0.6913,0.3087,68,73,,,backtest
2026-01-08,Mississippi State Bulldogs,Oklahoma Sooners,team1_home,77,80,-3,157,0.3751,0.6249,72,53,,,backtest
2026-01-08,Kennesaw State Owls,Missouri State Bears,team1_home,79,74,5,153,0.6717,0.3283,90,80,,,backtest
2026-01-08,Jacksonville State Gamecocks,Florida International Panthers,team1_home,77,74,3,151,0.5911,0.4089,71,64,,,backtest
2026-01-08,Youngstown State Penguins,Purdue Fort Wayne Mastodons,team1_home,80,73,7,153,0.7356,0.2644,69,71,,,backtest
2026-01-08,Wichita State Shockers,Rice Owls,team1_home,82,69,13,151,0.8843,0.1157,64,66,,,backtest
2026-01-08,UAB Blazers,Florida Atlantic Owls,team1_home,78,74,4,152,0.6441,0.3559,71,76,,,backtest
2026-01-08,Villanova Wildcats,Creighton Bluejays,team1_home,81,72,9,153,0.7817,0.2183,72,76,,,backtest
2026-01-08,Valparaiso Beacons,Illinois State Redbirds,team1_home,74,75,-1,149,0.4758,0.5242,77,71,,,backtest
2026-01-08,UIC Flames,Southern Illinois Salukis,team1_home,76,72,4,148,0.651,0.349,70,57,,,backtest
2026-01-08,Evansville Purple Aces,Murray State Racers,team1_home,70,83,-13,153,0.1204,0.8796,69,79,,,backtest
2026-01-08,North Texas Mean Green,South Florida Bulls,team1_home,73,79,-6,152,0.2992,0.7008,70,74,,,backtest
2026-01-08,UTSA Roadrunners,Charlotte 49ers,team1_home,70,81,-11,151,0.1514,0.8486,58,74,,,backtest
2026-01-08,Arkansas State Red Wolves,Troy Trojans,team1_home,78,77,1,155,0.5586,0.4414,86,74,,,backtest
2026-01-08,Bradley Braves,Drake Bulldogs,team1_home,80,73,7,153,0.7398,0.2602,93,66,,,backtest
2026-01-08,Loyola Chicago Ramblers,Davidson Wildcats,team1_home,70,77,-7,147,0.26,0.74,64,79,,,backtest
2026-01-08,Colorado Buffaloes,Utah Utes,team1_home,82,74,8,156,0.7698,0.2302,85,73,,,backtest
2026-01-08,St. Thomas-Minnesota Tommies,South Dakota Coyotes,team1_home,85,71,14,156,0.8866,0.1134,99,86,,,backtest
2026-01-08,Boise State Broncos,Grand Canyon Lopes,team1_home,76,74,2,150,0.5663,0.4337,58,75,,,backtest
2026-01-09,Gonzaga Bulldogs,Santa Clara Broncos,team1_home,84,72,12,156,0.8444,0.1556,89,77,,,backtest
2026-01-08,Michigan State Spartans,Northwestern Wildcats,team1_home,81,70,11,151,0.8325,0.1675,76,66,,,backtest
2026-01-09,Illinois Fighting Illini,Rutgers Scarlet Knights,team1_home,83,68,15,151,0.9222,0.0778,81,55,,,backtest
2026-01-08,Towson Tigers,Hofstra Pride,team1_home,72,75,-3,147,0.387,0.613,67,78,,,backtest
2026-01-08,Fairleigh Dickinson Knights,Chicago State Cougars,team1_home,76,70,6,146,0.7265,0.2735,70,63,,,backtest
2026-01-08,Bryant Bulldogs,UMass Lowell River Hawks,team1_home,72,75,-3,147,0.3909,0.6091,63,77,,,backtest
2026-01-08,UMBC Retrievers,Maine Black Bears,team1_home,81,64,17,145,0.9524,0.0476,69,62,,,backtest
2026-01-09,Central Connecticut Blue Devils,Stonehill Skyhawks,team1_home,77,68,9,145,0.8145,0.1855,76,69,,,backtest
2026-01-09,Wagner Seahawks,Saint Francis Red Flash,team1_home,80,69,11,149,0.8493,0.1507,69,71,,,backtest
2026-01-09,Long Island University Sharks,Mercyhurst Lakers,team1_home,77,70,7,147,0.7335,0.2665,60,58,,,backtest
2026-01-09,Le Moyne Dolphins,New Haven Chargers,team1_home,76,68,8,144,0.7882,0.2118,73,47,,,backtest
2026-01-09,NJIT Highlanders,New Hampshire Wildcats,team1_home,75,70,5,145,0.7025,0.2975,80,76,,,backtest
2026-01-09,Vermont Catamounts,Binghamton Bearcats,team1_home,82,66,16,148,0.9478,0.0522,60,59,,,backtest
2026-01-09,Northeastern Huskies,UNC Wilmington Seahawks,team1_home,72,81,-9,153,0.2093,0.7907,78,87,,,backtest
2026-01-09,North Carolina A&T Aggies,Elon Phoenix,team1_home,77,77,0,154,0.4978,0.5022,64,69,,,backtest
2026-01-09,Campbell Fighting Camels,Hampton Pirates,team1_home,78,72,6,150,0.6785,0.3215,86,72,,,backtest
2026-01-09,Monmouth Hawks,William & Mary Tribe,team1_home,76,76,0,152,0.526,0.474,81,70,,,backtest
2026-01-09,Drexel Dragons,Stony Brook Seawolves,team1_home,75,71,4,146,0.6639,0.3361,56,37,,,backtest
2026-01-09,Georgia State Panthers,App State Mountaineers,team1_home,71,76,-5,147,0.3234,0.6766,50,52,,,backtest
2026-01-09,Coastal Carolina Chanticleers,Old Dominion Monarchs,team1_home,77,74,3,151,0.6244,0.3756,66,70,,,backtest
2026-01-09,North Florida Ospreys,West Georgia Wolves,team1_home,78,80,-2,158,0.4317,0.5683,73,85,,,backtest
2026-01-09,Eastern Kentucky Colonels,North Alabama Lions,team1_home,81,73,8,154,0.7665,0.2335,88,80,,,backtest
2026-01-09,Stetson Hatters,Lipscomb Bisons,team1_home,74,79,-5,153,0.3393,0.6607,91,83,,,backtest
2026-01-09,Bellarmine Knights,Central Arkansas Bears,team1_home,79,78,1,157,0.5255,0.4745,84,78,,,backtest
2026-01-09,Florida Gulf Coast Eagles,Austin Peay Governors,team1_home,76,78,-2,154,0.4563,0.5437,71,82,,,backtest
2026-01-09,Louisiana Tech Bulldogs,Liberty Flames,team1_home,73,76,-3,149,0.3669,0.6331,56,72,,,backtest
2026-01-09,Morehead State Eagles,UT Martin Skyhawks,team1_home,74,73,1,147,0.535,0.465,68,76,,,backtest
2026-01-09,Sam Houston Bearkats,Delaware Blue Hens,team1_home,82,69,13,151,0.8839,0.1161,72,60,,,backtest
2026-01-09,South Dakota State Jackrabbits,Denver Pioneers,team1_home,80,76,4,156,0.6404,0.3596,87,79,,,backtest
2026-01-09,Kansas City Roos,North Dakota State Bison,team1_home,66,85,-19,151,0.037,0.963,73,97,,,backtest
2026-01-09,Omaha Mavericks,North Dakota Fighting Hawks,team1_home,79,74,5,153,0.6379,0.3621,90,79,,,backtest
2026-01-09,Southern Miss Golden Eagles,Texas State Bobcats,team1_home,76,74,2,150,0.5672,0.4328,80,70,,,backtest
2026-01-09,Northern Arizona Lumberjacks,Weber State Wildcats,team1_home,74,80,-6,154,0.2993,0.7007,65,78,,,backtest
2026-01-09,Northern Colorado Bears,Idaho State Bengals,team1_home,82,74,8,156,0.7637,0.2363,85,72,,,backtest
2026-01-09,Utah Valley Wolverines,Southern Utah Thunderbirds,team1_home,84,68,16,152,0.9388,0.0612,89,72,,,backtest
2026-01-09,Tarleton State Texans,Abilene Christian Wildcats,team1_home,76,71,5,147,0.6784,0.3216,80,84,,,backtest
2026-01-09,Western Illinois Leathernecks,Tennessee State Tigers,team1_home,67,81,-14,148,0.0814,0.9186,68,90,,,backtest
2026-01-09,SIU Edwardsville Cougars,Little Rock Trojans,team1_home,77,68,9,145,0.8137,0.1863,70,73,,,backtest
2026-01-09,Eastern Illinois Panthers,Tennessee Tech Golden Eagles,team1_home,72,74,-2,146,0.4365,0.5635,71,61,,,backtest
2026-01-09,Louisiana Ragin' Cajuns,UL Monroe Warhawks,team1_home,77,71,6,148,0.7365,0.2635,85,79,,,backtest
2026-01-09,UC Santa Barbara Gauchos,UC Davis Aggies,team1_home,80,73,7,153,0.7219,0.2781,86,93,,,backtest
2026-01-09,Idaho Vandals,Montana Grizzlies,team1_home,80,73,7,153,0.713,0.287,73,79,,,backtest
2026-01-09,Eastern Washington Eagles,Montana State Bobcats,team1_home,77,78,-1,155,0.4649,0.5351,64,68,,,backtest
2026-01-09,UTEP Miners,Middle Tennessee Blue Raiders,team1_home,72,76,-4,148,0.3914,0.6086,83,80,,,backtest
2026-01-09,New Mexico State Aggies,Western Kentucky Hilltoppers,team1_home,77,75,2,152,0.5827,0.4173,80,64,,,backtest
2026-01-09,San Diego Toreros,Pepperdine Waves,team1_home,79,72,7,151,0.7372,0.2628,83,63,,,backtest
2026-01-09,Cal State Bakersfield Roadrunners,UC Riverside Highlanders,team1_home,76,76,0,152,0.4963,0.5037,67,66,,,backtest
2026-01-09,Oregon State Beavers,Seattle U Redhawks,team1_home,74,73,1,147,0.5335,0.4665,68,55,,,backtest
2026-01-09,Portland Pilots,Pacific Tigers,team1_home,72,77,-5,149,0.3481,0.6519,90,89,,,backtest
2026-01-09,Cal State Northridge Matadors,Cal Poly Mustangs,team1_home,80,75,5,155,0.6709,0.3291,95,90,,,backtest
2026-01-09,UC Irvine Anteaters,Long Beach State Beach,team1_home,80,69,11,149,0.8339,0.1661,74,64,,,backtest
2026-01-09,UC San Diego Tritons,Cal State Fullerton Titans,team1_home,80,73,7,153,0.7217,0.2783,71,88,,,backtest
2026-01-09,California Baptist Lancers,Utah Tech Trailblazers,team1_home,79,70,9,149,0.7708,0.2292,84,72,,,backtest
2026-01-09,Oregon Ducks,Ohio State Buckeyes,team1_home,73,80,-7,153,0.2497,0.7503,62,72,,,backtest
2026-01-09,Loyola Marymount Lions,San Francisco Dons,team1_home,75,75,0,150,0.5232,0.4768,84,82,,,backtest
2026-01-09,Toledo Rockets,Miami (OH) RedHawks,team1_home,77,80,-3,157,0.4013,0.5987,73,87,,,backtest
2026-01-10,Fairfield Stags,Rider Broncs,team1_home,82,65,17,147,0.9597,0.0403,68,62,,,backtest
2026-01-10,Oakland Golden Grizzlies,Cleveland State Vikings,team1_home,82,77,5,159,0.6776,0.3224,97,74,,,backtest
2026-01-10,Detroit Mercy Titans,Wright State Raiders,team1_home,76,80,-4,156,0.3767,0.6233,82,84,,,backtest
2026-01-10,Green Bay Phoenix,IU Indianapolis Jaguars,team1_home,83,75,8,158,0.7417,0.2583,75,59,,,backtest
2026-01-10,Siena Saints,Merrimack Warriors,team1_home,76,70,6,146,0.7172,0.2828,59,63,,,backtest
2026-01-10,Mount St. Mary's Mountaineers,Saint Peter's Peacocks,team1_home,72,73,-1,145,0.4875,0.5125,70,65,,,backtest
2026-01-10,Iona Gaels,Niagara Purple Eagles,team1_home,79,68,11,147,0.8656,0.1344,71,53,,,backtest
2026-01-10,Sacred Heart Pioneers,Marist Red Foxes,team1_home,72,75,-3,147,0.4106,0.5894,72,76,,,backtest
2026-01-10,Manhattan Jaspers,Canisius Golden Griffins,team1_home,77,70,7,147,0.7512,0.2488,64,70,,,backtest
2026-01-10,Milwaukee Panthers,Northern Kentucky Norse,team1_home,77,79,-2,156,0.4046,0.5954,67,85,,,backtest
2026-01-10,Bowling Green Falcons,Akron Zips,team1_home,75,81,-6,156,0.3051,0.6949,67,77,,,backtest
2026-01-10,Minnesota Golden Gophers,USC Trojans,team1_home,78,73,5,151,0.6803,0.3197,69,70,,,backtest
2026-01-10,Colorado State Rams,UNLV Rebels,team1_home,81,74,7,155,0.723,0.277,70,62,,,backtest
2026-01-10,TCU Horned Frogs,Arizona Wildcats,team1_home,73,80,-7,153,0.2657,0.7343,73,86,,,backtest
2026-01-10,Michigan Wolverines,Wisconsin Badgers,team1_home,84,74,10,158,0.7884,0.2116,88,91,,,backtest
2026-01-10,Iowa State Cyclones,Oklahoma State Cowboys,team1_home,85,70,15,155,0.9046,0.0954,83,71,,,backtest
2026-01-10,UConn Huskies,DePaul Blue Demons,team1_home,81,66,15,147,0.9169,0.0831,72,60,,,backtest
2026-01-10,Purdue Boilermakers,Penn State Nittany Lions,team1_home,82,71,11,153,0.8199,0.1801,93,85,,,backtest
2026-01-10,Duke Blue Devils,SMU Mustangs,team1_home,83,71,12,154,0.8535,0.1465,82,75,,,backtest
2026-01-10,Baylor Bears,Houston Cougars,team1_home,74,80,-6,154,0.3085,0.6915,55,77,,,backtest
2026-01-11,Utah Utes,BYU Cougars,team1_home,75,81,-6,156,0.3025,0.6975,84,89,,,backtest
2026-01-10,Indiana Hoosiers,Nebraska Cornhuskers,team1_home,75,77,-2,152,0.4186,0.5814,77,83,,,backtest
2026-01-10,Vanderbilt Commodores,LSU Tigers,team1_home,83,75,8,158,0.7532,0.2468,84,73,,,backtest
2026-01-11,Alabama Crimson Tide,Texas Longhorns,team1_home,82,79,3,161,0.5863,0.4137,88,92,,,backtest
2026-01-11,Colorado Buffaloes,Texas Tech Red Raiders,team1_home,77,79,-2,156,0.4288,0.5712,71,73,,,backtest
2026-01-10,Auburn Tigers,Arkansas Razorbacks,team1_home,81,79,2,160,0.5716,0.4284,95,73,,,backtest
2026-01-10,North Carolina Tar Heels,Wake Forest Demon Deacons,team1_home,82,72,10,154,0.8167,0.1833,87,84,,,backtest
2026-01-10,South Carolina Gamecocks,Georgia Bulldogs,team1_home,76,81,-5,157,0.3259,0.6741,70,75,,,backtest
2026-01-10,Louisville Cardinals,Boston College Eagles,team1_home,84,66,18,150,0.9528,0.0472,75,62,,,backtest
2026-01-10,Florida Gators,Tennessee Volunteers,team1_home,81,74,7,155,0.7248,0.2752,91,67,,,backtest
2026-01-10,West Virginia Mountaineers,Kansas Jayhawks,team1_home,73,73,0,146,0.5116,0.4884,86,75,,,backtest
2026-01-10,Virginia Cavaliers,Stanford Cardinal,team1_home,82,71,11,153,0.8422,0.1578,70,55,,,backtest
2026-01-10,George Mason Patriots,VCU Rams,team1_home,76,77,-1,153,0.4781,0.5219,86,80,,,backtest
2026-01-10,St. Bonaventure Bonnies,Fordham Rams,team1_home,76,72,4,148,0.6388,0.3612,77,81,,,backtest
2026-01-10,Miami Hurricanes,Georgia Tech Yellow Jackets,team1_home,85,68,17,153,0.9336,0.0664,91,81,,,backtest
2026-01-10,Florida State Seminoles,NC State Wolfpack,team1_home,78,80,-2,158,0.4392,0.5608,69,113,,,backtest
2026-01-10,Indiana State Sycamores,Evansville Purple Aces,team1_home,79,69,10,148,0.8432,0.1568,69,72,,,backtest
2026-01-10,Boston University Terriers,Army Black Knights,team1_home,82,71,11,153,0.8451,0.1549,100,91,,,backtest
2026-01-10,Western Michigan Broncos,Eastern Michigan Eagles,team1_home,76,75,1,151,0.5246,0.4754,79,62,,,backtest
2026-01-10,Wagner Seahawks,Mercyhurst Lakers,team1_home,74,72,2,146,0.552,0.448,69,70,,,backtest
2026-01-10,Le Moyne Dolphins,Central Connecticut Blue Devils,team1_home,76,73,3,149,0.5917,0.4083,59,69,,,backtest
2026-01-10,New Haven Chargers,Fairleigh Dickinson Knights,team1_home,73,70,3,143,0.6087,0.3913,65,55,,,backtest
2026-01-10,UMBC Retrievers,New Hampshire Wildcats,team1_home,84,64,20,148,0.9738,0.0262,75,74,,,backtest
2026-01-10,The Citadel Bulldogs,Western Carolina Catamounts,team1_home,74,79,-5,153,0.304,0.696,79,77,,,backtest
2026-01-10,Louisiana Ragin' Cajuns,Troy Trojans,team1_home,70,78,-8,148,0.2273,0.7727,70,90,,,backtest
2026-01-10,Coastal Carolina Chanticleers,App State Mountaineers,team1_home,73,74,-1,147,0.4797,0.5203,67,62,,,backtest
2026-01-10,Cornell Big Red,Dartmouth Big Green,team1_home,83,74,9,157,0.7894,0.2106,91,102,,,backtest
2026-01-10,Colgate Raiders,Lehigh Mountain Hawks,team1_home,79,73,6,152,0.6858,0.3142,77,78,,,backtest
2026-01-10,Davidson Wildcats,Rhode Island Rams,team1_home,75,70,5,145,0.6714,0.3286,45,70,,,backtest
2026-01-10,South Carolina Upstate Spartans,Winthrop Eagles,team1_home,73,80,-7,153,0.2758,0.7242,50,71,,,backtest
2026-01-10,Charleston Southern Buccaneers,High Point Panthers,team1_home,74,83,-9,157,0.2116,0.7884,82,84,,,backtest
2026-01-10,Creighton Bluejays,St. John's Red Storm,team1_home,74,79,-5,153,0.3193,0.6807,73,90,,,backtest
2026-01-10,Pittsburgh Panthers,Syracuse Orange,team1_home,76,75,1,151,0.5344,0.4656,72,83,,,backtest
2026-01-10,Navy Midshipmen,Lafayette Leopards,team1_home,82,66,16,148,0.9427,0.0573,76,50,,,backtest
2026-01-10,South Dakota Coyotes,Denver Pioneers,team1_home,80,80,0,160,0.5032,0.4968,82,72,,,backtest
2026-01-10,Omaha Mavericks,North Dakota State Bison,team1_home,73,80,-7,153,0.285,0.715,76,78,,,backtest
2026-01-10,Princeton Tigers,Yale Bulldogs,team1_home,71,79,-8,150,0.2349,0.7651,76,60,,,backtest
2026-01-10,Ohio Bobcats,Buffalo Bulls,team1_home,77,79,-2,156,0.4396,0.5604,91,80,,,backtest
2026-01-10,Columbia Lions,Harvard Crimson,team1_home,75,74,1,149,0.5401,0.4599,54,79,,,backtest
2026-01-10,Pennsylvania Quakers,Brown Bears,team1_home,79,68,11,147,0.8388,0.1612,81,73,,,backtest
2026-01-10,Stonehill Skyhawks,Chicago State Cougars,team1_home,75,69,6,144,0.7029,0.2971,85,82,,,backtest
2026-01-10,Binghamton Bearcats,UMass Lowell River Hawks,team1_home,74,76,-2,150,0.4337,0.5663,68,73,,,backtest
2026-01-10,NJIT Highlanders,Maine Black Bears,team1_home,73,69,4,142,0.6351,0.3649,70,74,,,backtest
2026-01-10,UAlbany Great Danes,Bryant Bulldogs,team1_home,78,68,10,146,0.8129,0.1871,71,46,,,backtest
2026-01-10,Drexel Dragons,William & Mary Tribe,team1_home,75,75,0,150,0.4731,0.5269,64,58,,,backtest
2026-01-10,Northeastern Huskies,Towson Tigers,team1_home,74,75,-1,149,0.4494,0.5506,78,87,,,backtest
2026-01-10,Hofstra Pride,Monmouth Hawks,team1_home,78,70,8,148,0.778,0.222,67,64,,,backtest
2026-01-10,Mercer Bears,Wofford Terriers,team1_home,81,76,5,157,0.671,0.329,109,97,,,backtest
2026-01-10,Furman Paladins,VMI Keydets,team1_home,84,67,17,151,0.9459,0.0541,69,48,,,backtest
2026-01-10,South Alabama Jaguars,Georgia Southern Eagles,team1_home,79,74,5,153,0.6497,0.3503,87,71,,,backtest
2026-01-10,Bellarmine Knights,North Alabama Lions,team1_home,81,73,8,154,0.7487,0.2513,73,82,,,backtest
2026-01-10,Stetson Hatters,Austin Peay Governors,team1_home,73,80,-7,153,0.2534,0.7466,69,81,,,backtest
2026-01-10,Radford Highlanders,UNC Asheville Bulldogs,team1_home,79,74,5,153,0.6626,0.3374,72,91,,,backtest
2026-01-10,Marquette Golden Eagles,Villanova Wildcats,team1_home,74,78,-4,152,0.3505,0.6495,73,76,,,backtest
2026-01-10,George Washington Revolutionaries,Loyola Chicago Ramblers,team1_home,84,68,16,152,0.9353,0.0647,101,66,,,backtest
2026-01-10,Tulsa Golden Hurricane,South Florida Bulls,team1_home,82,77,5,159,0.6515,0.3485,78,93,,,backtest
2026-01-10,Arizona State Sun Devils,Kansas State Wildcats,team1_home,80,76,4,156,0.6268,0.3732,87,84,,,backtest
2026-01-10,Longwood Lancers,Presbyterian Blue Hose,team1_home,77,72,5,149,0.6656,0.3344,77,70,,,backtest
2026-01-10,Air Force Falcons,New Mexico Lobos,team1_home,64,85,-21,149,0.0191,0.9809,49,91,,,backtest
2026-01-10,Central Michigan Chippewas,Kent State Golden Flashes,team1_home,75,80,-5,155,0.3429,0.6571,87,85,,,backtest
2026-01-10,Southern Miss Golden Eagles,UL Monroe Warhawks,team1_home,83,70,13,153,0.8808,0.1192,70,60,,,backtest
2026-01-10,Arkansas State Red Wolves,Texas State Bobcats,team1_home,79,73,6,152,0.7013,0.2987,83,82,,,backtest
2026-01-10,Jacksonville Dolphins,West Georgia Wolves,team1_home,78,74,4,152,0.6091,0.3909,75,43,,,backtest
2026-01-10,UT Arlington Mavericks,Abilene Christian Wildcats,team1_home,76,68,8,144,0.7611,0.2389,82,72,,,backtest
2026-01-10,Louisiana Tech Bulldogs,Delaware Blue Hens,team1_home,76,70,6,146,0.7251,0.2749,70,68,,,backtest
2026-01-10,Massachusetts Minutemen,Ball State Cardinals,team1_home,80,70,10,150,0.8197,0.1803,79,71,,,backtest
2026-01-10,Texas A&M Aggies,Oklahoma Sooners,team1_home,82,79,3,161,0.6031,0.3969,83,76,,,backtest
2026-01-10,Morehead State Eagles,Southeast Missouri State Redhawks,team1_home,76,74,2,150,0.5693,0.4307,71,69,,,backtest
2026-01-10,Sam Houston Bearkats,Liberty Flames,team1_home,78,76,2,154,0.5744,0.4256,74,82,,,backtest
2026-01-10,Murray State Racers,Valparaiso Beacons,team1_home,80,73,7,153,0.7311,0.2689,92,79,,,backtest
2026-01-10,La Salle Explorers,Saint Louis Billikens,team1_home,68,83,-15,151,0.0778,0.9222,72,84,,,backtest
2026-01-10,Alabama State Hornets,Jackson State Tigers,team1_home,79,71,8,150,0.774,0.226,64,75,,,backtest
2026-01-10,American University Eagles,Holy Cross Crusaders,team1_home,79,70,9,149,0.8057,0.1943,73,84,,,backtest
2026-01-10,Xavier Musketeers,Providence Friars,team1_home,79,80,-1,159,0.4684,0.5316,97,84,,,backtest
2026-01-10,Virginia Tech Hokies,California Golden Bears,team1_home,78,75,3,153,0.5953,0.4047,78,75,,,backtest
2026-01-10,Long Island University Sharks,Saint Francis Red Flash,team1_home,84,67,17,151,0.9469,0.0531,67,63,,,backtest
2026-01-10,East Tennessee State Buccaneers,UNC Greensboro Spartans,team1_home,83,71,12,154,0.848,0.152,86,60,,,backtest
2026-01-10,James Madison Dukes,Old Dominion Monarchs,team1_home,80,74,6,154,0.7084,0.2916,70,69,,,backtest
2026-01-10,Georgia State Panthers,Marshall Thundering Herd,team1_home,73,80,-7,153,0.274,0.726,81,73,,,backtest
2026-01-10,Florida Gulf Coast Eagles,Lipscomb Bisons,team1_home,78,76,2,154,0.5514,0.4486,77,84,,,backtest
2026-01-10,Eastern Kentucky Colonels,Central Arkansas Bears,team1_home,76,80,-4,156,0.3572,0.6428,79,75,,,backtest
2026-01-10,Utah Valley Wolverines,Utah Tech Trailblazers,team1_home,81,71,10,152,0.8141,0.1859,92,76,,,backtest
2026-01-10,UTEP Miners,Western Kentucky Hilltoppers,team1_home,73,77,-4,150,0.3483,0.6517,56,68,,,backtest
2026-01-10,Delaware State Hornets,Norfolk State Spartans,team1_home,68,76,-8,144,0.246,0.754,64,66,,,backtest
2026-01-10,Maryland Eastern Shore Hawks,Howard Bison,team1_home,66,79,-13,145,0.1165,0.8835,69,57,,,backtest
2026-01-10,Chattanooga Mocs,Samford Bulldogs,team1_home,77,78,-1,155,0.49,0.51,88,79,,,backtest
2026-01-10,Northwestern State Demons,Texas A&M-Corpus Christi Islanders,team1_home,72,74,-2,146,0.4235,0.5765,79,78,,,backtest
2026-01-10,Western Illinois Leathernecks,Tennessee Tech Golden Eagles,team1_home,70,76,-6,146,0.2728,0.7272,54,59,,,backtest
2026-01-10,Eastern Illinois Panthers,Tennessee State Tigers,team1_home,69,78,-9,147,0.1935,0.8065,74,70,,,backtest
2026-01-10,Morgan State Bears,South Carolina State Bulldogs,team1_home,78,71,7,149,0.7311,0.2689,72,67,,,backtest
2026-01-10,Illinois State Redbirds,UIC Flames,team1_home,77,72,5,149,0.6604,0.3396,59,63,,,backtest
2026-01-10,Saint Mary's Gaels,Washington State Cougars,team1_home,83,68,15,151,0.9202,0.0798,88,82,,,backtest
2026-01-10,UTSA Roadrunners,Tulane Green Wave,team1_home,71,79,-8,150,0.2351,0.7649,52,85,,,backtest
2026-01-10,Coppin State Eagles,North Carolina Central Eagles,team1_home,72,75,-3,147,0.3729,0.6271,77,88,,,backtest
2026-01-10,Bucknell Bison,Loyola Maryland Greyhounds,team1_home,74,76,-2,150,0.4474,0.5526,70,67,,,backtest
2026-01-10,Charleston Cougars,Hampton Pirates,team1_home,78,70,8,148,0.7686,0.2314,74,70,,,backtest
2026-01-10,Cal Poly Mustangs,UC Davis Aggies,team1_home,77,78,-1,155,0.4675,0.5325,84,78,,,backtest
2026-01-10,McNeese Cowboys,SE Louisiana Lions,team1_home,83,64,19,147,0.9635,0.0365,73,61,,,backtest
2026-01-10,Portland State Vikings,Sacramento State Hornets,team1_home,81,71,10,152,0.8297,0.1703,96,69,,,backtest
2026-01-10,Idaho Vandals,Montana State Bobcats,team1_home,78,75,3,153,0.6029,0.3971,92,89,,,backtest
2026-01-10,Eastern Washington Eagles,Montana Grizzlies,team1_home,79,76,3,155,0.5909,0.4091,66,65,,,backtest
2026-01-10,Missouri State Bears,Florida International Panthers,team1_home,78,75,3,153,0.6009,0.3991,79,71,,,backtest
2026-01-10,Kennesaw State Owls,Jacksonville State Gamecocks,team1_home,79,73,6,152,0.6903,0.3097,88,82,,,backtest
2026-01-10,Alabama A&M Bulldogs,Alcorn State Braves,team1_home,80,68,12,148,0.8722,0.1278,62,64,,,backtest
2026-01-10,Texas Southern Tigers,Arkansas-Pine Bluff Golden Lions,team1_home,78,74,4,152,0.6301,0.3699,66,74,,,backtest
2026-01-10,Bethune-Cookman Wildcats,Grambling Tigers,team1_home,76,72,4,148,0.6294,0.3706,74,65,,,backtest
2026-01-10,Bradley Braves,Northern Iowa Panthers,team1_home,74,74,0,148,0.5105,0.4895,75,69,,,backtest
2026-01-10,Drake Bulldogs,Belmont Bruins,team1_home,74,81,-7,155,0.2788,0.7212,76,78,,,backtest
2026-01-10,Prairie View A&M Panthers,Mississippi Valley State Delta Devils,team1_home,84,65,19,149,0.9638,0.0362,70,69,,,backtest
2026-01-10,Notre Dame Fighting Irish,Clemson Tigers,team1_home,73,77,-4,150,0.3385,0.6615,61,76,,,backtest
2026-01-10,Stony Brook Seawolves,UNC Wilmington Seahawks,team1_home,71,78,-7,149,0.2768,0.7232,71,75,,,backtest
2026-01-10,Stephen F. Austin Lumberjacks,Houston Christian Huskies,team1_home,82,66,16,148,0.9404,0.0596,85,67,,,backtest
2026-01-10,New Orleans Privateers,Nicholls Colonels,team1_home,78,73,5,151,0.6474,0.3526,77,90,,,backtest
2026-01-10,East Texas A&M Lions,UT Rio Grande Valley Vaqueros,team1_home,70,78,-8,148,0.2369,0.7631,77,69,,,backtest
2026-01-10,Ole Miss Rebels,Missouri Tigers,team1_home,77,78,-1,155,0.4705,0.5295,76,69,,,backtest
2026-01-10,Georgetown Hoyas,Seton Hall Pirates,team1_home,74,73,1,147,0.5128,0.4872,67,76,,,backtest
2026-01-11,Pacific Tigers,San Diego Toreros,team1_home,79,70,9,149,0.7952,0.2048,77,70,,,backtest
2026-01-11,Florida A&M Rattlers,Southern Jaguars,team1_home,76,75,1,151,0.5364,0.4636,67,59,,,backtest
2026-01-11,Long Beach State Beach,Cal State Bakersfield Roadrunners,team1_home,80,72,8,152,0.7554,0.2446,81,75,,,backtest
2026-01-11,Cal State Fullerton Titans,Cal State Northridge Matadors,team1_home,79,76,3,155,0.6029,0.3971,86,79,,,backtest
2026-01-11,Lamar Cardinals,Incarnate Word Cardinals,team1_home,77,71,6,148,0.696,0.304,63,51,,,backtest
2026-01-11,Elon Phoenix,Campbell Fighting Camels,team1_home,80,75,5,155,0.6442,0.3558,83,82,,,backtest
2026-01-11,Pepperdine Waves,San Francisco Dons,team1_home,72,79,-7,151,0.2818,0.7182,60,80,,,backtest
2026-01-11,Portland Pilots,Oregon State Beavers,team1_home,75,75,0,150,0.4855,0.5145,82,76,,,backtest
2026-01-11,UCLA Bruins,Maryland Terrapins,team1_home,83,68,15,151,0.9202,0.0798,67,55,,,backtest
2026-01-11,Grand Canyon Lopes,San José State Spartans,team1_home,83,68,15,151,0.9227,0.0773,76,58,,,backtest
2026-01-11,Oral Roberts Golden Eagles,St. Thomas-Minnesota Tommies,team1_home,71,82,-11,153,0.1685,0.8315,71,82,,,backtest
2026-01-11,Kansas City Roos,North Dakota Fighting Hawks,team1_home,71,80,-9,151,0.2062,0.7938,79,81,,,backtest
2026-01-11,UC Riverside Highlanders,UC San Diego Tritons,team1_home,71,78,-7,149,0.2636,0.7364,66,69,,,backtest
2026-01-11,Northern Colorado Bears,Weber State Wildcats,team1_home,81,76,5,157,0.686,0.314,71,76,,,backtest
2026-01-11,Northern Arizona Lumberjacks,Idaho State Bengals,team1_home,74,77,-3,151,0.3846,0.6154,79,81,,,backtest
2026-01-11,California Baptist Lancers,Southern Utah Thunderbirds,team1_home,82,67,15,149,0.9104,0.0896,58,55,,,backtest
2026-01-11,New Mexico State Aggies,Middle Tennessee Blue Raiders,team1_home,77,74,3,151,0.6206,0.3794,55,59,,,backtest
2026-01-11,Kentucky Wildcats,Mississippi State Bulldogs,team1_home,84,72,12,156,0.8673,0.1327,92,68,,,backtest
2026-01-11,Boise State Broncos,Utah State Aggies,team1_home,76,79,-3,155,0.3827,0.6173,68,93,,,backtest
2026-01-11,Nevada Wolf Pack,Wyoming Cowboys,team1_home,78,74,4,152,0.6614,0.3386,92,83,,,backtest
2026-01-11,Santa Clara Broncos,Loyola Marymount Lions,team1_home,82,71,11,153,0.8549,0.1451,103,72,,,backtest
2026-01-11,San Diego State Aztecs,Fresno State Bulldogs,team1_home,80,70,10,150,0.802,0.198,71,52,,,backtest
2026-01-11,Hawai'i Rainbow Warriors,UC Irvine Anteaters,team1_home,77,71,6,148,0.7046,0.2954,67,66,,,backtest
2026-01-11,Iowa Hawkeyes,Illinois Fighting Illini,team1_home,76,77,-1,153,0.4665,0.5335,69,75,,,backtest
2026-01-11,UCF Knights,Cincinnati Bearcats,team1_home,78,74,4,152,0.6267,0.3733,73,72,,,backtest
2026-01-11,Richmond Spiders,Saint Joseph's Hawks,team1_home,77,73,4,150,0.6328,0.3672,65,67,,,backtest
2026-01-11,Florida Atlantic Owls,Memphis Tigers,team1_home,79,73,6,152,0.7173,0.2827,89,78,,,backtest
2026-01-11,Detroit Mercy Titans,Cleveland State Vikings,team1_home,83,75,8,158,0.7469,0.2531,94,84,,,backtest
2026-01-11,Iona Gaels,Canisius Golden Griffins,team1_home,79,66,13,145,0.8942,0.1058,74,48,,,backtest
2026-01-11,Rice Owls,Charlotte 49ers,team1_home,75,76,-1,151,0.4604,0.5396,73,74,,,backtest
2026-01-11,East Carolina Pirates,UAB Blazers,team1_home,73,79,-6,152,0.2916,0.7084,85,87,,,backtest
2026-01-11,Saint Peter's Peacocks,Merrimack Warriors,team1_home,73,72,1,145,0.5583,0.4417,76,63,,,backtest
2026-01-11,Sacred Heart Pioneers,Quinnipiac Bobcats,team1_home,76,75,1,151,0.5029,0.4971,60,70,,,backtest
2026-01-11,Green Bay Phoenix,Northern Kentucky Norse,team1_home,78,78,0,156,0.4897,0.5103,80,78,,,backtest
2026-01-11,Robert Morris Colonials,Purdue Fort Wayne Mastodons,team1_home,82,71,11,153,0.8485,0.1515,74,79,,,backtest
2026-01-11,Mount St. Mary's Mountaineers,Siena Saints,team1_home,70,75,-5,145,0.3223,0.6777,50,67,,,backtest
2026-01-11,Rider Broncs,Marist Red Foxes,team1_home,65,78,-13,143,0.0979,0.9021,49,71,,,backtest
2026-01-11,Manhattan Jaspers,Niagara Purple Eagles,team1_home,77,71,6,148,0.7163,0.2837,79,70,,,backtest
2026-01-11,Wichita State Shockers,North Texas Mean Green,team1_home,78,69,9,147,0.8023,0.1977,78,67,,,backtest
2026-01-11,Oakland Golden Grizzlies,Wright State Raiders,team1_home,78,79,-1,157,0.4675,0.5325,84,94,,,backtest
2026-01-11,Milwaukee Panthers,IU Indianapolis Jaguars,team1_home,82,76,6,158,0.684,0.316,95,83,,,backtest
2026-01-11,Rutgers Scarlet Knights,Northwestern Wildcats,team1_home,73,77,-4,150,0.385,0.615,77,75,,,backtest
2026-01-11,Washington Huskies,Ohio State Buckeyes,team1_home,76,78,-2,154,0.4364,0.5636,81,74,,,backtest
2026-01-12,Morgan State Bears,North Carolina Central Eagles,team1_home,77,73,4,150,0.6363,0.3637,78,89,,,backtest
2026-01-13,Howard Bison,Delaware State Hornets,team1_home,83,61,22,144,0.9868,0.0132,84,58,,,backtest
2026-01-13,Alabama State Hornets,Alcorn State Braves,team1_home,78,70,8,148,0.7887,0.2113,81,66,,,backtest
2026-01-13,Florida A&M Rattlers,Grambling Tigers,team1_home,73,72,1,145,0.5432,0.4568,91,84,,,backtest
2026-01-13,Prairie View A&M Panthers,Arkansas-Pine Bluff Golden Lions,team1_home,79,74,5,153,0.6786,0.3214,73,61,,,backtest
2026-01-13,Bethune-Cookman Wildcats,Southern Jaguars,team1_home,78,74,4,152,0.6279,0.3721,73,77,,,backtest
2026-01-13,Norfolk State Spartans,Maryland Eastern Shore Hawks,team1_home,78,67,11,145,0.847,0.153,70,74,,,backtest
2026-01-13,Coppin State Eagles,South Carolina State Bulldogs,team1_home,73,73,0,146,0.4917,0.5083,72,74,,,backtest
2026-01-13,Lamar Cardinals,Houston Christian Huskies,team1_home,76,70,6,146,0.7242,0.2758,64,56,,,backtest
2026-01-13,American University Eagles,Navy Midshipmen,team1_home,72,77,-5,149,0.3193,0.6807,65,51,,,backtest
2026-01-13,Stephen F. Austin Lumberjacks,Incarnate Word Cardinals,team1_home,82,67,15,149,0.923,0.077,56,46,,,backtest
2026-01-13,SE Louisiana Lions,New Orleans Privateers,team1_home,73,75,-2,148,0.4544,0.5456,76,79,,,backtest
2026-01-13,Northwestern State Demons,UT Rio Grande Valley Vaqueros,team1_home,70,77,-7,147,0.269,0.731,64,63,,,backtest
2026-01-13,McNeese Cowboys,Nicholls Colonels,team1_home,83,67,16,150,0.9372,0.0628,94,68,,,backtest
2026-01-13,East Texas A&M Lions,Texas A&M-Corpus Christi Islanders,team1_home,71,75,-4,146,0.378,0.622,50,61,,,backtest
2026-01-13,Texas Southern Tigers,Mississippi Valley State Delta Devils,team1_home,83,66,17,149,0.9431,0.0569,84,51,,,backtest
2026-01-13,Alabama A&M Bulldogs,Jackson State Tigers,team1_home,81,69,12,150,0.8663,0.1337,100,91,,,backtest
2026-01-14,Kansas Jayhawks,Iowa State Cyclones,team1_home,73,78,-5,151,0.337,0.663,84,63,,,backtest
2026-01-14,Seton Hall Pirates,UConn Huskies,team1_home,71,76,-5,147,0.3441,0.6559,64,69,,,backtest
2026-01-14,Houston Cougars,West Virginia Mountaineers,team1_home,80,67,13,147,0.8911,0.1089,77,48,,,backtest
2026-01-14,Nebraska Cornhuskers,Oregon Ducks,team1_home,83,66,17,149,0.9512,0.0488,90,55,,,backtest
2026-01-14,Michigan State Spartans,Indiana Hoosiers,team1_home,80,73,7,153,0.7294,0.2706,81,60,,,backtest
2026-01-14,Louisville Cardinals,Virginia Cavaliers,team1_home,79,76,3,155,0.5709,0.4291,70,79,,,backtest
2026-01-14,Mississippi State Bulldogs,Alabama Crimson Tide,team1_home,77,82,-5,159,0.3359,0.6641,82,97,,,backtest
2026-01-14,Oklahoma Sooners,Florida Gators,team1_home,77,80,-3,157,0.4123,0.5877,79,96,,,backtest
2026-01-14,Clemson Tigers,Boston College Eagles,team1_home,80,66,14,146,0.9101,0.0899,74,50,,,backtest
2026-01-14,Tennessee Volunteers,Texas A&M Aggies,team1_home,82,76,6,158,0.6643,0.3357,87,82,,,backtest
2026-01-13,Providence Friars,Villanova Wildcats,team1_home,78,79,-1,157,0.4715,0.5285,82,88,,,backtest
2026-01-13,St. John's Red Storm,Marquette Golden Eagles,team1_home,82,70,12,152,0.8672,0.1328,92,68,,,backtest
2026-01-13,Eastern Michigan Eagles,Northern Illinois Huskies,team1_home,79,68,11,147,0.8504,0.1496,77,59,,,backtest
2026-01-13,Buffalo Bulls,Kent State Golden Flashes,team1_home,80,77,3,157,0.5904,0.4096,81,87,,,backtest
2026-01-14,Northern Iowa Panthers,UIC Flames,team1_home,76,70,6,146,0.7317,0.2683,61,69,,,backtest
2026-01-14,Loyola Chicago Ramblers,George Mason Patriots,team1_home,69,79,-10,148,0.1764,0.8236,74,82,,,backtest
2026-01-14,Duquesne Dukes,Dayton Flyers,team1_home,75,76,-1,151,0.4609,0.5391,65,71,,,backtest
2026-01-14,Minnesota Golden Gophers,Wisconsin Badgers,team1_home,75,78,-3,153,0.4025,0.5975,75,78,,,backtest
2026-01-14,Notre Dame Fighting Irish,Miami Hurricanes,team1_home,73,81,-8,154,0.2616,0.7384,69,81,,,backtest
2026-01-14,Western Michigan Broncos,Massachusetts Minutemen,team1_home,75,80,-5,155,0.3561,0.6439,82,85,,,backtest
2026-01-14,Toledo Rockets,Ohio Bobcats,team1_home,82,74,8,156,0.7726,0.2274,101,85,,,backtest
2026-01-14,Miami (OH) RedHawks,Central Michigan Chippewas,team1_home,85,69,16,154,0.9136,0.0864,100,61,,,backtest
2026-01-14,Akron Zips,Ball State Cardinals,team1_home,85,66,19,151,0.9592,0.0408,87,77,,,backtest
2026-01-14,Belmont Bruins,Valparaiso Beacons,team1_home,82,71,11,153,0.8404,0.1596,78,74,,,backtest
2026-01-14,Evansville Purple Aces,Bradley Braves,team1_home,69,81,-12,150,0.1458,0.8542,90,94,,,backtest
2026-01-14,Eastern Illinois Panthers,Western Illinois Leathernecks,team1_home,76,67,9,143,0.7922,0.2078,57,55,,,backtest
2026-01-14,Fresno State Bulldogs,Colorado State Rams,team1_home,74,77,-3,151,0.3866,0.6134,79,69,,,backtest
2026-01-14,Oklahoma State Cowboys,Baylor Bears,team1_home,80,80,0,160,0.4985,0.5015,79,94,,,backtest
2026-01-14,New Mexico Lobos,Grand Canyon Lopes,team1_home,78,73,5,151,0.6649,0.3351,87,64,,,backtest
2026-01-14,Creighton Bluejays,Georgetown Hoyas,team1_home,77,74,3,151,0.5975,0.4025,86,83,,,backtest
2026-01-14,Syracuse Orange,Florida State Seminoles,team1_home,77,77,0,154,0.5209,0.4791,94,86,,,backtest
2026-01-14,San José State Spartans,Air Force Falcons,team1_home,81,67,14,148,0.9131,0.0869,70,62,,,backtest
2026-01-14,USC Trojans,Maryland Terrapins,team1_home,80,72,8,152,0.7735,0.2265,88,71,,,backtest
2026-01-14,San Francisco Dons,Saint Mary's Gaels,team1_home,71,79,-8,150,0.2359,0.7641,68,82,,,backtest
2026-01-14,UNLV Rebels,Boise State Broncos,team1_home,77,78,-1,155,0.4835,0.5165,89,85,,,backtest
2026-01-15,Arizona Wildcats,Arizona State Sun Devils,team1_home,86,68,18,154,0.9522,0.0478,89,82,,,backtest
2026-01-15,Washington Huskies,Michigan Wolverines,team1_home,73,82,-9,155,0.2256,0.7744,72,82,,,backtest
2026-01-14,Purdue Boilermakers,Iowa Hawkeyes,team1_home,79,74,5,153,0.6562,0.3438,79,72,,,backtest
2026-01-15,California Golden Bears,Duke Blue Devils,team1_home,70,82,-12,152,0.1442,0.8558,56,71,,,backtest
2026-01-15,Texas Longhorns,Vanderbilt Commodores,team1_home,79,79,0,158,0.5047,0.4953,80,64,,,backtest
2026-01-15,BYU Cougars,TCU Horned Frogs,team1_home,80,75,5,155,0.6764,0.3236,76,70,,,backtest
2026-01-15,Northwestern Wildcats,Illinois Fighting Illini,team1_home,74,79,-5,153,0.3305,0.6695,68,79,,,backtest
2026-01-15,Stanford Cardinal,North Carolina Tar Heels,team1_home,76,77,-1,153,0.4378,0.5622,95,90,,,backtest
2026-01-15,Texas Tech Red Raiders,Utah Utes,team1_home,83,71,12,154,0.8499,0.1501,88,74,,,backtest
2026-01-15,Arkansas Razorbacks,South Carolina Gamecocks,team1_home,83,73,10,156,0.8046,0.1954,108,74,,,backtest
2026-01-15,Georgia Bulldogs,Ole Miss Rebels,team1_home,84,73,11,157,0.8259,0.1741,95,97,,,backtest
2026-01-15,Utah State Aggies,Nevada Wolf Pack,team1_home,81,73,8,154,0.7695,0.2305,71,62,,,backtest
2026-01-14,Rhode Island Rams,VCU Rams,team1_home,73,78,-5,151,0.3201,0.6799,75,84,,,backtest
2026-01-14,Holy Cross Crusaders,Army Black Knights,team1_home,76,73,3,149,0.6077,0.3923,82,75,,,backtest
2026-01-14,Boston University Terriers,Lehigh Mountain Hawks,team1_home,79,73,6,152,0.7102,0.2898,91,93,,,backtest
2026-01-14,Wofford Terriers,Chattanooga Mocs,team1_home,80,75,5,155,0.6773,0.3227,67,76,,,backtest
2026-01-14,Western Carolina Catamounts,East Tennessee State Buccaneers,team1_home,75,79,-4,154,0.3414,0.6586,72,68,,,backtest
2026-01-14,Winthrop Eagles,High Point Panthers,team1_home,76,82,-6,158,0.312,0.688,92,75,,,backtest
2026-01-14,Xavier Musketeers,Butler Bulldogs,team1_home,79,77,2,156,0.5424,0.4576,89,75,,,backtest
2026-01-15,Indiana State Sycamores,Illinois State Redbirds,team1_home,72,77,-5,149,0.3263,0.6737,94,89,,,backtest
2026-01-15,Saint Joseph's Hawks,St. Bonaventure Bonnies,team1_home,77,74,3,151,0.5815,0.4185,68,64,,,backtest
2026-01-15,Richmond Spiders,La Salle Explorers,team1_home,81,69,12,150,0.8703,0.1297,74,53,,,backtest
2026-01-15,George Washington Revolutionaries,Davidson Wildcats,team1_home,79,72,7,151,0.7185,0.2815,79,84,,,backtest
2026-01-15,South Florida Bulls,East Carolina Pirates,team1_home,86,69,17,155,0.9447,0.0553,82,71,,,backtest
2026-01-15,Charlotte 49ers,Tulsa Golden Hurricane,team1_home,75,79,-4,154,0.3784,0.6216,74,86,,,backtest
2026-01-15,Cincinnati Bearcats,Colorado Buffaloes,team1_home,78,74,4,152,0.638,0.362,77,68,,,backtest
2026-01-15,Charleston Southern Buccaneers,South Carolina Upstate Spartans,team1_home,81,71,10,152,0.7933,0.2067,81,86,,,backtest
2026-01-15,Presbyterian Blue Hose,UNC Asheville Bulldogs,team1_home,76,73,3,149,0.5886,0.4114,71,70,,,backtest
2026-01-15,Gardner-Webb Runnin' Bulldogs,Radford Highlanders,team1_home,69,84,-15,153,0.0881,0.9119,80,89,,,backtest
2026-01-15,Rider Broncs,Iona Gaels,team1_home,68,79,-11,147,0.1553,0.8447,72,68,,,backtest
2026-01-15,Georgia Tech Yellow Jackets,Pittsburgh Panthers,team1_home,75,75,0,150,0.5326,0.4674,66,89,,,backtest
2026-01-15,Quinnipiac Bobcats,Saint Peter's Peacocks,team1_home,75,72,3,147,0.6221,0.3779,70,74,,,backtest
2026-01-15,Loyola Maryland Greyhounds,Colgate Raiders,team1_home,76,78,-2,154,0.4311,0.5689,80,86,,,backtest
2026-01-15,Siena Saints,Sacred Heart Pioneers,team1_home,79,70,9,149,0.8082,0.1918,80,86,,,backtest
2026-01-15,Canisius Golden Griffins,Niagara Purple Eagles,team1_home,72,70,2,142,0.5816,0.4184,54,59,,,backtest
2026-01-15,Fairfield Stags,Manhattan Jaspers,team1_home,80,71,9,151,0.8099,0.1901,98,62,,,backtest
2026-01-15,Samford Bulldogs,Furman Paladins,team1_home,77,76,1,153,0.5563,0.4437,73,77,,,backtest
2026-01-15,Troy Trojans,Southern Miss Golden Eagles,team1_home,80,72,8,152,0.7676,0.2324,91,65,,,backtest
2026-01-15,Marshall Thundering Herd,Coastal Carolina Chanticleers,team1_home,80,72,8,152,0.7555,0.2445,83,85,,,backtest
2026-01-15,Missouri Tigers,Auburn Tigers,team1_home,81,78,3,159,0.5859,0.4141,84,74,,,backtest
2026-01-15,LSU Tigers,Kentucky Wildcats,team1_home,78,80,-2,158,0.4501,0.5499,74,75,,,backtest
2026-01-15,Kennesaw State Owls,Florida International Panthers,team1_home,80,75,5,155,0.6747,0.3253,89,86,,,backtest
2026-01-15,Jacksonville State Gamecocks,Sam Houston Bearkats,team1_home,74,77,-3,151,0.4166,0.5834,62,77,,,backtest
2026-01-15,Bucknell Bison,Lafayette Leopards,team1_home,74,74,0,148,0.4937,0.5063,76,69,,,backtest
2026-01-15,Tulane Green Wave,UAB Blazers,team1_home,74,77,-3,151,0.3915,0.6085,69,82,,,backtest
2026-01-15,Western Kentucky Hilltoppers,Missouri State Bears,team1_home,78,74,4,152,0.6433,0.3567,87,72,,,backtest
2026-01-15,Louisiana Tech Bulldogs,Middle Tennessee Blue Raiders,team1_home,75,73,2,148,0.5675,0.4325,59,58,,,backtest
2026-01-15,Wyoming Cowboys,San Diego State Aztecs,team1_home,77,76,1,153,0.5252,0.4748,57,74,,,backtest
2026-01-15,Southern Illinois Salukis,Drake Bulldogs,team1_home,77,72,5,149,0.6877,0.3123,73,76,,,backtest
2026-01-15,Saint Louis Billikens,Fordham Rams,team1_home,83,67,16,150,0.9246,0.0754,78,56,,,backtest
2026-01-15,UTSA Roadrunners,Rice Owls,team1_home,72,79,-7,151,0.2614,0.7386,73,89,,,backtest
2026-01-15,Memphis Tigers,Temple Owls,team1_home,75,76,-1,151,0.4784,0.5216,55,53,,,backtest
2026-01-15,Kansas State Wildcats,UCF Knights,team1_home,77,80,-3,157,0.4047,0.5953,73,82,,,backtest
2026-01-15,North Dakota State Bison,South Dakota State Jackrabbits,team1_home,81,71,10,152,0.803,0.197,76,65,,,backtest
2026-01-15,Texas State Bobcats,Louisiana Ragin' Cajuns,team1_home,78,68,10,146,0.8245,0.1755,59,54,,,backtest
2026-01-15,Penn State Nittany Lions,UCLA Bruins,team1_home,74,79,-5,153,0.3358,0.6642,60,71,,,backtest
2026-01-15,Pepperdine Waves,Portland Pilots,team1_home,75,75,0,150,0.5227,0.4773,67,63,,,backtest
2026-01-15,SMU Mustangs,Virginia Tech Hokies,team1_home,82,76,6,158,0.7035,0.2965,77,76,,,backtest
2026-01-15,Denver Pioneers,Oral Roberts Golden Eagles,team1_home,83,74,9,157,0.7907,0.2093,98,87,,,backtest
2026-01-15,Santa Clara Broncos,Pacific Tigers,team1_home,81,72,9,153,0.7846,0.2154,85,69,,,backtest
2026-01-15,Oregon State Beavers,Loyola Marymount Lions,team1_home,75,74,1,149,0.5525,0.4475,76,70,,,backtest
2026-01-16,Washington State Cougars,Gonzaga Bulldogs,team1_home,71,82,-11,153,0.1464,0.8536,65,86,,,backtest
2026-01-15,UMass Lowell River Hawks,NJIT Highlanders,team1_home,77,71,6,148,0.6862,0.3138,64,73,,,backtest
2026-01-15,Bryant Bulldogs,UMBC Retrievers,team1_home,66,80,-14,146,0.0875,0.9125,79,74,,,backtest
2026-01-15,VMI Keydets,Mercer Bears,team1_home,72,81,-9,153,0.2267,0.7733,67,77,,,backtest
2026-01-15,Liberty Flames,New Mexico State Aggies,team1_home,80,72,8,152,0.7613,0.2387,73,71,,,backtest
2026-01-15,IU Indianapolis Jaguars,Robert Morris Colonials,team1_home,75,82,-7,157,0.2919,0.7081,96,93,,,backtest
2026-01-15,UAlbany Great Danes,Binghamton Bearcats,team1_home,78,70,8,148,0.7739,0.2261,69,53,,,backtest
2026-01-15,App State Mountaineers,James Madison Dukes,team1_home,76,73,3,149,0.6245,0.3755,80,65,,,backtest
2026-01-16,Wright State Raiders,Youngstown State Penguins,team1_home,81,73,8,154,0.7474,0.2526,93,83,,,backtest
2026-01-16,Milwaukee Panthers,Oakland Golden Grizzlies,team1_home,78,79,-1,157,0.4735,0.5265,60,73,,,backtest
2026-01-16,Northern Kentucky Norse,Detroit Mercy Titans,team1_home,81,75,6,156,0.7218,0.2782,96,71,,,backtest
2026-01-16,Cleveland State Vikings,Green Bay Phoenix,team1_home,78,78,0,156,0.5111,0.4889,73,88,,,backtest
2026-01-16,Vermont Catamounts,Maine Black Bears,team1_home,79,65,14,144,0.9197,0.0803,67,62,,,backtest
2026-01-16,Northeastern Huskies,Elon Phoenix,team1_home,77,78,-1,155,0.4527,0.5473,85,78,,,backtest
2026-01-16,William & Mary Tribe,North Carolina A&T Aggies,team1_home,82,73,9,155,0.7979,0.2021,97,89,,,backtest
2026-01-16,Monmouth Hawks,Drexel Dragons,team1_home,75,70,5,145,0.6805,0.3195,51,73,,,backtest
2026-01-16,Stony Brook Seawolves,Hofstra Pride,team1_home,71,77,-6,148,0.3009,0.6991,76,71,,,backtest
2026-01-16,UNC Greensboro Spartans,The Citadel Bulldogs,team1_home,81,72,9,153,0.806,0.194,69,66,,,backtest
2026-01-16,Georgia Southern Eagles,Old Dominion Monarchs,team1_home,81,75,6,156,0.7096,0.2904,87,84,,,backtest
2026-01-16,Stetson Hatters,West Georgia Wolves,team1_home,77,76,1,153,0.5362,0.4638,95,86,,,backtest
2026-01-16,North Alabama Lions,North Florida Ospreys,team1_home,79,76,3,155,0.5955,0.4045,91,105,,,backtest
2026-01-16,Delaware Blue Hens,UTEP Miners,team1_home,75,71,4,146,0.6477,0.3523,69,70,,,backtest
2026-01-16,Central Arkansas Bears,Jacksonville Dolphins,team1_home,81,71,10,152,0.8236,0.1764,62,60,,,backtest
2026-01-16,South Dakota Coyotes,Kansas City Roos,team1_home,84,69,15,153,0.9222,0.0778,99,83,,,backtest
2026-01-16,North Dakota Fighting Hawks,St. Thomas-Minnesota Tommies,team1_home,73,81,-8,154,0.2433,0.7567,80,91,,,backtest
2026-01-16,Towson Tigers,Charleston Cougars,team1_home,75,73,2,148,0.5571,0.4429,61,52,,,backtest
2026-01-16,South Alabama Jaguars,Arkansas State Red Wolves,team1_home,78,75,3,153,0.5864,0.4136,91,87,,,backtest
2026-01-16,Austin Peay Governors,Eastern Kentucky Colonels,team1_home,83,73,10,156,0.8243,0.1757,74,72,,,backtest
2026-01-16,Lipscomb Bisons,Bellarmine Knights,team1_home,81,77,4,158,0.6313,0.3687,81,71,,,backtest
2026-01-16,Abilene Christian Wildcats,California Baptist Lancers,team1_home,69,76,-7,145,0.2594,0.7406,58,74,,,backtest
2026-01-16,UT Martin Skyhawks,SIU Edwardsville Cougars,team1_home,73,70,3,143,0.6332,0.3668,65,59,,,backtest
2026-01-16,Tennessee State Tigers,Morehead State Eagles,team1_home,80,72,8,152,0.7674,0.2326,105,100,,,backtest
2026-01-16,Little Rock Trojans,Eastern Illinois Panthers,team1_home,75,70,5,145,0.6842,0.3158,74,63,,,backtest
2026-01-16,Southern Utah Thunderbirds,Tarleton State Texans,team1_home,75,75,0,150,0.49,0.51,106,105,,,backtest
2026-01-16,Florida Atlantic Owls,Wichita State Shockers,team1_home,75,77,-2,152,0.4479,0.5521,85,67,,,backtest
2026-01-16,UC Davis Aggies,Cal State Fullerton Titans,team1_home,79,76,3,155,0.6162,0.3838,74,69,,,backtest
2026-01-16,Idaho State Bengals,Idaho Vandals,team1_home,76,77,-1,153,0.4444,0.5556,76,68,,,backtest
2026-01-16,Weber State Wildcats,Eastern Washington Eagles,team1_home,81,76,5,157,0.6631,0.3369,91,80,,,backtest
2026-01-16,Utah Tech Trailblazers,UT Arlington Mavericks,team1_home,76,72,4,148,0.6358,0.3642,52,56,,,backtest
2026-01-16,Cal State Bakersfield Roadrunners,UC Santa Barbara Gauchos,team1_home,71,82,-11,153,0.159,0.841,69,75,,,backtest
2026-01-16,Seattle U Redhawks,San Diego Toreros,team1_home,77,71,6,148,0.7266,0.2734,75,64,,,backtest
2026-01-16,Long Beach State Beach,UC Riverside Highlanders,team1_home,78,73,5,151,0.6644,0.3356,88,73,,,backtest
2026-01-16,Cal Poly Mustangs,Hawai'i Rainbow Warriors,team1_home,73,80,-7,153,0.2937,0.7063,66,86,,,backtest
2026-01-16,UC San Diego Tritons,Cal State Northridge Matadors,team1_home,80,73,7,153,0.7241,0.2759,79,84,,,backtest
2026-01-16,Portland State Vikings,Northern Colorado Bears,team1_home,77,76,1,153,0.5428,0.4572,76,73,,,backtest
2026-01-16,Sacramento State Hornets,Northern Arizona Lumberjacks,team1_home,79,74,5,153,0.6618,0.3382,83,69,,,backtest
2026-01-16,Providence Friars,Creighton Bluejays,team1_home,81,76,5,157,0.6634,0.3366,93,88,,,backtest
2026-01-16,Kent State Golden Flashes,Toledo Rockets,team1_home,80,78,2,158,0.5606,0.4394,87,84,,,backtest
2026-01-17,Kansas Jayhawks,Baylor Bears,team1_home,80,75,5,155,0.6696,0.3304,80,62,,,backtest
2026-01-17,Dayton Flyers,Loyola Chicago Ramblers,team1_home,82,67,15,149,0.9327,0.0673,78,51,,,backtest
2026-01-17,DePaul Blue Demons,Marquette Golden Eagles,team1_home,76,73,3,149,0.5921,0.4079,80,75,,,backtest
2026-01-17,Ball State Cardinals,Ohio Bobcats,team1_home,74,75,-1,149,0.4745,0.5255,76,71,,,backtest
2026-01-17,Boise State Broncos,Colorado State Rams,team1_home,78,76,2,154,0.5797,0.4203,79,73,,,backtest
2026-01-17,UCF Knights,Arizona Wildcats,team1_home,74,82,-8,156,0.251,0.749,77,84,,,backtest
2026-01-17,Cincinnati Bearcats,Iowa State Cyclones,team1_home,71,78,-7,149,0.2478,0.7522,79,70,,,backtest
2026-01-17,Georgetown Hoyas,UConn Huskies,team1_home,71,79,-8,150,0.2481,0.7519,62,64,,,backtest
2026-01-17,Oregon Ducks,Michigan Wolverines,team1_home,69,83,-14,152,0.1146,0.8854,71,81,,,backtest
2026-01-17,USC Trojans,Purdue Boilermakers,team1_home,74,81,-7,155,0.2971,0.7029,64,69,,,backtest
2026-01-17,Stanford Cardinal,Duke Blue Devils,team1_home,70,81,-11,151,0.1708,0.8292,50,80,,,backtest
2026-01-17,Northwestern Wildcats,Nebraska Cornhuskers,team1_home,72,78,-6,150,0.3111,0.6889,58,77,,,backtest
2026-01-18,Seattle U Redhawks,Gonzaga Bulldogs,team1_home,68,81,-13,149,0.1123,0.8877,50,71,,,backtest
2026-01-17,Vanderbilt Commodores,Florida Gators,team1_home,79,80,-1,159,0.485,0.515,94,98,,,backtest
2026-01-18,Texas Tech Red Raiders,BYU Cougars,team1_home,80,78,2,158,0.5734,0.4266,84,71,,,backtest
2026-01-17,Washington Huskies,Michigan State Spartans,team1_home,74,78,-4,152,0.361,0.639,63,80,,,backtest
2026-01-17,Illinois Fighting Illini,Minnesota Golden Gophers,team1_home,81,69,12,150,0.8636,0.1364,77,67,,,backtest
2026-01-17,California Golden Bears,North Carolina Tar Heels,team1_home,76,77,-1,153,0.4415,0.5585,84,78,,,backtest
2026-01-17,SMU Mustangs,Virginia Cavaliers,team1_home,77,79,-2,156,0.4246,0.5754,68,72,,,backtest
2026-01-17,Georgia Bulldogs,Arkansas Razorbacks,team1_home,83,80,3,163,0.5896,0.4104,90,76,,,backtest
2026-01-17,Oklahoma Sooners,Alabama Crimson Tide,team1_home,82,79,3,161,0.5774,0.4226,81,83,,,backtest
2026-01-18,Pittsburgh Panthers,Louisville Cardinals,team1_home,72,81,-9,153,0.2242,0.7758,59,100,,,backtest
2026-01-17,Clemson Tigers,Miami Hurricanes,team1_home,76,76,0,152,0.5087,0.4913,69,59,,,backtest
2026-01-17,Grand Canyon Lopes,Utah State Aggies,team1_home,75,77,-2,152,0.4242,0.5758,84,74,,,backtest
2026-01-17,Tennessee Volunteers,Kentucky Wildcats,team1_home,80,75,5,155,0.6784,0.3216,78,80,,,backtest
2026-01-17,Seton Hall Pirates,Butler Bulldogs,team1_home,78,72,6,150,0.682,0.318,66,77,,,backtest
2026-01-17,Virginia Tech Hokies,Notre Dame Fighting Irish,team1_home,80,73,7,153,0.7332,0.2668,89,76,,,backtest
2026-01-17,NC State Wolfpack,Georgia Tech Yellow Jackets,team1_home,85,71,14,156,0.895,0.105,74,78,,,backtest
2026-01-17,Canisius Golden Griffins,Mount St. Mary's Mountaineers,team1_home,71,73,-2,144,0.4231,0.5769,68,78,,,backtest
2026-01-17,Hofstra Pride,Elon Phoenix,team1_home,81,71,10,152,0.8204,0.1796,85,89,,,backtest
2026-01-17,Fordham Rams,Duquesne Dukes,team1_home,76,73,3,149,0.6021,0.3979,63,74,,,backtest
2026-01-17,Ohio State Buckeyes,UCLA Bruins,team1_home,79,76,3,155,0.6136,0.3864,86,74,,,backtest
2026-01-17,Lafayette Leopards,Holy Cross Crusaders,team1_home,76,72,4,148,0.6417,0.3583,74,55,,,backtest
2026-01-17,Loyola Maryland Greyhounds,Boston University Terriers,team1_home,75,78,-3,153,0.4123,0.5877,74,57,,,backtest
2026-01-17,Bowling Green Falcons,Eastern Michigan Eagles,team1_home,79,70,9,149,0.8038,0.1962,85,79,,,backtest
2026-01-17,Miami (OH) RedHawks,Buffalo Bulls,team1_home,83,74,9,157,0.771,0.229,105,102,,,backtest
2026-01-17,New Haven Chargers,Wagner Seahawks,team1_home,71,72,-1,143,0.4572,0.5428,80,74,,,backtest
2026-01-17,Western Carolina Catamounts,Chattanooga Mocs,team1_home,79,76,3,155,0.6219,0.3781,82,90,,,backtest
2026-01-17,App State Mountaineers,Old Dominion Monarchs,team1_home,78,71,7,149,0.7375,0.2625,73,75,,,backtest
2026-01-17,Illinois State Redbirds,Bradley Braves,team1_home,77,73,4,150,0.6385,0.3615,88,62,,,backtest
2026-01-17,Colgate Raiders,Bucknell Bison,team1_home,81,69,12,150,0.8733,0.1267,95,76,,,backtest
2026-01-17,Utah Utes,TCU Horned Frogs,team1_home,73,80,-7,153,0.2874,0.7126,82,79,,,backtest
2026-01-17,Wisconsin Badgers,Rutgers Scarlet Knights,team1_home,83,70,13,153,0.8839,0.1161,96,87,,,backtest
2026-01-17,Indiana Hoosiers,Iowa Hawkeyes,team1_home,76,77,-1,153,0.4672,0.5328,57,74,,,backtest
2026-01-17,UNC Asheville Bulldogs,Winthrop Eagles,team1_home,75,78,-3,153,0.4025,0.5975,67,69,,,backtest
2026-01-17,Gardner-Webb Runnin' Bulldogs,Presbyterian Blue Hose,team1_home,68,80,-12,148,0.1299,0.8701,55,92,,,backtest
2026-01-17,Saint Peter's Peacocks,Rider Broncs,team1_home,81,65,16,146,0.9468,0.0532,69,58,,,backtest
2026-01-17,Boston College Eagles,Syracuse Orange,team1_home,73,75,-2,148,0.4514,0.5486,81,73,,,backtest
2026-01-17,Lehigh Mountain Hawks,Navy Midshipmen,team1_home,71,78,-7,149,0.267,0.733,79,82,,,backtest
2026-01-17,Brown Bears,Columbia Lions,team1_home,72,76,-4,148,0.3508,0.6492,86,80,,,backtest
2026-01-17,North Dakota State Bison,St. Thomas-Minnesota Tommies,team1_home,78,76,2,154,0.5614,0.4386,68,65,,,backtest
2026-01-17,North Dakota Fighting Hawks,South Dakota Coyotes,team1_home,79,76,3,155,0.5758,0.4242,96,80,,,backtest
2026-01-17,Yale Bulldogs,Cornell Big Red,team1_home,81,77,4,158,0.6124,0.3876,102,68,,,backtest
2026-01-17,Cleveland State Vikings,Youngstown State Penguins,team1_home,77,80,-3,157,0.3778,0.6222,80,78,,,backtest
2026-01-17,IU Indianapolis Jaguars,Detroit Mercy Titans,team1_home,78,80,-2,158,0.4357,0.5643,77,80,,,backtest
2026-01-17,Akron Zips,Western Michigan Broncos,team1_home,85,70,15,155,0.9103,0.0897,104,89,,,backtest
2026-01-17,Marist Red Foxes,Fairfield Stags,team1_home,75,70,5,145,0.6812,0.3188,82,67,,,backtest
2026-01-17,Manhattan Jaspers,Siena Saints,team1_home,71,78,-7,149,0.2716,0.7284,59,74,,,backtest
2026-01-17,Harvard Crimson,Princeton Tigers,team1_home,78,69,9,147,0.8113,0.1887,87,80,,,backtest
2026-01-17,Mercyhurst Lakers,Stonehill Skyhawks,team1_home,76,67,9,143,0.8177,0.1823,57,62,,,backtest
2026-01-17,Saint Francis Red Flash,Central Connecticut Blue Devils,team1_home,72,78,-6,150,0.282,0.718,90,98,,,backtest
2026-01-17,Chicago State Cougars,Le Moyne Dolphins,team1_home,71,77,-6,148,0.309,0.691,57,72,,,backtest
2026-01-17,Samford Bulldogs,East Tennessee State Buccaneers,team1_home,76,78,-2,154,0.4144,0.5856,75,76,,,backtest
2026-01-17,Florida Gulf Coast Eagles,West Georgia Wolves,team1_home,81,74,7,155,0.7334,0.2666,90,72,,,backtest
2026-01-17,Central Arkansas Bears,North Florida Ospreys,team1_home,85,72,13,157,0.8827,0.1173,98,69,,,backtest
2026-01-17,Florida International Panthers,Sam Houston Bearkats,team1_home,76,79,-3,155,0.4166,0.5834,63,76,,,backtest
2026-01-17,Delaware Blue Hens,New Mexico State Aggies,team1_home,73,76,-3,149,0.4049,0.5951,68,97,,,backtest
2026-01-17,La Salle Explorers,St. Bonaventure Bonnies,team1_home,72,79,-7,151,0.2853,0.7147,78,74,,,backtest
2026-01-17,Radford Highlanders,Longwood Lancers,team1_home,79,75,4,154,0.6076,0.3924,85,83,,,backtest
2026-01-17,Valparaiso Beacons,Northern Iowa Panthers,team1_home,72,74,-2,146,0.4191,0.5809,54,44,,,backtest
2026-01-17,UIC Flames,Drake Bulldogs,team1_home,79,72,7,151,0.7184,0.2816,74,67,,,backtest
2026-01-17,Merrimack Warriors,Quinnipiac Bobcats,team1_home,75,72,3,147,0.6375,0.3625,83,71,,,backtest
2026-01-17,Northern Illinois Huskies,Massachusetts Minutemen,team1_home,71,80,-9,151,0.1924,0.8076,70,68,,,backtest
2026-01-17,Dartmouth Big Green,Pennsylvania Quakers,team1_home,74,77,-3,151,0.4101,0.5899,74,84,,,backtest
2026-01-17,Georgia Southern Eagles,Coastal Carolina Chanticleers,team1_home,79,73,6,152,0.7004,0.2996,75,79,,,backtest
2026-01-17,North Alabama Lions,Jacksonville Dolphins,team1_home,74,75,-1,149,0.4428,0.5572,68,90,,,backtest
2026-01-17,Western Kentucky Hilltoppers,Kennesaw State Owls,team1_home,78,77,1,155,0.5507,0.4493,65,81,,,backtest
2026-01-17,Liberty Flames,UTEP Miners,team1_home,82,67,15,149,0.9177,0.0823,80,69,,,backtest
2026-01-17,UL Monroe Warhawks,Georgia State Panthers,team1_home,75,76,-1,151,0.4491,0.5509,57,77,,,backtest
2026-01-17,LSU Tigers,Missouri Tigers,team1_home,80,78,2,158,0.5514,0.4486,78,70,,,backtest
2026-01-17,Murray State Racers,Indiana State Sycamores,team1_home,83,71,12,154,0.8442,0.1558,85,81,,,backtest
2026-01-17,Alcorn State Braves,Texas Southern Tigers,team1_home,73,77,-4,150,0.3782,0.6218,71,72,,,backtest
2026-01-17,Saint Louis Billikens,Richmond Spiders,team1_home,84,70,14,154,0.8914,0.1086,88,63,,,backtest
2026-01-17,Jackson State Tigers,Prairie View A&M Panthers,team1_home,73,79,-6,152,0.3143,0.6857,82,78,,,backtest
2026-01-17,Air Force Falcons,Nevada Wolf Pack,team1_home,65,83,-18,148,0.0331,0.9669,66,81,,,backtest
2026-01-17,Stony Brook Seawolves,Charleston Cougars,team1_home,75,75,0,150,0.4839,0.5161,112,106,,,backtest
2026-01-17,UNC Greensboro Spartans,Mercer Bears,team1_home,77,79,-2,156,0.4179,0.5821,92,102,,,backtest
2026-01-17,Cal State Bakersfield Roadrunners,UC San Diego Tritons,team1_home,70,80,-10,150,0.1892,0.8108,62,83,,,backtest
2026-01-17,Nicholls Colonels,Lamar Cardinals,team1_home,74,73,1,147,0.5414,0.4586,80,90,,,backtest
2026-01-17,South Alabama Jaguars,Louisiana Ragin' Cajuns,team1_home,79,67,12,146,0.8905,0.1095,56,59,,,backtest
2026-01-17,Marshall Thundering Herd,James Madison Dukes,team1_home,80,75,5,155,0.668,0.332,77,72,,,backtest
2026-01-17,Tennessee Tech Golden Eagles,Morehead State Eagles,team1_home,75,75,0,150,0.5094,0.4906,70,76,,,backtest
2026-01-17,Little Rock Trojans,Western Illinois Leathernecks,team1_home,78,67,11,145,0.835,0.165,86,79,,,backtest
2026-01-17,Utah Valley Wolverines,UT Arlington Mavericks,team1_home,79,68,11,147,0.8344,0.1656,86,74,,,backtest
2026-01-17,North Carolina Central Eagles,Howard Bison,team1_home,69,80,-11,149,0.1536,0.8464,69,83,,,backtest
2026-01-17,South Carolina State Bulldogs,Norfolk State Spartans,team1_home,71,77,-6,148,0.3024,0.6976,82,89,,,backtest
2026-01-17,Delaware State Hornets,Morgan State Bears,team1_home,71,74,-3,145,0.403,0.597,79,80,,,backtest
2026-01-17,Maryland Eastern Shore Hawks,Coppin State Eagles,team1_home,76,68,8,144,0.7722,0.2278,70,67,,,backtest
2026-01-17,Texas A&M-Corpus Christi Islanders,SE Louisiana Lions,team1_home,76,68,8,144,0.7952,0.2048,68,56,,,backtest
2026-01-17,Houston Christian Huskies,East Texas A&M Lions,team1_home,76,70,6,146,0.6939,0.3061,81,70,,,backtest
2026-01-17,Troy Trojans,Arkansas State Red Wolves,team1_home,80,76,4,156,0.6243,0.3757,99,74,,,backtest
2026-01-17,Texas State Bobcats,Southern Miss Golden Eagles,team1_home,77,73,4,150,0.6304,0.3696,74,67,,,backtest
2026-01-17,Southeast Missouri State Redhawks,SIU Edwardsville Cougars,team1_home,74,72,2,146,0.5823,0.4177,55,68,,,backtest
2026-01-17,San José State Spartans,UNLV Rebels,team1_home,75,80,-5,155,0.3332,0.6668,62,76,,,backtest
2026-01-17,Grambling Tigers,Southern Jaguars,team1_home,76,73,3,149,0.6088,0.3912,53,71,,,backtest
2026-01-17,Furman Paladins,Wofford Terriers,team1_home,79,75,4,154,0.6574,0.3426,70,74,,,backtest
2026-01-17,UC Davis Aggies,UC Irvine Anteaters,team1_home,75,74,1,149,0.5196,0.4804,75,72,,,backtest
2026-01-17,Incarnate Word Cardinals,Northwestern State Demons,team1_home,77,71,6,148,0.6765,0.3235,76,74,,,backtest
2026-01-17,Portland State Vikings,Northern Arizona Lumberjacks,team1_home,81,68,13,149,0.8884,0.1116,63,52,,,backtest
2026-01-17,Jacksonville State Gamecocks,Louisiana Tech Bulldogs,team1_home,75,71,4,146,0.6437,0.3563,64,60,,,backtest
2026-01-17,South Dakota State Jackrabbits,Kansas City Roos,team1_home,85,66,19,151,0.9644,0.0356,90,62,,,backtest
2026-01-17,UT Rio Grande Valley Vaqueros,McNeese Cowboys,team1_home,73,76,-3,149,0.4017,0.5983,79,76,,,backtest
2026-01-17,Oregon State Beavers,Pacific Tigers,team1_home,74,75,-1,149,0.4581,0.5419,64,81,,,backtest
2026-01-17,West Virginia Mountaineers,Colorado Buffaloes,team1_home,77,73,4,150,0.6382,0.3618,72,61,,,backtest
2026-01-17,Florida State Seminoles,Wake Forest Demon Deacons,team1_home,80,75,5,155,0.6505,0.3495,68,69,,,backtest
2026-01-17,New Orleans Privateers,Stephen F. Austin Lumberjacks,team1_home,72,79,-7,151,0.2686,0.7314,79,84,,,backtest
2026-01-17,Idaho State Bengals,Eastern Washington Eagles,team1_home,78,76,2,154,0.5739,0.4261,66,84,,,backtest
2026-01-17,Texas Longhorns,Texas A&M Aggies,team1_home,81,80,1,161,0.5658,0.4342,70,74,,,backtest
2026-01-17,Auburn Tigers,South Carolina Gamecocks,team1_home,82,75,7,157,0.7361,0.2639,71,67,,,backtest
2026-01-17,Middle Tennessee Blue Raiders,Missouri State Bears,team1_home,77,74,3,151,0.624,0.376,90,87,,,backtest
2026-01-17,Arkansas-Pine Bluff Golden Lions,Florida A&M Rattlers,team1_home,76,74,2,150,0.5858,0.4142,67,71,,,backtest
2026-01-17,Mississippi Valley State Delta Devils,Bethune-Cookman Wildcats,team1_home,68,81,-13,149,0.1119,0.8881,63,79,,,backtest
2026-01-18,Southern Illinois Salukis,Belmont Bruins,team1_home,74,78,-4,152,0.3467,0.6533,68,73,,,backtest
2026-01-18,Santa Clara Broncos,Saint Mary's Gaels,team1_home,76,78,-2,154,0.4405,0.5595,62,54,,,backtest
2026-01-18,Fresno State Bulldogs,Wyoming Cowboys,team1_home,75,76,-1,151,0.4429,0.5571,63,60,,,backtest
2026-01-18,High Point Panthers,South Carolina Upstate Spartans,team1_home,87,66,21,153,0.9743,0.0257,89,69,,,backtest
2026-01-18,Northern Kentucky Norse,Robert Morris Colonials,team1_home,78,77,1,155,0.5266,0.4734,89,92,,,backtest
2026-01-18,Fairleigh Dickinson Knights,Long Island University Sharks,team1_home,70,77,-7,147,0.2753,0.7247,59,66,,,backtest
2026-01-18,UNC Wilmington Seahawks,Campbell Fighting Camels,team1_home,82,70,12,152,0.8659,0.1341,78,75,,,backtest
2026-01-18,VMI Keydets,The Citadel Bulldogs,team1_home,76,76,0,152,0.4949,0.5051,68,82,,,backtest
2026-01-18,Eastern Kentucky Colonels,Bellarmine Knights,team1_home,80,77,3,157,0.5924,0.4076,89,69,,,backtest
2026-01-18,Lipscomb Bisons,Austin Peay Governors,team1_home,77,77,0,154,0.5007,0.4993,82,78,,,backtest
2026-01-18,San Diego State Aztecs,New Mexico Lobos,team1_home,76,76,0,152,0.5212,0.4788,83,79,,,backtest
2026-01-18,Cal State Northridge Matadors,Long Beach State Beach,team1_home,80,73,7,153,0.7273,0.2727,80,87,,,backtest
2026-01-18,UC Riverside Highlanders,Cal State Fullerton Titans,team1_home,75,79,-4,154,0.386,0.614,81,72,,,backtest
2026-01-18,Villanova Wildcats,St. John's Red Storm,team1_home,77,76,1,153,0.5092,0.4908,79,86,,,backtest
2026-01-18,Oral Roberts Golden Eagles,Omaha Mavericks,team1_home,75,77,-2,152,0.4455,0.5545,62,73,,,backtest
2026-01-18,Mississippi State Bulldogs,Ole Miss Rebels,team1_home,77,77,0,154,0.4779,0.5221,67,68,,,backtest
2026-01-18,Southern Utah Thunderbirds,Abilene Christian Wildcats,team1_home,75,73,2,148,0.5604,0.4396,74,52,,,backtest
2026-01-18,Loyola Marymount Lions,Portland Pilots,team1_home,79,71,8,150,0.7512,0.2488,58,71,,,backtest
2026-01-18,UC Santa Barbara Gauchos,Hawai'i Rainbow Warriors,team1_home,76,75,1,151,0.5189,0.4811,77,62,,,backtest
2026-01-18,Montana State Bobcats,Montana Grizzlies,team1_home,79,73,6,152,0.7154,0.2846,76,67,,,backtest
2026-01-18,Weber State Wildcats,Idaho Vandals,team1_home,78,77,1,155,0.5293,0.4707,67,75,,,backtest
2026-01-18,Utah Tech Trailblazers,Tarleton State Texans,team1_home,78,72,6,150,0.7156,0.2844,75,71,,,backtest
2026-01-18,Oklahoma State Cowboys,Kansas State Wildcats,team1_home,82,76,6,158,0.6851,0.3149,84,83,,,backtest
2026-01-18,Sacramento State Hornets,Northern Colorado Bears,team1_home,75,82,-7,157,0.2837,0.7163,93,89,,,backtest
2026-01-18,Houston Cougars,Arizona State Sun Devils,team1_home,84,67,17,151,0.937,0.063,103,73,,,backtest
2026-01-18,Temple Owls,Florida Atlantic Owls,team1_home,77,74,3,151,0.607,0.393,73,79,,,backtest
2026-01-18,Maryland Terrapins,Penn State Nittany Lions,team1_home,76,76,0,152,0.5038,0.4962,96,73,,,backtest
2026-01-18,Army Black Knights,American University Eagles,team1_home,73,77,-4,150,0.3789,0.6211,67,78,,,backtest
2026-01-18,South Florida Bulls,Wichita State Shockers,team1_home,81,75,6,156,0.6656,0.3344,85,86,,,backtest
2026-01-18,East Carolina Pirates,Charlotte 49ers,team1_home,74,77,-3,151,0.4022,0.5978,70,73,,,backtest
2026-01-18,Green Bay Phoenix,Oakland Golden Grizzlies,team1_home,80,78,2,158,0.5757,0.4243,63,88,,,backtest
2026-01-18,Purdue Fort Wayne Mastodons,Milwaukee Panthers,team1_home,78,76,2,154,0.5723,0.4277,100,82,,,backtest
2026-01-18,UAB Blazers,Tulsa Golden Hurricane,team1_home,76,80,-4,156,0.3499,0.6501,77,99,,,backtest
2026-01-18,Tulane Green Wave,North Texas Mean Green,team1_home,74,73,1,147,0.5137,0.4863,63,71,,,backtest
2026-01-18,Memphis Tigers,UTSA Roadrunners,team1_home,83,68,15,151,0.9206,0.0794,95,69,,,backtest
2026-01-19,San Francisco Dons,Washington State Cougars,team1_home,79,74,5,153,0.6591,0.3409,85,80,,,backtest
2026-01-19,Monmouth Hawks,Northeastern Huskies,team1_home,80,71,9,151,0.7875,0.2125,81,68,,,backtest
2026-01-19,Saint Francis Red Flash,Stonehill Skyhawks,team1_home,73,73,0,146,0.4997,0.5003,63,61,,,backtest
2026-01-19,UAlbany Great Danes,Vermont Catamounts,team1_home,72,77,-5,149,0.3188,0.6812,75,68,,,backtest
2026-01-19,Towson Tigers,Drexel Dragons,team1_home,74,70,4,144,0.6331,0.3669,59,58,,,backtest
2026-01-19,Saint Peter's Peacocks,Iona Gaels,team1_home,75,72,3,147,0.5901,0.4099,77,63,,,backtest
2026-01-19,Rider Broncs,Sacred Heart Pioneers,team1_home,70,78,-8,148,0.223,0.777,85,105,,,backtest
2026-01-19,Brown Bears,Cornell Big Red,team1_home,73,81,-8,154,0.2452,0.7548,67,89,,,backtest
2026-01-19,Yale Bulldogs,Columbia Lions,team1_home,82,72,10,154,0.8233,0.1767,91,74,,,backtest
2026-01-19,Siena Saints,Fairfield Stags,team1_home,77,71,6,148,0.7082,0.2918,85,77,,,backtest
2026-01-19,Niagara Purple Eagles,Mount St. Mary's Mountaineers,team1_home,72,73,-1,145,0.4561,0.5439,58,68,,,backtest
2026-01-19,Marist Red Foxes,Merrimack Warriors,team1_home,74,69,5,143,0.6856,0.3144,55,68,,,backtest
2026-01-19,Quinnipiac Bobcats,Manhattan Jaspers,team1_home,80,71,9,151,0.7804,0.2196,98,92,,,backtest
2026-01-19,Mercyhurst Lakers,Central Connecticut Blue Devils,team1_home,75,72,3,147,0.6214,0.3786,79,61,,,backtest
2026-01-19,Harvard Crimson,Pennsylvania Quakers,team1_home,76,72,4,148,0.6501,0.3499,64,63,,,backtest
2026-01-19,Fairleigh Dickinson Knights,Wagner Seahawks,team1_home,73,74,-1,147,0.4697,0.5303,68,61,,,backtest
2026-01-19,Maine Black Bears,New Hampshire Wildcats,team1_home,74,69,5,143,0.6944,0.3056,48,65,,,backtest
2026-01-19,Binghamton Bearcats,UMBC Retrievers,team1_home,68,81,-13,149,0.1084,0.8916,60,78,,,backtest
2026-01-19,NJIT Highlanders,Bryant Bulldogs,team1_home,75,68,7,143,0.7453,0.2547,79,55,,,backtest
2026-01-19,VCU Rams,Saint Joseph's Hawks,team1_home,81,70,11,151,0.839,0.161,79,72,,,backtest
2026-01-19,Alcorn State Braves,Prairie View A&M Panthers,team1_home,72,78,-6,150,0.3144,0.6856,76,75,,,backtest
2026-01-19,Le Moyne Dolphins,Long Island University Sharks,team1_home,74,75,-1,149,0.4433,0.5567,83,77,,,backtest
2026-01-19,Texas A&M-Corpus Christi Islanders,McNeese Cowboys,team1_home,70,77,-7,147,0.2607,0.7393,53,69,,,backtest
2026-01-19,George Mason Patriots,George Washington Revolutionaries,team1_home,77,75,2,152,0.5665,0.4335,69,64,,,backtest
2026-01-19,Alabama State Hornets,Alabama A&M Bulldogs,neutral,73,76,-3,149,0.3864,0.6136,69,73,,,backtest
2026-01-19,Dartmouth Big Green,Princeton Tigers,team1_home,76,73,3,149,0.5775,0.4225,71,69,,,backtest
2026-01-19,Marquette Golden Eagles,Providence Friars,team1_home,78,79,-1,157,0.4694,0.5306,105,104,,,backtest
2026-01-19,Incarnate Word Cardinals,East Texas A&M Lions,team1_home,77,71,6,148,0.7192,0.2808,58,80,,,backtest
2026-01-19,Arkansas-Pine Bluff Golden Lions,Bethune-Cookman Wildcats,team1_home,76,76,0,152,0.484,0.516,82,87,,,backtest
2026-01-20,Chicago State Cougars,New Haven Chargers,team1_home,72,71,1,143,0.5181,0.4819,56,62,,,backtest
2026-01-20,Lehigh Mountain Hawks,Loyola Maryland Greyhounds,team1_home,78,73,5,151,0.6706,0.3294,88,81,,,backtest
2026-01-20,UT Rio Grande Valley Vaqueros,SE Louisiana Lions,team1_home,80,67,13,147,0.8872,0.1128,68,65,,,backtest
2026-01-20,Nicholls Colonels,Stephen F. Austin Lumberjacks,team1_home,70,79,-9,149,0.228,0.772,62,79,,,backtest
2026-01-20,Mississippi Valley State Delta Devils,Florida A&M Rattlers,team1_home,68,78,-10,146,0.1729,0.8271,48,62,,,backtest
2026-01-20,Jackson State Tigers,Texas Southern Tigers,team1_home,74,78,-4,152,0.3831,0.6169,94,89,,,backtest
2026-01-20,Houston Christian Huskies,Northwestern State Demons,team1_home,75,71,4,146,0.6502,0.3498,82,80,,,backtest
2026-01-20,New Orleans Privateers,Lamar Cardinals,team1_home,76,73,3,149,0.584,0.416,89,76,,,backtest
2026-01-20,Northern Colorado Bears,Montana State Bobcats,team1_home,79,76,3,155,0.6148,0.3852,68,73,,,backtest
2026-01-20,Northern Arizona Lumberjacks,Montana Grizzlies,team1_home,74,78,-4,152,0.3567,0.6433,72,98,,,backtest
2026-01-20,Hampton Pirates,North Carolina A&T Aggies,team1_home,76,74,2,150,0.5722,0.4278,82,61,,,backtest
2026-01-21,Michigan Wolverines,Indiana Hoosiers,team1_home,84,72,12,156,0.8362,0.1638,86,72,,,backtest
2026-01-21,UCLA Bruins,Purdue Boilermakers,team1_home,78,77,1,155,0.5212,0.4788,69,67,,,backtest
2026-01-21,Iowa State Cyclones,UCF Knights,team1_home,84,71,13,155,0.8736,0.1264,87,57,,,backtest
2026-01-21,Oregon Ducks,Michigan State Spartans,team1_home,70,81,-11,151,0.1775,0.8225,52,68,,,backtest
2026-01-21,Baylor Bears,Texas Tech Red Raiders,team1_home,78,79,-1,157,0.4856,0.5144,73,92,,,backtest
2026-01-21,Arkansas Razorbacks,Vanderbilt Commodores,team1_home,82,80,2,162,0.5753,0.4247,93,68,,,backtest
2026-01-21,Florida Gators,LSU Tigers,team1_home,84,73,11,157,0.8431,0.1569,79,61,,,backtest
2026-01-21,Clemson Tigers,NC State Wolfpack,team1_home,78,75,3,153,0.6116,0.3884,76,80,,,backtest
2026-01-21,Colorado Buffaloes,Kansas Jayhawks,team1_home,76,78,-2,154,0.4409,0.5591,69,75,,,backtest
2026-01-21,Missouri Tigers,Georgia Bulldogs,team1_home,79,80,-1,159,0.4545,0.5455,72,74,,,backtest
2026-01-21,Duquesne Dukes,Saint Louis Billikens,team1_home,73,82,-9,155,0.2052,0.7948,77,81,,,backtest
2026-01-21,Kent State Golden Flashes,Miami (OH) RedHawks,team1_home,77,82,-5,159,0.3494,0.6506,101,107,,,backtest
2026-01-20,Massachusetts Minutemen,Toledo Rockets,team1_home,79,78,1,157,0.5285,0.4715,84,82,,,backtest
2026-01-20,Ohio State Buckeyes,Minnesota Golden Gophers,team1_home,80,71,9,151,0.7802,0.2198,82,74,,,backtest
2026-01-20,Buffalo Bulls,Akron Zips,team1_home,77,80,-3,157,0.4016,0.5984,63,82,,,backtest
2026-01-21,St. Bonaventure Bonnies,Loyola Chicago Ramblers,team1_home,82,70,12,152,0.874,0.126,84,70,,,backtest
2026-01-21,St. John's Red Storm,Seton Hall Pirates,team1_home,78,70,8,148,0.7693,0.2307,65,60,,,backtest
2026-01-21,Miami Hurricanes,Florida State Seminoles,team1_home,83,73,10,156,0.8107,0.1893,63,65,,,backtest
2026-01-21,Ohio Bobcats,Northern Illinois Huskies,team1_home,81,69,12,150,0.8684,0.1316,80,77,,,backtest
2026-01-21,Western Michigan Broncos,Bowling Green Falcons,team1_home,73,79,-6,152,0.2879,0.7121,54,72,,,backtest
2026-01-21,Central Michigan Chippewas,Ball State Cardinals,team1_home,76,72,4,148,0.6569,0.3431,67,68,,,backtest
2026-01-21,South Carolina Gamecocks,Oklahoma Sooners,team1_home,77,79,-2,156,0.4222,0.5778,85,76,,,backtest
2026-01-21,Butler Bulldogs,DePaul Blue Demons,team1_home,78,73,5,151,0.6628,0.3372,87,80,,,backtest
2026-01-21,UIC Flames,Evansville Purple Aces,team1_home,82,66,16,148,0.9459,0.0541,76,49,,,backtest
2026-01-21,TCU Horned Frogs,Oklahoma State Cowboys,team1_home,81,74,7,155,0.7223,0.2777,68,65,,,backtest
2026-01-21,Iowa Hawkeyes,Rutgers Scarlet Knights,team1_home,83,67,16,150,0.9272,0.0728,68,62,,,backtest
2026-01-21,Wyoming Cowboys,Boise State Broncos,team1_home,78,76,2,154,0.5559,0.4441,65,81,,,backtest
2026-01-21,Southeast Missouri State Redhawks,UT Martin Skyhawks,team1_home,73,71,2,144,0.5731,0.4269,66,50,,,backtest
2026-01-21,Kansas State Wildcats,Utah Utes,team1_home,80,75,5,155,0.6616,0.3384,81,78,,,backtest
2026-01-21,Wake Forest Demon Deacons,SMU Mustangs,team1_home,77,80,-3,157,0.3994,0.6006,79,91,,,backtest
2026-01-21,Colorado State Rams,Air Force Falcons,team1_home,85,63,22,148,0.9851,0.0149,81,52,,,backtest
2026-01-21,Ole Miss Rebels,Auburn Tigers,team1_home,78,79,-1,157,0.4565,0.5435,66,78,,,backtest
2026-01-21,Nevada Wolf Pack,San José State Spartans,team1_home,83,69,14,152,0.8993,0.1007,87,54,,,backtest
2026-01-21,Utah State Aggies,UNLV Rebels,team1_home,83,73,10,156,0.8279,0.1721,76,86,,,backtest
2026-01-22,Arizona Wildcats,Cincinnati Bearcats,team1_home,83,68,15,151,0.9172,0.0828,77,51,,,backtest
2026-01-22,Nebraska Cornhuskers,Washington Huskies,team1_home,81,70,11,151,0.8289,0.1711,76,66,,,backtest
2026-01-22,Gonzaga Bulldogs,Pepperdine Waves,team1_home,88,63,25,151,0.9892,0.0108,84,60,,,backtest
2026-01-22,Illinois Fighting Illini,Maryland Terrapins,team1_home,84,67,17,151,0.9399,0.0601,89,70,,,backtest
2026-01-22,North Carolina Tar Heels,Notre Dame Fighting Irish,team1_home,82,71,11,153,0.8371,0.1629,91,69,,,backtest
2026-01-21,Boston University Terriers,Lafayette Leopards,team1_home,80,71,9,151,0.8153,0.1847,77,73,,,backtest
2026-01-21,South Carolina Upstate Spartans,UNC Asheville Bulldogs,team1_home,74,75,-1,149,0.48,0.52,69,83,,,backtest
2026-01-21,Wofford Terriers,Samford Bulldogs,team1_home,79,77,2,156,0.5629,0.4371,88,78,,,backtest
2026-01-21,VMI Keydets,UNC Greensboro Spartans,team1_home,74,80,-6,154,0.294,0.706,78,85,,,backtest
2026-01-21,La Salle Explorers,Dayton Flyers,team1_home,70,79,-9,149,0.2043,0.7957,67,64,,,backtest
2026-01-21,Winthrop Eagles,Radford Highlanders,team1_home,82,75,7,157,0.708,0.292,76,75,,,backtest
2026-01-22,Drake Bulldogs,Murray State Racers,team1_home,76,79,-3,155,0.395,0.605,101,90,,,backtest
2026-01-22,Bradley Braves,Indiana State Sycamores,team1_home,81,70,11,151,0.8181,0.1819,75,68,,,backtest
2026-01-22,American University Eagles,Colgate Raiders,team1_home,77,75,2,152,0.5711,0.4289,70,66,,,backtest
2026-01-22,Richmond Spiders,Rhode Island Rams,team1_home,77,72,5,149,0.6446,0.3554,68,69,,,backtest
2026-01-22,Davidson Wildcats,Fordham Rams,team1_home,75,70,5,145,0.6563,0.3437,68,63,,,backtest
2026-01-22,Florida Atlantic Owls,Tulane Green Wave,team1_home,79,72,7,151,0.7431,0.2569,79,74,,,backtest
2026-01-22,Bucknell Bison,Army Black Knights,team1_home,75,74,1,149,0.5315,0.4685,84,87,,,backtest
2026-01-22,Longwood Lancers,Gardner-Webb Runnin' Bulldogs,team1_home,85,65,20,150,0.9733,0.0267,91,56,,,backtest
2026-01-22,Presbyterian Blue Hose,Charleston Southern Buccaneers,team1_home,76,76,0,152,0.504,0.496,87,83,,,backtest
2026-01-22,Villanova Wildcats,Georgetown Hoyas,team1_home,80,71,9,151,0.7801,0.2199,66,51,,,backtest
2026-01-22,Creighton Bluejays,Xavier Musketeers,team1_home,79,75,4,154,0.633,0.367,94,93,,,backtest
2026-01-22,Boston College Eagles,Pittsburgh Panthers,team1_home,74,73,1,147,0.5375,0.4625,65,62,,,backtest
2026-01-22,Navy Midshipmen,Holy Cross Crusaders,team1_home,82,65,17,147,0.9536,0.0464,85,68,,,backtest
2026-01-22,Wright State Raiders,Cleveland State Vikings,team1_home,83,74,9,157,0.7987,0.2013,79,85,,,backtest
2026-01-22,Detroit Mercy Titans,Purdue Fort Wayne Mastodons,team1_home,80,75,5,155,0.6797,0.3203,76,83,,,backtest
2026-01-22,Oakland Golden Grizzlies,IU Indianapolis Jaguars,team1_home,84,76,8,160,0.7373,0.2627,85,103,,,backtest
2026-01-22,The Citadel Bulldogs,Furman Paladins,team1_home,71,80,-9,151,0.1978,0.8022,77,75,,,backtest
2026-01-22,Mercer Bears,Western Carolina Catamounts,team1_home,82,75,7,157,0.7243,0.2757,88,76,,,backtest
2026-01-22,Chattanooga Mocs,East Tennessee State Buccaneers,team1_home,74,79,-5,153,0.3175,0.6825,66,67,,,backtest
2026-01-22,Old Dominion Monarchs,Troy Trojans,team1_home,75,79,-4,154,0.381,0.619,77,83,,,backtest
2026-01-22,Kentucky Wildcats,Texas Longhorns,team1_home,81,77,4,158,0.608,0.392,85,80,,,backtest
2026-01-22,Wichita State Shockers,East Carolina Pirates,team1_home,83,68,15,151,0.9159,0.0841,77,60,,,backtest
2026-01-22,Western Kentucky Hilltoppers,Liberty Flames,team1_home,76,78,-2,154,0.4587,0.5413,69,76,,,backtest
2026-01-22,Sam Houston Bearkats,Kennesaw State Owls,team1_home,81,75,6,156,0.6848,0.3152,93,87,,,backtest
2026-01-22,Valparaiso Beacons,Southern Illinois Salukis,team1_home,75,73,2,148,0.5763,0.4237,69,63,,,backtest
2026-01-22,North Texas Mean Green,UTSA Roadrunners,team1_home,82,65,17,147,0.9488,0.0512,81,62,,,backtest
2026-01-22,Rice Owls,Temple Owls,team1_home,74,77,-3,151,0.4102,0.5898,65,69,,,backtest
2026-01-22,Tulsa Golden Hurricane,Memphis Tigers,team1_home,85,70,15,155,0.9096,0.0904,83,66,,,backtest
2026-01-22,Omaha Mavericks,South Dakota Coyotes,team1_home,79,75,4,154,0.6212,0.3788,64,68,,,backtest
2026-01-22,UT Arlington Mavericks,Tarleton State Texans,team1_home,76,70,6,146,0.6931,0.3069,71,64,,,backtest
2026-01-22,Southern Utah Thunderbirds,Utah Valley Wolverines,team1_home,71,82,-11,153,0.164,0.836,84,70,,,backtest
2026-01-22,Illinois State Redbirds,Northern Iowa Panthers,team1_home,73,72,1,145,0.5419,0.4581,59,54,,,backtest
2026-01-22,New Mexico Lobos,Fresno State Bulldogs,team1_home,82,70,12,152,0.8562,0.1438,83,74,,,backtest
2026-01-22,Arizona State Sun Devils,West Virginia Mountaineers,team1_home,74,75,-1,149,0.4608,0.5392,63,75,,,backtest
2026-01-22,Syracuse Orange,Virginia Tech Hokies,team1_home,77,76,1,153,0.5063,0.4937,74,76,,,backtest
2026-01-22,Texas A&M Aggies,Mississippi State Bulldogs,team1_home,85,73,12,158,0.8571,0.1429,88,68,,,backtest
2026-01-22,San Diego Toreros,Washington State Cougars,team1_home,76,77,-1,153,0.4607,0.5393,96,92,,,backtest
2026-01-22,Seattle U Redhawks,Loyola Marymount Lions,team1_home,75,71,4,146,0.6302,0.3698,69,59,,,backtest
2026-01-22,California Baptist Lancers,Utah Tech Trailblazers,team1_home,79,71,8,150,0.7557,0.2443,73,64,,,backtest
2026-01-22,Saint Mary's Gaels,Oregon State Beavers,team1_home,84,66,18,150,0.9525,0.0475,81,51,,,backtest
2026-01-22,USC Trojans,Northwestern Wildcats,team1_home,76,76,0,152,0.5127,0.4873,68,74,,,backtest
2026-01-22,Grand Canyon Lopes,San Diego State Aztecs,team1_home,76,73,3,149,0.6068,0.3932,70,69,,,backtest
2026-01-22,Marshall Thundering Herd,UL Monroe Warhawks,team1_home,85,70,15,155,0.9126,0.0874,115,60,,,backtest
2026-01-22,App State Mountaineers,Louisiana Ragin' Cajuns,team1_home,78,66,12,144,0.8741,0.1259,72,58,,,backtest
2026-01-22,Lipscomb Bisons,Stetson Hatters,team1_home,82,71,11,153,0.8274,0.1726,79,74,,,backtest
2026-01-22,Austin Peay Governors,Florida Gulf Coast Eagles,team1_home,81,73,8,154,0.7401,0.2599,83,62,,,backtest
2026-01-22,West Georgia Wolves,Central Arkansas Bears,team1_home,75,79,-4,154,0.3423,0.6577,65,86,,,backtest
2026-01-22,UMass Lowell River Hawks,Vermont Catamounts,team1_home,72,78,-6,150,0.3142,0.6858,68,77,,,backtest
2026-01-22,UMBC Retrievers,NJIT Highlanders,team1_home,82,65,17,147,0.9402,0.0598,87,74,,,backtest
2026-01-22,New Hampshire Wildcats,Binghamton Bearcats,team1_home,75,72,3,147,0.5948,0.4052,88,82,,,backtest
2026-01-22,Maine Black Bears,UAlbany Great Danes,team1_home,72,72,0,144,0.5078,0.4922,52,49,,,backtest
2026-01-22,Youngstown State Penguins,Green Bay Phoenix,team1_home,79,75,4,154,0.6369,0.3631,88,81,,,backtest
2026-01-23,UAB Blazers,South Florida Bulls,team1_home,77,79,-2,156,0.4057,0.5943,69,82,,,backtest
2026-01-23,Penn State Nittany Lions,Wisconsin Badgers,team1_home,75,80,-5,155,0.3648,0.6352,71,98,,,backtest
2026-01-23,Iona Gaels,Merrimack Warriors,team1_home,75,73,2,148,0.5735,0.4265,61,60,,,backtest
2026-01-23,Robert Morris Colonials,Milwaukee Panthers,team1_home,82,72,10,154,0.8276,0.1724,88,76,,,backtest
2026-01-23,Mount St. Mary's Mountaineers,Quinnipiac Bobcats,team1_home,73,74,-1,147,0.4539,0.5461,62,77,,,backtest
2026-01-23,Fairfield Stags,Niagara Purple Eagles,team1_home,80,67,13,147,0.8865,0.1135,62,61,,,backtest
2026-01-23,Sacred Heart Pioneers,Canisius Golden Griffins,team1_home,79,69,10,148,0.8308,0.1692,69,66,,,backtest
2026-01-23,Siena Saints,Marist Red Foxes,team1_home,74,70,4,144,0.6267,0.3733,69,50,,,backtest
2026-01-23,William & Mary Tribe,UNC Wilmington Seahawks,team1_home,76,77,-1,153,0.4633,0.5367,77,70,,,backtest
2026-01-23,Charleston Cougars,Campbell Fighting Camels,team1_home,79,74,5,153,0.6973,0.3027,87,83,,,backtest
2026-01-23,Elon Phoenix,Towson Tigers,team1_home,76,73,3,149,0.5859,0.4141,59,72,,,backtest
2026-01-23,Hampton Pirates,Monmouth Hawks,team1_home,72,74,-2,146,0.4196,0.5804,65,63,,,backtest
2026-01-23,North Carolina A&T Aggies,Hofstra Pride,team1_home,72,79,-7,151,0.2683,0.7317,79,78,,,backtest
2026-01-23,Northeastern Huskies,Stony Brook Seawolves,team1_home,76,75,1,151,0.5213,0.4787,80,95,,,backtest
2026-01-23,James Madison Dukes,South Alabama Jaguars,team1_home,76,75,1,151,0.5298,0.4702,83,90,,,backtest
2026-01-23,Georgia State Panthers,Southern Miss Golden Eagles,team1_home,73,76,-3,149,0.4073,0.5927,69,62,,,backtest
2026-01-23,Georgia Southern Eagles,Arkansas State Red Wolves,team1_home,79,78,1,157,0.5259,0.4741,68,85,,,backtest
2026-01-23,Coastal Carolina Chanticleers,Texas State Bobcats,team1_home,75,73,2,148,0.5446,0.4554,72,70,,,backtest
2026-01-23,North Florida Ospreys,Eastern Kentucky Colonels,team1_home,78,80,-2,158,0.4393,0.5607,87,85,,,backtest
2026-01-23,Jacksonville Dolphins,Bellarmine Knights,team1_home,78,77,1,155,0.5416,0.4584,70,77,,,backtest
2026-01-23,Morehead State Eagles,Western Illinois Leathernecks,team1_home,82,66,16,148,0.9416,0.0584,71,66,,,backtest
2026-01-23,Oral Roberts Golden Eagles,North Dakota Fighting Hawks,team1_home,76,77,-1,153,0.4847,0.5153,62,79,,,backtest
2026-01-23,Southeast Missouri State Redhawks,Little Rock Trojans,team1_home,78,69,9,147,0.7959,0.2041,70,65,,,backtest
2026-01-23,St. Thomas-Minnesota Tommies,South Dakota State Jackrabbits,team1_home,82,72,10,154,0.8278,0.1722,74,69,,,backtest
2026-01-23,Denver Pioneers,North Dakota State Bison,team1_home,77,80,-3,157,0.4073,0.5927,77,82,,,backtest
2026-01-23,UC Santa Barbara Gauchos,Cal Poly Mustangs,team1_home,83,73,10,156,0.809,0.191,107,67,,,backtest
2026-01-23,UC Davis Aggies,UC San Diego Tritons,team1_home,75,75,0,150,0.4945,0.5055,74,80,,,backtest
2026-01-23,Montana Grizzlies,Weber State Wildcats,team1_home,78,77,1,155,0.5359,0.4641,81,65,,,backtest
2026-01-23,Montana State Bobcats,Idaho State Bengals,team1_home,80,73,7,153,0.7523,0.2477,74,62,,,backtest
2026-01-23,Idaho Vandals,Sacramento State Hornets,team1_home,83,71,12,154,0.8493,0.1507,86,76,,,backtest
2026-01-23,Eastern Washington Eagles,Portland State Vikings,team1_home,76,76,0,152,0.497,0.503,61,65,,,backtest
2026-01-23,SIU Edwardsville Cougars,Tennessee State Tigers,team1_home,73,74,-1,147,0.469,0.531,74,66,,,backtest
2026-01-23,New Mexico State Aggies,Missouri State Bears,team1_home,77,74,3,151,0.6194,0.3806,75,84,,,backtest
2026-01-23,UTEP Miners,Florida International Panthers,team1_home,73,76,-3,149,0.4034,0.5966,83,77,,,backtest
2026-01-23,Cal State Fullerton Titans,Long Beach State Beach,team1_home,80,73,7,153,0.7308,0.2692,71,61,,,backtest
2026-01-23,UC Riverside Highlanders,UC Irvine Anteaters,team1_home,71,78,-7,149,0.2787,0.7213,66,80,,,backtest
2026-01-23,Hawai'i Rainbow Warriors,Cal State Bakersfield Roadrunners,team1_home,85,66,19,151,0.9605,0.0395,98,71,,,backtest
2026-01-24,Michigan Wolverines,Ohio State Buckeyes,team1_home,83,73,10,156,0.7994,0.2006,74,62,,,backtest
2026-01-23,St. Bonaventure Bonnies,Saint Louis Billikens,team1_home,74,81,-7,155,0.265,0.735,62,97,,,backtest
2026-01-23,App State Mountaineers,UL Monroe Warhawks,team1_home,83,67,16,150,0.9343,0.0657,59,43,,,backtest
2026-01-23,North Texas Mean Green,East Carolina Pirates,team1_home,78,69,9,147,0.7798,0.2202,59,63,,,backtest
2026-01-23,New Haven Chargers,Mercyhurst Lakers,team1_home,70,72,-2,142,0.396,0.604,57,61,,,backtest
2026-01-23,Austin Peay Governors,Stetson Hatters,team1_home,83,70,13,153,0.8928,0.1072,73,65,,,backtest
2026-01-23,Lipscomb Bisons,Florida Gulf Coast Eagles,team1_home,79,75,4,154,0.6455,0.3545,86,71,,,backtest
2026-01-23,Louisiana Tech Bulldogs,Kennesaw State Owls,team1_home,75,75,0,150,0.4779,0.5221,82,76,,,backtest
2026-01-23,UNC Greensboro Spartans,Furman Paladins,team1_home,76,78,-2,154,0.4175,0.5825,66,89,,,backtest
2026-01-23,Rutgers Scarlet Knights,Indiana Hoosiers,team1_home,73,79,-6,152,0.2858,0.7142,59,82,,,backtest
2026-01-24,Gardner-Webb Runnin' Bulldogs,South Carolina Upstate Spartans,team1_home,70,79,-9,149,0.2241,0.7759,67,65,,,backtest
2026-01-24,Radford Highlanders,High Point Panthers,team1_home,74,83,-9,157,0.2251,0.7749,83,93,,,backtest
2026-01-24,Longwood Lancers,Charleston Southern Buccaneers,team1_home,78,76,2,154,0.5688,0.4312,81,79,,,backtest
2026-01-24,Buffalo Bulls,Massachusetts Minutemen,team1_home,80,76,4,156,0.6375,0.3625,67,68,,,backtest
2026-01-24,Saint Francis Red Flash,Chicago State Cougars,team1_home,76,73,3,149,0.5909,0.4091,81,60,,,backtest
2026-01-24,Stonehill Skyhawks,Long Island University Sharks,team1_home,69,76,-7,145,0.2557,0.7443,63,66,,,backtest
2026-01-24,Le Moyne Dolphins,Wagner Seahawks,team1_home,76,72,4,148,0.6432,0.3568,69,67,,,backtest
2026-01-24,Central Connecticut Blue Devils,Fairleigh Dickinson Knights,team1_home,78,69,9,147,0.797,0.203,66,76,,,backtest
2026-01-24,East Tennessee State Buccaneers,The Citadel Bulldogs,team1_home,84,67,17,151,0.9518,0.0482,84,55,,,backtest
2026-01-24,Jacksonville State Gamecocks,Middle Tennessee Blue Raiders,team1_home,76,73,3,149,0.5797,0.4203,75,58,,,backtest
2026-01-24,Charlotte 49ers,Tulane Green Wave,team1_home,78,73,5,151,0.6971,0.3029,73,70,,,backtest
2026-01-24,Butler Bulldogs,Marquette Golden Eagles,team1_home,79,75,4,154,0.6425,0.3575,87,76,,,backtest
2026-01-24,Ohio Bobcats,Akron Zips,team1_home,74,82,-8,156,0.2636,0.7364,65,86,,,backtest
2026-01-24,Colorado State Rams,Utah State Aggies,team1_home,77,77,0,154,0.4796,0.5204,61,65,,,backtest
2026-01-24,Arizona Wildcats,West Virginia Mountaineers,team1_home,82,67,15,149,0.9131,0.0869,88,53,,,backtest
2026-01-24,UConn Huskies,Villanova Wildcats,team1_home,79,72,7,151,0.7569,0.2431,75,67,,,backtest
2026-01-24,Purdue Boilermakers,Illinois Fighting Illini,team1_home,79,77,2,156,0.5907,0.4093,82,88,,,backtest
2026-01-24,Duke Blue Devils,Wake Forest Demon Deacons,team1_home,85,67,18,152,0.9425,0.0575,90,69,,,backtest
2026-01-24,Texas Tech Red Raiders,Houston Cougars,team1_home,75,78,-3,153,0.4098,0.5902,90,86,,,backtest
2026-01-24,Minnesota Golden Gophers,Nebraska Cornhuskers,team1_home,71,77,-6,148,0.3092,0.6908,57,76,,,backtest
2026-01-25,Gonzaga Bulldogs,San Francisco Dons,team1_home,85,68,17,153,0.9431,0.0569,68,66,,,backtest
2026-01-24,Oklahoma State Cowboys,Iowa State Cyclones,team1_home,73,82,-9,155,0.2196,0.7804,71,84,,,backtest
2026-01-24,Michigan State Spartans,Maryland Terrapins,team1_home,84,66,18,150,0.9584,0.0416,91,48,,,backtest
2026-01-24,BYU Cougars,Utah Utes,team1_home,83,72,11,155,0.8425,0.1575,91,78,,,backtest
2026-01-24,Virginia Cavaliers,North Carolina Tar Heels,team1_home,80,73,7,153,0.703,0.297,80,85,,,backtest
2026-01-24,Mississippi State Bulldogs,Vanderbilt Commodores,team1_home,74,82,-8,156,0.2521,0.7479,56,88,,,backtest
2026-01-24,Florida Gators,Auburn Tigers,team1_home,83,74,9,157,0.7772,0.2228,67,76,,,backtest
2026-01-25,Alabama Crimson Tide,Tennessee Volunteers,team1_home,81,79,2,160,0.5419,0.4581,73,79,,,backtest
2026-01-24,Georgia Tech Yellow Jackets,Clemson Tigers,team1_home,71,79,-8,150,0.2363,0.7637,63,77,,,backtest
2026-01-25,Kansas State Wildcats,Kansas Jayhawks,team1_home,74,79,-5,153,0.3319,0.6681,62,86,,,backtest
2026-01-24,Arkansas Razorbacks,LSU Tigers,team1_home,83,77,6,160,0.6866,0.3134,85,81,,,backtest
2026-01-24,Texas Longhorns,Georgia Bulldogs,team1_home,81,80,1,161,0.55,0.45,87,67,,,backtest
2026-01-24,Louisville Cardinals,Virginia Tech Hokies,team1_home,83,73,10,156,0.8195,0.1805,85,71,,,backtest
2026-01-24,Wofford Terriers,Mercer Bears,team1_home,79,78,1,157,0.5127,0.4873,80,77,,,backtest
2026-01-24,Kentucky Wildcats,Ole Miss Rebels,team1_home,82,72,10,154,0.7953,0.2047,72,63,,,backtest
2026-01-24,North Florida Ospreys,Bellarmine Knights,team1_home,80,79,1,159,0.54,0.46,117,114,,,backtest
2026-01-24,Holy Cross Crusaders,American University Eagles,team1_home,73,76,-3,149,0.3894,0.6106,67,76,,,backtest
2026-01-24,Pittsburgh Panthers,NC State Wolfpack,team1_home,74,80,-6,154,0.3227,0.6773,72,81,,,backtest
2026-01-24,Princeton Tigers,Brown Bears,team1_home,76,70,6,146,0.6996,0.3004,63,53,,,backtest
2026-01-24,Sacred Heart Pioneers,Niagara Purple Eagles,team1_home,79,70,9,149,0.804,0.196,71,70,,,backtest
2026-01-24,Hampton Pirates,UNC Wilmington Seahawks,team1_home,70,78,-8,148,0.2248,0.7752,67,75,,,backtest
2026-01-24,Charleston Cougars,Elon Phoenix,team1_home,79,75,4,154,0.6443,0.3557,80,70,,,backtest
2026-01-24,North Carolina A&T Aggies,Towson Tigers,team1_home,74,74,0,148,0.4993,0.5007,80,73,,,backtest
2026-01-24,Campbell Fighting Camels,Monmouth Hawks,team1_home,75,76,-1,151,0.4934,0.5066,73,88,,,backtest
2026-01-24,William & Mary Tribe,Hofstra Pride,team1_home,76,77,-1,153,0.4822,0.5178,89,82,,,backtest
2026-01-24,Providence Friars,Georgetown Hoyas,team1_home,81,76,5,157,0.6674,0.3326,78,81,,,backtest
2026-01-24,Morehead State Eagles,Eastern Illinois Panthers,team1_home,79,68,11,147,0.8396,0.1604,73,68,,,backtest
2026-01-24,Indiana State Sycamores,Drake Bulldogs,team1_home,76,75,1,151,0.5179,0.4821,62,76,,,backtest
2026-01-24,Belmont Bruins,Illinois State Redbirds,team1_home,80,73,7,153,0.7257,0.2743,80,69,,,backtest
2026-01-24,UTSA Roadrunners,Temple Owls,team1_home,69,81,-12,150,0.1176,0.8824,64,70,,,backtest
2026-01-24,Wright State Raiders,Northern Kentucky Norse,team1_home,81,76,5,157,0.6647,0.3353,88,80,,,backtest
2026-01-24,Youngstown State Penguins,Milwaukee Panthers,team1_home,80,73,7,153,0.7139,0.2861,64,65,,,backtest
2026-01-24,Robert Morris Colonials,Green Bay Phoenix,team1_home,81,73,8,154,0.7454,0.2546,67,71,,,backtest
2026-01-24,Marist Red Foxes,Quinnipiac Bobcats,team1_home,76,69,7,145,0.7136,0.2864,71,64,,,backtest
2026-01-24,Bryant Bulldogs,Vermont Catamounts,team1_home,67,79,-12,146,0.1359,0.8641,52,62,,,backtest
2026-01-24,UMBC Retrievers,UMass Lowell River Hawks,team1_home,82,68,14,150,0.9083,0.0917,79,56,,,backtest
2026-01-24,James Madison Dukes,Texas State Bobcats,team1_home,77,73,4,150,0.6379,0.3621,82,57,,,backtest
2026-01-24,Coastal Carolina Chanticleers,Southern Miss Golden Eagles,team1_home,76,73,3,149,0.5773,0.4227,85,67,,,backtest
2026-01-24,Texas A&M Aggies,South Carolina Gamecocks,team1_home,84,73,11,157,0.8236,0.1764,92,69,,,backtest
2026-01-24,Liberty Flames,Delaware Blue Hens,team1_home,82,69,13,151,0.891,0.109,67,51,,,backtest
2026-01-24,Xavier Musketeers,St. John's Red Storm,team1_home,74,81,-7,155,0.2735,0.7265,83,88,,,backtest
2026-01-24,Norfolk State Spartans,Coppin State Eagles,team1_home,81,66,15,147,0.9276,0.0724,103,76,,,backtest
2026-01-24,Navy Midshipmen,Army Black Knights,team1_home,83,66,17,149,0.9559,0.0441,84,56,,,backtest
2026-01-24,Western Carolina Catamounts,VMI Keydets,team1_home,83,70,13,153,0.891,0.109,88,58,,,backtest
2026-01-24,Howard Bison,Morgan State Bears,team1_home,83,67,16,150,0.9336,0.0664,77,78,,,backtest
2026-01-24,Rhode Island Rams,George Mason Patriots,team1_home,73,74,-1,147,0.4425,0.5575,74,65,,,backtest
2026-01-24,Loyola Chicago Ramblers,Duquesne Dukes,team1_home,73,78,-5,151,0.3062,0.6938,59,71,,,backtest
2026-01-24,Saint Joseph's Hawks,Dayton Flyers,team1_home,74,74,0,148,0.4916,0.5084,81,74,,,backtest
2026-01-24,Colgate Raiders,Boston University Terriers,team1_home,78,76,2,154,0.5779,0.4221,80,79,,,backtest
2026-01-24,Presbyterian Blue Hose,Winthrop Eagles,team1_home,74,78,-4,152,0.3944,0.6056,72,82,,,backtest
2026-01-24,Syracuse Orange,Miami Hurricanes,team1_home,73,80,-7,153,0.2861,0.7139,76,85,,,backtest
2026-01-24,Loyola Maryland Greyhounds,Bucknell Bison,team1_home,79,71,8,150,0.7364,0.2636,67,62,,,backtest
2026-01-24,Dartmouth Big Green,Columbia Lions,team1_home,75,77,-2,152,0.4111,0.5889,69,79,,,backtest
2026-01-24,South Dakota Coyotes,St. Thomas-Minnesota Tommies,team1_home,74,82,-8,156,0.2488,0.7512,78,90,,,backtest
2026-01-24,Ball State Cardinals,Northern Illinois Huskies,team1_home,77,69,8,146,0.7788,0.2212,58,53,,,backtest
2026-01-24,Harvard Crimson,Cornell Big Red,team1_home,78,77,1,155,0.5559,0.4441,79,86,,,backtest
2026-01-24,Pennsylvania Quakers,Yale Bulldogs,team1_home,74,79,-5,153,0.3449,0.6551,60,77,,,backtest
2026-01-24,Maine Black Bears,Binghamton Bearcats,team1_home,74,69,5,143,0.6763,0.3237,79,63,,,backtest
2026-01-24,New Hampshire Wildcats,UAlbany Great Danes,team1_home,73,75,-2,148,0.4163,0.5837,80,72,,,backtest
2026-01-24,Drexel Dragons,Northeastern Huskies,team1_home,78,71,7,149,0.7283,0.2717,83,78,,,backtest
2026-01-24,Samford Bulldogs,Chattanooga Mocs,team1_home,80,74,6,154,0.6985,0.3015,75,64,,,backtest
2026-01-24,Georgia State Panthers,Arkansas State Red Wolves,team1_home,73,79,-6,152,0.2818,0.7182,82,81,,,backtest
2026-01-24,Missouri Tigers,Oklahoma Sooners,team1_home,80,78,2,158,0.5595,0.4405,88,87,,,backtest
2026-01-24,New Mexico State Aggies,Florida International Panthers,team1_home,78,75,3,153,0.6259,0.3741,78,81,,,backtest
2026-01-24,Sam Houston Bearkats,Western Kentucky Hilltoppers,team1_home,81,74,7,155,0.7193,0.2807,73,58,,,backtest
2026-01-24,SE Louisiana Lions,Nicholls Colonels,team1_home,73,73,0,146,0.5052,0.4948,67,61,,,backtest
2026-01-24,SIU Edwardsville Cougars,Tennessee Tech Golden Eagles,team1_home,77,70,7,147,0.7427,0.2573,62,58,,,backtest
2026-01-24,George Washington Revolutionaries,Richmond Spiders,team1_home,81,74,7,155,0.7316,0.2684,85,69,,,backtest
2026-01-24,Colorado Buffaloes,UCF Knights,team1_home,79,79,0,158,0.5243,0.4757,86,95,,,backtest
2026-01-24,Merrimack Warriors,Saint Peter's Peacocks,team1_home,75,70,5,145,0.6667,0.3333,67,59,,,backtest
2026-01-24,Oral Roberts Golden Eagles,North Dakota State Bison,team1_home,71,82,-11,153,0.1609,0.8391,58,86,,,backtest
2026-01-24,Detroit Mercy Titans,Oakland Golden Grizzlies,team1_home,80,78,2,158,0.5392,0.4608,87,95,,,backtest
2026-01-24,Georgia Southern Eagles,Troy Trojans,team1_home,77,78,-1,155,0.4777,0.5223,78,83,,,backtest
2026-01-24,Jacksonville Dolphins,Eastern Kentucky Colonels,team1_home,78,76,2,154,0.5817,0.4183,81,76,,,backtest
2026-01-24,Texas Southern Tigers,Alabama A&M Bulldogs,team1_home,76,75,1,151,0.5118,0.4882,89,74,,,backtest
2026-01-24,Eastern Michigan Eagles,Kent State Golden Flashes,team1_home,75,78,-3,153,0.3999,0.6001,75,76,,,backtest
2026-01-24,McNeese Cowboys,New Orleans Privateers,team1_home,83,68,15,151,0.9112,0.0888,82,63,,,backtest
2026-01-24,Northern Iowa Panthers,Murray State Racers,team1_home,78,73,5,151,0.6639,0.3361,81,76,,,backtest
2026-01-24,Wyoming Cowboys,San José State Spartans,team1_home,82,70,12,152,0.8628,0.1372,66,62,,,backtest
2026-01-24,Wichita State Shockers,Memphis Tigers,team1_home,81,70,11,151,0.8353,0.1647,74,59,,,backtest
2026-01-24,Bethune-Cookman Wildcats,Jackson State Tigers,team1_home,82,70,12,152,0.8685,0.1315,85,48,,,backtest
2026-01-24,UNLV Rebels,San Diego State Aztecs,team1_home,76,78,-2,154,0.464,0.536,71,82,,,backtest
2026-01-24,SMU Mustangs,Florida State Seminoles,team1_home,82,76,6,158,0.7097,0.2903,83,80,,,backtest
2026-01-24,Boise State Broncos,Air Force Falcons,team1_home,87,62,25,149,0.9918,0.0082,96,54,,,backtest
2026-01-24,Denver Pioneers,North Dakota Fighting Hawks,team1_home,82,76,6,158,0.694,0.306,86,93,,,backtest
2026-01-24,Mount St. Mary's Mountaineers,Rider Broncs,team1_home,78,66,12,144,0.886,0.114,71,61,,,backtest
2026-01-24,Lamar Cardinals,Stephen F. Austin Lumberjacks,team1_home,70,77,-7,147,0.2758,0.7242,81,88,,,backtest
2026-01-24,UTEP Miners,Missouri State Bears,team1_home,73,75,-2,148,0.4085,0.5915,57,62,,,backtest
2026-01-24,Rice Owls,Tulsa Golden Hurricane,team1_home,73,80,-7,153,0.2581,0.7419,81,87,,,backtest
2026-01-24,Incarnate Word Cardinals,Texas A&M-Corpus Christi Islanders,team1_home,74,74,0,148,0.4836,0.5164,71,79,,,backtest
2026-01-24,Houston Christian Huskies,UT Rio Grande Valley Vaqueros,team1_home,71,77,-6,148,0.3049,0.6951,51,68,,,backtest
2026-01-24,Davidson Wildcats,VCU Rams,team1_home,74,78,-4,152,0.3689,0.6311,69,75,,,backtest
2026-01-24,DePaul Blue Demons,Seton Hall Pirates,team1_home,72,73,-1,145,0.4652,0.5348,67,60,,,backtest
2026-01-24,Toledo Rockets,Bowling Green Falcons,team1_home,79,76,3,155,0.5874,0.4126,73,72,,,backtest
2026-01-24,UC Davis Aggies,UC Riverside Highlanders,team1_home,81,71,10,152,0.8156,0.1844,74,66,,,backtest
2026-01-24,Idaho Vandals,Portland State Vikings,team1_home,77,73,4,150,0.6233,0.3767,66,69,,,backtest
2026-01-24,Eastern Washington Eagles,Sacramento State Hornets,team1_home,82,74,8,156,0.7537,0.2463,75,67,,,backtest
2026-01-24,Prairie View A&M Panthers,Alabama State Hornets,team1_home,78,73,5,151,0.6832,0.3168,80,95,,,backtest
2026-01-24,Florida A&M Rattlers,Alcorn State Braves,team1_home,78,69,9,147,0.8035,0.1965,66,58,,,backtest
2026-01-24,Washington State Cougars,Pepperdine Waves,team1_home,81,71,10,152,0.8385,0.1615,95,79,,,backtest
2026-01-24,Baylor Bears,TCU Horned Frogs,team1_home,78,77,1,155,0.529,0.471,90,97,,,backtest
2026-01-24,Southern Jaguars,Arkansas-Pine Bluff Golden Lions,team1_home,79,74,5,153,0.679,0.321,74,75,,,backtest
2026-01-24,UCLA Bruins,Northwestern Wildcats,team1_home,80,72,8,152,0.7512,0.2488,71,64,,,backtest
2026-01-24,Notre Dame Fighting Irish,Boston College Eagles,team1_home,77,71,6,148,0.7201,0.2799,68,64,,,backtest
2026-01-24,Western Michigan Broncos,Central Michigan Chippewas,team1_home,77,75,2,152,0.5626,0.4374,77,65,,,backtest
2026-01-24,Montana Grizzlies,Idaho State Bengals,team1_home,79,75,4,154,0.6196,0.3804,69,60,,,backtest
2026-01-25,Lehigh Mountain Hawks,Lafayette Leopards,team1_home,78,71,7,149,0.7235,0.2765,64,59,,,backtest
2026-01-25,Pacific Tigers,Seattle U Redhawks,team1_home,76,70,6,146,0.6813,0.3187,56,54,,,backtest
2026-01-25,Long Beach State Beach,UC Santa Barbara Gauchos,team1_home,73,79,-6,152,0.2974,0.7026,71,74,,,backtest
2026-01-25,Fairfield Stags,Canisius Golden Griffins,team1_home,80,66,14,146,0.9089,0.0911,61,55,,,backtest
2026-01-25,Iona Gaels,Manhattan Jaspers,team1_home,80,71,9,151,0.7833,0.2167,66,57,,,backtest
2026-01-25,Cal Poly Mustangs,Cal State Fullerton Titans,team1_home,78,78,0,156,0.4995,0.5005,78,93,,,backtest
2026-01-25,Fresno State Bulldogs,Grand Canyon Lopes,team1_home,72,76,-4,148,0.3693,0.6307,57,68,,,backtest
2026-01-25,Bradley Braves,UIC Flames,team1_home,77,74,3,151,0.6154,0.3846,70,85,,,backtest
2026-01-25,New Mexico Lobos,Nevada Wolf Pack,team1_home,79,74,5,153,0.6814,0.3186,80,73,,,backtest
2026-01-25,Portland Pilots,Saint Mary's Gaels,team1_home,68,83,-15,151,0.0823,0.9177,69,75,,,backtest
2026-01-25,Stanford Cardinal,California Golden Bears,team1_home,77,75,2,152,0.5903,0.4097,66,78,,,backtest
2026-01-25,Kansas City Roos,Omaha Mavericks,team1_home,70,80,-10,150,0.1802,0.8198,60,77,,,backtest
2026-01-25,Northern Arizona Lumberjacks,Northern Colorado Bears,team1_home,73,80,-7,153,0.2499,0.7501,81,77,,,backtest
2026-01-25,Montana State Bobcats,Weber State Wildcats,team1_home,80,75,5,155,0.6698,0.3302,91,88,,,backtest
2026-01-25,California Baptist Lancers,Utah Valley Wolverines,team1_home,75,74,1,149,0.5394,0.4606,78,71,,,backtest
2026-01-25,Utah Tech Trailblazers,Southern Utah Thunderbirds,team1_home,81,71,10,152,0.8063,0.1937,102,91,,,backtest
2026-01-25,San Diego Toreros,Santa Clara Broncos,team1_home,73,82,-9,155,0.2276,0.7724,73,85,,,backtest
2026-01-25,Arizona State Sun Devils,Cincinnati Bearcats,team1_home,74,76,-2,150,0.4636,0.5364,82,68,,,backtest
2026-01-25,UC San Diego Tritons,UC Irvine Anteaters,team1_home,75,72,3,147,0.6058,0.3942,59,61,,,backtest
2026-01-25,Hawai'i Rainbow Warriors,Cal State Northridge Matadors,team1_home,81,71,10,152,0.811,0.189,89,68,,,backtest
2026-01-24,North Carolina Central Eagles,Delaware State Hornets,team1_home,76,68,8,144,0.7831,0.2169,0,0,,,backtest
2026-01-24,Northwestern State Demons,East Texas A&M Lions,team1_home,75,71,4,146,0.6541,0.3459,0,0,,,backtest
2026-01-25,South Florida Bulls,Florida Atlantic Owls,team1_home,83,73,10,156,0.809,0.191,89,75,,,backtest
2026-01-25,Washington Huskies,Oregon Ducks,team1_home,80,71,9,151,0.8014,0.1986,72,57,,,backtest
2026-01-25,Mercyhurst Lakers,Chicago State Cougars,team1_home,79,67,12,146,0.8805,0.1195,61,59,,,backtest
2026-01-25,Wisconsin Badgers,USC Trojans,team1_home,84,73,11,157,0.8323,0.1677,71,73,,,backtest
2026-01-25,New Haven Chargers,Saint Francis Red Flash,team1_home,76,69,7,145,0.7256,0.2744,0,0,,,backtest
2026-01-25,IU Indianapolis Jaguars,Purdue Fort Wayne Mastodons,team1_home,79,78,1,157,0.5251,0.4749,0,0,,,backtest
2026-01-25,Evansville Purple Aces,Southern Illinois Salukis,team1_home,69,78,-9,147,0.1987,0.8013,0,0,,,backtest
2026-01-27,BYU Cougars,Arizona Wildcats,team1_home,76,81,-5,157,0.349,0.651,83,86,,,backtest
2026-01-27,Duke Blue Devils,Louisville Cardinals,team1_home,82,72,10,154,0.8171,0.1829,83,52,,,backtest
2026-01-26,South Carolina State Bulldogs,Delaware State Hornets,team1_home,74,69,5,143,0.6813,0.3187,70,64,,,backtest
2026-01-26,Fairleigh Dickinson Knights,Le Moyne Dolphins,team1_home,72,75,-3,147,0.4112,0.5888,74,87,,,backtest
2026-01-27,Norfolk State Spartans,Morgan State Bears,team1_home,79,71,8,150,0.7556,0.2444,78,79,,,backtest
2026-01-27,Florida A&M Rattlers,Jackson State Tigers,team1_home,79,70,9,149,0.8018,0.1982,65,66,,,backtest
2026-01-27,Bethune-Cookman Wildcats,Alcorn State Braves,team1_home,81,69,12,150,0.8656,0.1344,82,73,,,backtest
2026-01-27,Ohio State Buckeyes,Penn State Nittany Lions,team1_home,82,72,10,154,0.818,0.182,84,78,,,backtest
2026-01-27,Stonehill Skyhawks,Central Connecticut Blue Devils,team1_home,71,74,-3,145,0.3935,0.6065,61,59,,,backtest
2026-01-27,Texas A&M-Corpus Christi Islanders,UT Rio Grande Valley Vaqueros,team1_home,73,74,-1,147,0.4588,0.5412,55,64,,,backtest
2026-01-27,Prairie View A&M Panthers,Alabama A&M Bulldogs,team1_home,77,74,3,151,0.574,0.426,0,0,,,backtest
2026-01-27,Coppin State Eagles,Howard Bison,team1_home,65,82,-17,147,0.0448,0.9552,0,0,,,backtest
2026-01-27,Long Island University Sharks,Wagner Seahawks,team1_home,78,70,8,148,0.7829,0.2171,0,0,,,backtest
2026-01-27,Lamar Cardinals,East Texas A&M Lions,team1_home,77,69,8,146,0.7953,0.2047,0,0,,,backtest
2026-01-27,Tarleton State Texans,Abilene Christian Wildcats,team1_home,76,71,5,147,0.6743,0.3257,0,0,,,backtest
2026-01-28,UConn Huskies,Providence Friars,team1_home,84,72,12,156,0.8395,0.1605,87,81,,,backtest
2026-01-28,Michigan Wolverines,Nebraska Cornhuskers,team1_home,80,73,7,153,0.7263,0.2737,75,72,,,backtest
2026-01-27,Rutgers Scarlet Knights,Michigan State Spartans,team1_home,70,81,-11,151,0.1632,0.8368,79,88,,,backtest
2026-01-28,Indiana Hoosiers,Purdue Boilermakers,team1_home,77,78,-1,155,0.4918,0.5082,72,67,,,backtest
2026-01-28,Oklahoma Sooners,Arkansas Razorbacks,team1_home,81,79,2,160,0.5829,0.4171,79,83,,,backtest
2026-01-28,Notre Dame Fighting Irish,Virginia Cavaliers,team1_home,72,81,-9,153,0.22,0.78,97,100,,,backtest
2026-01-28,Vanderbilt Commodores,Kentucky Wildcats,team1_home,82,76,6,158,0.7144,0.2856,80,55,,,backtest
2026-01-28,Saint Louis Billikens,George Washington Revolutionaries,team1_home,84,73,11,157,0.8169,0.1831,79,76,,,backtest
2026-01-28,Alabama Crimson Tide,Missouri Tigers,team1_home,83,78,5,161,0.6485,0.3515,90,64,,,backtest
2026-01-28,Miami (OH) RedHawks,Massachusetts Minutemen,team1_home,85,73,12,158,0.8524,0.1476,86,84,,,backtest
2026-01-27,Prairie View A&M Panthers,Alabama A&M Bulldogs,team1_home,77,74,3,151,0.5804,0.4196,60,80,,,backtest
2026-01-27,Texas Southern Tigers,Alabama State Hornets,team1_home,77,73,4,150,0.629,0.371,96,64,,,backtest
2026-01-27,Stephen F. Austin Lumberjacks,Northwestern State Demons,team1_home,82,65,17,147,0.9559,0.0441,69,67,,,backtest
2026-01-27,Nicholls Colonels,New Orleans Privateers,team1_home,76,75,1,151,0.5515,0.4485,62,80,,,backtest
2026-01-27,Pittsburgh Panthers,Wake Forest Demon Deacons,team1_home,76,76,0,152,0.5179,0.4821,80,76,,,backtest
2026-01-28,Lamar Cardinals,East Texas A&M Lions,team1_home,77,69,8,146,0.7886,0.2114,82,61,,,backtest
2026-01-28,VCU Rams,Richmond Spiders,team1_home,83,72,11,155,0.825,0.175,77,69,,,backtest
2026-01-28,Dayton Flyers,Rhode Island Rams,team1_home,77,70,7,147,0.727,0.273,76,81,,,backtest
2026-01-28,UCF Knights,Arizona State Sun Devils,team1_home,82,74,8,156,0.7566,0.2434,79,76,,,backtest
2026-01-28,NC State Wolfpack,Syracuse Orange,team1_home,83,73,10,156,0.7967,0.2033,88,68,,,backtest
2026-01-28,Akron Zips,Toledo Rockets,team1_home,83,75,8,158,0.7599,0.2401,91,81,,,backtest
2026-01-28,Kent State Golden Flashes,Ohio Bobcats,team1_home,83,75,8,158,0.7451,0.2549,72,57,,,backtest
2026-01-28,Central Michigan Chippewas,Eastern Michigan Eagles,team1_home,75,74,1,149,0.5625,0.4375,100,65,,,backtest
2026-01-28,Bowling Green Falcons,Buffalo Bulls,team1_home,79,75,4,154,0.6193,0.3807,78,89,,,backtest
2026-01-28,SE Louisiana Lions,McNeese Cowboys,team1_home,67,80,-13,147,0.1164,0.8836,66,76,,,backtest
2026-01-28,UIC Flames,Indiana State Sycamores,team1_home,79,70,9,149,0.793,0.207,76,74,,,backtest
2026-01-28,Virginia Tech Hokies,Georgia Tech Yellow Jackets,team1_home,81,71,10,152,0.8129,0.1871,71,65,,,backtest
2026-01-28,Houston Christian Huskies,Incarnate Word Cardinals,team1_home,75,73,2,148,0.5791,0.4209,81,75,,,backtest
2026-01-28,Northern Illinois Huskies,Western Michigan Broncos,team1_home,74,76,-2,150,0.4039,0.5961,85,65,,,backtest
2026-01-28,West Virginia Mountaineers,Kansas State Wildcats,team1_home,79,71,8,150,0.7651,0.2349,59,54,,,backtest
2026-01-28,Loyola Chicago Ramblers,Saint Joseph's Hawks,team1_home,71,77,-6,148,0.3069,0.6931,64,85,,,backtest
2026-01-28,Marquette Golden Eagles,Creighton Bluejays,team1_home,77,75,2,152,0.5452,0.4548,86,62,,,backtest
2026-01-28,San José State Spartans,Boise State Broncos,team1_home,73,80,-7,153,0.2726,0.7274,58,89,,,backtest
2026-01-28,Nevada Wolf Pack,Grand Canyon Lopes,team1_home,76,74,2,150,0.5931,0.4069,66,60,,,backtest
2026-01-28,UNLV Rebels,New Mexico Lobos,team1_home,76,79,-3,155,0.3717,0.6283,61,89,,,backtest
2026-01-29,TCU Horned Frogs,Houston Cougars,team1_home,73,77,-4,150,0.3468,0.6532,70,79,,,backtest
2026-01-29,South Carolina Gamecocks,Florida Gators,team1_home,72,82,-10,154,0.198,0.802,48,95,,,backtest
2026-01-29,St. John's Red Storm,Butler Bulldogs,team1_home,83,72,11,155,0.8326,0.1674,92,70,,,backtest
2026-01-28,Southern Jaguars,Mississippi Valley State Delta Devils,team1_home,84,66,18,150,0.9619,0.0381,80,69,,,backtest
2026-01-28,Army Black Knights,Lehigh Mountain Hawks,team1_home,74,76,-2,150,0.445,0.555,67,64,,,backtest
2026-01-28,Cincinnati Bearcats,Baylor Bears,team1_home,77,75,2,152,0.5776,0.4224,67,57,,,backtest
2026-01-29,Southern Illinois Salukis,Northern Iowa Panthers,team1_home,71,73,-2,144,0.4471,0.5529,65,50,,,backtest
2026-01-29,Lafayette Leopards,Bucknell Bison,team1_home,77,71,6,148,0.7113,0.2887,81,79,,,backtest
2026-01-29,Fordham Rams,La Salle Explorers,team1_home,78,67,11,145,0.8607,0.1393,64,58,,,backtest
2026-01-29,Duquesne Dukes,St. Bonaventure Bonnies,team1_home,78,76,2,154,0.5634,0.4366,79,87,,,backtest
2026-01-29,George Mason Patriots,Davidson Wildcats,team1_home,77,71,6,148,0.7067,0.2933,60,52,,,backtest
2026-01-29,East Carolina Pirates,Rice Owls,team1_home,76,75,1,151,0.5196,0.4804,77,83,,,backtest
2026-01-29,Temple Owls,Charlotte 49ers,team1_home,78,73,5,151,0.6655,0.3345,76,80,,,backtest
2026-01-29,Iowa Hawkeyes,USC Trojans,team1_home,83,70,13,153,0.8815,0.1185,73,72,,,backtest
2026-01-29,Colgate Raiders,Holy Cross Crusaders,team1_home,80,70,10,150,0.8197,0.1803,79,74,,,backtest
2026-01-29,Florida State Seminoles,California Golden Bears,team1_home,78,76,2,154,0.5803,0.4197,63,61,,,backtest
2026-01-29,Loyola Maryland Greyhounds,American University Eagles,team1_home,75,76,-1,151,0.4635,0.5365,77,68,,,backtest
2026-01-29,Boston University Terriers,Navy Midshipmen,team1_home,73,77,-4,150,0.367,0.633,50,58,,,backtest
2026-01-29,Purdue Fort Wayne Mastodons,Oakland Golden Grizzlies,team1_home,78,79,-1,157,0.4532,0.5468,65,74,,,backtest
2026-01-29,Robert Morris Colonials,IU Indianapolis Jaguars,team1_home,84,73,11,157,0.8525,0.1475,74,58,,,backtest
2026-01-29,LSU Tigers,Mississippi State Bulldogs,team1_home,83,74,9,157,0.7841,0.2159,66,80,,,backtest
2026-01-29,Georgia Bulldogs,Tennessee Volunteers,team1_home,80,78,2,158,0.5739,0.4261,85,86,,,backtest
2026-01-29,Auburn Tigers,Texas Longhorns,team1_home,81,78,3,159,0.5909,0.4091,88,82,,,backtest
2026-01-29,Bellarmine Knights,West Georgia Wolves,team1_home,81,77,4,158,0.6399,0.3601,77,74,,,backtest
2026-01-29,Eastern Kentucky Colonels,Austin Peay Governors,team1_home,75,81,-6,156,0.3263,0.6737,82,90,,,backtest
2026-01-29,Florida International Panthers,Jacksonville State Gamecocks,team1_home,77,74,3,151,0.6178,0.3822,74,78,,,backtest
2026-01-29,Kennesaw State Owls,Western Kentucky Hilltoppers,team1_home,79,76,3,155,0.6314,0.3686,72,69,,,backtest
2026-01-29,Drake Bulldogs,Evansville Purple Aces,team1_home,81,68,13,149,0.886,0.114,82,78,,,backtest
2026-01-29,Seton Hall Pirates,Xavier Musketeers,team1_home,79,71,8,150,0.7365,0.2635,86,68,,,backtest
2026-01-29,Valparaiso Beacons,Belmont Bruins,team1_home,74,79,-5,153,0.3188,0.6812,77,78,,,backtest
2026-01-29,Tulsa Golden Hurricane,North Texas Mean Green,team1_home,82,69,13,151,0.8991,0.1009,82,66,,,backtest
2026-01-29,UTSA Roadrunners,UAB Blazers,team1_home,69,83,-14,152,0.0962,0.9038,73,83,,,backtest
2026-01-29,Kansas City Roos,Denver Pioneers,team1_home,72,82,-10,154,0.1796,0.8204,61,69,,,backtest
2026-01-29,Omaha Mavericks,South Dakota State Jackrabbits,team1_home,76,76,0,152,0.5024,0.4976,80,71,,,backtest
2026-01-29,Texas State Bobcats,Marshall Thundering Herd,team1_home,76,77,-1,153,0.4821,0.5179,72,68,,,backtest
2026-01-29,Arkansas State Red Wolves,Old Dominion Monarchs,team1_home,82,73,9,155,0.7617,0.2383,71,75,,,backtest
2026-01-29,Missouri State Bears,Sam Houston Bearkats,team1_home,76,78,-2,154,0.4221,0.5779,71,80,,,backtest
2026-01-29,Georgetown Hoyas,DePaul Blue Demons,team1_home,76,72,4,148,0.6526,0.3474,70,61,,,backtest
2026-01-29,Utah State Aggies,Wyoming Cowboys,team1_home,82,72,10,154,0.7975,0.2025,94,62,,,backtest
2026-01-29,Murray State Racers,Illinois State Redbirds,team1_home,78,76,2,154,0.5937,0.4063,65,70,,,backtest
2026-01-29,Pepperdine Waves,San Diego Toreros,team1_home,75,76,-1,151,0.4638,0.5362,88,92,,,backtest
2026-01-29,Tulane Green Wave,South Florida Bulls,team1_home,73,82,-9,155,0.2311,0.7689,83,97,,,backtest
2026-01-29,Wisconsin Badgers,Minnesota Golden Gophers,team1_home,81,72,9,153,0.7828,0.2172,67,63,,,backtest
2026-01-29,Miami Hurricanes,Stanford Cardinal,team1_home,82,72,10,154,0.8081,0.1919,79,70,,,backtest
2026-01-29,New Mexico State Aggies,Delaware Blue Hens,team1_home,79,70,9,149,0.7838,0.2162,64,73,,,backtest
2026-01-29,UTEP Miners,Louisiana Tech Bulldogs,team1_home,72,73,-1,145,0.45,0.55,59,69,,,backtest
2026-01-29,Washington State Cougars,Seattle U Redhawks,team1_home,76,73,3,149,0.6065,0.3935,70,58,,,backtest
2026-01-29,Pacific Tigers,Portland Pilots,team1_home,80,69,11,149,0.8389,0.1611,74,51,,,backtest
2026-01-29,Loyola Marymount Lions,Oregon State Beavers,team1_home,77,72,5,149,0.6505,0.3495,69,72,,,backtest
2026-01-29,San Diego State Aztecs,Colorado State Rams,team1_home,78,75,3,153,0.6105,0.3895,73,50,,,backtest
2026-01-29,Santa Clara Broncos,San Francisco Dons,team1_home,82,73,9,155,0.801,0.199,88,73,,,backtest
2026-01-29,Oregon Ducks,UCLA Bruins,team1_home,72,80,-8,152,0.2468,0.7532,57,73,,,backtest
2026-01-30,Iowa State Cyclones,Colorado Buffaloes,team1_home,84,70,14,154,0.8939,0.1061,97,67,,,backtest
2026-01-30,Illinois Fighting Illini,Washington Huskies,team1_home,83,71,12,154,0.8364,0.1636,75,66,,,backtest
2026-01-29,Furman Paladins,Samford Bulldogs,team1_home,79,75,4,154,0.6348,0.3652,78,73,,,backtest
2026-01-29,New Hampshire Wildcats,UMass Lowell River Hawks,team1_home,73,75,-2,148,0.425,0.575,66,61,,,backtest
2026-01-29,Binghamton Bearcats,Bryant Bulldogs,team1_home,75,71,4,146,0.6614,0.3386,63,60,,,backtest
2026-01-29,Chattanooga Mocs,Wofford Terriers,team1_home,78,78,0,156,0.4948,0.5052,55,81,,,backtest
2026-01-29,UNC Asheville Bulldogs,Gardner-Webb Runnin' Bulldogs,team1_home,84,66,18,150,0.9615,0.0385,69,50,,,backtest
2026-01-29,UAlbany Great Danes,NJIT Highlanders,team1_home,76,70,6,146,0.6999,0.3001,68,77,,,backtest
2026-01-30,Charleston Southern Buccaneers,Radford Highlanders,team1_home,79,76,3,155,0.6147,0.3853,75,84,,,backtest
2026-01-30,South Carolina Upstate Spartans,Longwood Lancers,team1_home,74,77,-3,151,0.4079,0.5921,65,60,,,backtest
2026-01-30,Mercyhurst Lakers,New Haven Chargers,team1_home,76,67,9,143,0.8153,0.1847,70,51,,,backtest
2026-01-30,Long Island University Sharks,Le Moyne Dolphins,team1_home,78,71,7,149,0.749,0.251,83,61,,,backtest
2026-01-30,Stonehill Skyhawks,Fairleigh Dickinson Knights,team1_home,73,70,3,143,0.5873,0.4127,58,57,,,backtest
2026-01-30,Vermont Catamounts,UMBC Retrievers,team1_home,75,74,1,149,0.5179,0.4821,64,55,,,backtest
2026-01-30,Campbell Fighting Camels,Stony Brook Seawolves,team1_home,77,74,3,151,0.6205,0.3795,69,81,,,backtest
2026-01-30,Elon Phoenix,William & Mary Tribe,team1_home,78,79,-1,157,0.4719,0.5281,79,76,,,backtest
2026-01-30,Drexel Dragons,Hampton Pirates,team1_home,75,69,6,144,0.7191,0.2809,58,51,,,backtest
2026-01-30,Monmouth Hawks,North Carolina A&T Aggies,team1_home,79,71,8,150,0.7458,0.2542,83,81,,,backtest
2026-01-30,Hofstra Pride,Charleston Cougars,team1_home,79,71,8,150,0.7744,0.2256,64,66,,,backtest
2026-01-30,The Citadel Bulldogs,VMI Keydets,team1_home,79,73,6,152,0.7074,0.2926,80,56,,,backtest
2026-01-30,Mercer Bears,UNC Greensboro Spartans,team1_home,82,74,8,156,0.754,0.246,95,77,,,backtest
2026-01-30,East Tennessee State Buccaneers,Western Carolina Catamounts,team1_home,82,72,10,154,0.8323,0.1677,88,90,,,backtest
2026-01-30,Troy Trojans,James Madison Dukes,team1_home,79,73,6,152,0.7035,0.2965,64,73,,,backtest
2026-01-30,North Florida Ospreys,Stetson Hatters,team1_home,78,78,0,156,0.4984,0.5016,77,84,,,backtest
2026-01-30,Florida Gulf Coast Eagles,North Alabama Lions,team1_home,82,70,12,152,0.8562,0.1438,72,64,,,backtest
2026-01-30,Jacksonville Dolphins,Lipscomb Bisons,team1_home,75,77,-2,152,0.4098,0.5902,70,65,,,backtest
2026-01-30,Middle Tennessee Blue Raiders,Liberty Flames,team1_home,75,77,-2,152,0.416,0.584,65,81,,,backtest
2026-01-30,Wagner Seahawks,Central Connecticut Blue Devils,team1_home,75,73,2,148,0.5551,0.4449,55,62,,,backtest
2026-01-30,Morehead State Eagles,SIU Edwardsville Cougars,team1_home,75,73,2,148,0.5677,0.4323,67,65,,,backtest
2026-01-30,Memphis Tigers,Florida Atlantic Owls,team1_home,76,76,0,152,0.478,0.522,92,65,,,backtest
2026-01-30,Northwestern Wildcats,Penn State Nittany Lions,team1_home,80,72,8,152,0.772,0.228,94,73,,,backtest
2026-01-30,South Dakota Coyotes,Oral Roberts Golden Eagles,team1_home,80,74,6,154,0.7153,0.2847,77,69,,,backtest
2026-01-30,St. Thomas-Minnesota Tommies,North Dakota Fighting Hawks,team1_home,84,70,14,154,0.8962,0.1038,80,81,,,backtest
2026-01-30,Louisiana Ragin' Cajuns,Georgia State Panthers,team1_home,74,71,3,145,0.5964,0.4036,82,72,,,backtest
2026-01-30,South Alabama Jaguars,Coastal Carolina Chanticleers,team1_home,78,70,8,148,0.754,0.246,53,48,,,backtest
2026-01-30,Southern Miss Golden Eagles,App State Mountaineers,team1_home,74,74,0,148,0.5133,0.4867,63,70,,,backtest
2026-01-30,Northern Arizona Lumberjacks,Eastern Washington Eagles,team1_home,75,79,-4,154,0.3641,0.6359,92,86,,,backtest
2026-01-30,UT Arlington Mavericks,Southern Utah Thunderbirds,team1_home,78,69,9,147,0.7914,0.2086,80,61,,,backtest
2026-01-30,Tarleton State Texans,Utah Valley Wolverines,team1_home,71,79,-8,150,0.2563,0.7437,55,83,,,backtest
2026-01-30,Abilene Christian Wildcats,Utah Tech Trailblazers,team1_home,73,75,-2,148,0.4172,0.5828,70,76,,,backtest
2026-01-30,Eastern Illinois Panthers,UT Martin Skyhawks,team1_home,68,74,-6,142,0.2959,0.7041,68,76,,,backtest
2026-01-30,Western Illinois Leathernecks,Southeast Missouri State Redhawks,team1_home,68,78,-10,146,0.1713,0.8287,74,78,,,backtest
2026-01-30,Tennessee State Tigers,Little Rock Trojans,team1_home,81,68,13,149,0.9009,0.0991,70,63,,,backtest
2026-01-30,High Point Panthers,Presbyterian Blue Hose,team1_home,85,68,17,153,0.9462,0.0538,84,81,,,backtest
2026-01-30,Towson Tigers,UNC Wilmington Seahawks,team1_home,71,75,-4,146,0.3482,0.6518,73,82,,,backtest
2026-01-30,Northern Colorado Bears,Idaho Vandals,team1_home,79,76,3,155,0.6212,0.3788,91,83,,,backtest
2026-01-30,Cal State Bakersfield Roadrunners,Cal Poly Mustangs,team1_home,75,79,-4,154,0.3793,0.6207,79,104,,,backtest
2026-01-30,UC Riverside Highlanders,Long Beach State Beach,team1_home,76,75,1,151,0.53,0.47,71,61,,,backtest
2026-01-30,Cal State Northridge Matadors,UC Davis Aggies,team1_home,78,76,2,154,0.5573,0.4427,94,78,,,backtest
2026-01-30,UC San Diego Tritons,UC Santa Barbara Gauchos,team1_home,77,74,3,151,0.583,0.417,48,62,,,backtest
2026-01-30,Sacramento State Hornets,Montana State Bobcats,team1_home,74,80,-6,154,0.3032,0.6968,83,80,,,backtest
2026-01-30,Portland State Vikings,Montana Grizzlies,team1_home,78,72,6,150,0.6942,0.3058,60,64,,,backtest
2026-01-30,UC Irvine Anteaters,Hawai'i Rainbow Warriors,team1_home,74,74,0,148,0.4828,0.5172,87,76,,,backtest
2026-01-30,UL Monroe Warhawks,Georgia Southern Eagles,team1_home,73,83,-10,156,0.2028,0.7972,0,0,,,backtest
2026-01-31,Michigan State Spartans,Michigan Wolverines,team1_home,76,78,-2,154,0.4202,0.5798,71,83,,,backtest
2026-01-31,Saint Louis Billikens,Dayton Flyers,team1_home,82,71,11,153,0.8481,0.1519,102,71,,,backtest
2026-01-30,UL Monroe Warhawks,Georgia Southern Eagles,neutral,72,84,-12,156,0.133,0.867,76,79,,,backtest
2026-01-30,Cornell Big Red,Princeton Tigers,team1_home,82,72,10,154,0.8119,0.1881,87,64,,,backtest
2026-01-30,Akron Zips,Kent State Golden Flashes,team1_home,84,75,9,159,0.794,0.206,69,52,,,backtest
2026-01-30,Youngstown State Penguins,IU Indianapolis Jaguars,team1_home,83,74,9,157,0.7847,0.2153,85,76,,,backtest
2026-01-30,Niagara Purple Eagles,Siena Saints,team1_home,68,77,-9,145,0.1877,0.8123,79,82,,,backtest
2026-01-31,Charlotte 49ers,Rice Owls,team1_home,79,72,7,151,0.7245,0.2755,80,70,,,backtest
2026-01-31,Iona Gaels,Fairfield Stags,team1_home,76,74,2,150,0.5738,0.4262,70,71,,,backtest
2026-01-31,Villanova Wildcats,Providence Friars,team1_home,82,75,7,157,0.7077,0.2923,87,73,,,backtest
2026-01-31,Quinnipiac Bobcats,Sacred Heart Pioneers,team1_home,78,73,5,151,0.6819,0.3181,91,98,,,backtest
2026-01-31,Yale Bulldogs,Dartmouth Big Green,team1_home,83,69,14,152,0.8963,0.1037,83,68,,,backtest
2026-01-31,Green Bay Phoenix,Cleveland State Vikings,team1_home,81,76,5,157,0.6758,0.3242,82,89,,,backtest
2026-01-31,Detroit Mercy Titans,Northern Kentucky Norse,team1_home,78,79,-1,157,0.4598,0.5402,90,77,,,backtest
2026-01-31,Canisius Golden Griffins,Marist Red Foxes,team1_home,67,76,-9,143,0.1941,0.8059,86,88,,,backtest
2026-01-31,Manhattan Jaspers,Rider Broncs,team1_home,80,69,11,149,0.8566,0.1434,95,90,,,backtest
2026-01-31,Brown Bears,Harvard Crimson,team1_home,70,76,-6,146,0.3001,0.6999,59,69,,,backtest
2026-01-31,Columbia Lions,Pennsylvania Quakers,team1_home,77,74,3,151,0.5819,0.4181,72,67,,,backtest
2026-01-31,Milwaukee Panthers,Wright State Raiders,team1_home,75,80,-5,155,0.339,0.661,69,76,,,backtest
2026-01-31,Saint Peter's Peacocks,Mount St. Mary's Mountaineers,team1_home,76,69,7,145,0.7373,0.2627,66,58,,,backtest
2026-01-31,VCU Rams,Loyola Chicago Ramblers,team1_home,85,67,18,152,0.9549,0.0451,89,75,,,backtest
2026-01-31,Grand Canyon Lopes,Boise State Broncos,team1_home,77,73,4,150,0.6377,0.3623,86,69,,,backtest
2026-01-31,Nevada Wolf Pack,UNLV Rebels,team1_home,81,74,7,155,0.7251,0.2749,89,76,,,backtest
2026-01-31,Arizona State Sun Devils,Arizona Wildcats,team1_home,71,83,-12,154,0.1398,0.8602,74,87,,,backtest
2026-02-01,Creighton Bluejays,UConn Huskies,team1_home,72,79,-7,151,0.2515,0.7485,58,85,,,backtest
2026-01-31,Virginia Tech Hokies,Duke Blue Devils,team1_home,71,81,-10,152,0.1867,0.8133,58,72,,,backtest
2026-02-01,Gonzaga Bulldogs,Saint Mary's Gaels,team1_home,79,72,7,151,0.7309,0.2691,73,65,,,backtest
2026-01-31,Houston Cougars,Cincinnati Bearcats,team1_home,80,67,13,147,0.8788,0.1212,76,54,,,backtest
2026-01-31,UCF Knights,Texas Tech Red Raiders,team1_home,78,79,-1,157,0.4595,0.5405,88,80,,,backtest
2026-01-31,Kansas Jayhawks,BYU Cougars,team1_home,77,76,1,153,0.5322,0.4678,90,82,,,backtest
2026-01-31,Arkansas Razorbacks,Kentucky Wildcats,team1_home,82,78,4,160,0.646,0.354,77,85,,,backtest
2026-01-31,Georgia Tech Yellow Jackets,North Carolina Tar Heels,team1_home,72,80,-8,152,0.2239,0.7761,75,91,,,backtest
2026-01-31,Boston College Eagles,Virginia Cavaliers,team1_home,68,80,-12,148,0.1373,0.8627,66,73,,,backtest
2026-01-31,Vanderbilt Commodores,Ole Miss Rebels,team1_home,84,72,12,156,0.8548,0.1452,71,68,,,backtest
2026-01-31,Louisville Cardinals,SMU Mustangs,team1_home,83,76,7,159,0.7245,0.2755,88,74,,,backtest
2026-01-31,Clemson Tigers,Pittsburgh Panthers,team1_home,80,68,12,148,0.8621,0.1379,63,52,,,backtest
2026-01-31,Miami (OH) RedHawks,Northern Illinois Huskies,team1_home,87,65,22,152,0.9817,0.0183,85,61,,,backtest
2026-01-31,Winthrop Eagles,UNC Asheville Bulldogs,team1_home,81,72,9,153,0.7802,0.2198,84,71,,,backtest
2026-01-31,Seton Hall Pirates,Marquette Golden Eagles,team1_home,77,70,7,147,0.7394,0.2606,69,64,,,backtest
2026-01-31,Butler Bulldogs,Georgetown Hoyas,team1_home,78,75,3,153,0.6068,0.3932,64,77,,,backtest
2026-01-31,Wake Forest Demon Deacons,NC State Wolfpack,team1_home,77,80,-3,157,0.3801,0.6199,78,96,,,backtest
2026-01-31,Toledo Rockets,Ball State Cardinals,team1_home,81,69,12,150,0.8678,0.1322,73,55,,,backtest
2026-01-31,William & Mary Tribe,Campbell Fighting Camels,team1_home,82,74,8,156,0.7527,0.2473,96,104,,,backtest
2026-01-31,Elon Phoenix,Stony Brook Seawolves,team1_home,78,73,5,151,0.6673,0.3327,68,72,,,backtest
2026-01-31,The Citadel Bulldogs,UNC Greensboro Spartans,team1_home,75,79,-4,154,0.3616,0.6384,71,66,,,backtest
2026-01-31,Indiana State Sycamores,Valparaiso Beacons,team1_home,74,75,-1,149,0.4558,0.5442,72,76,,,backtest
2026-01-31,Army Black Knights,Holy Cross Crusaders,team1_home,76,73,3,149,0.5957,0.4043,69,68,,,backtest
2026-01-31,Utah State Aggies,San Diego State Aztecs,team1_home,81,73,8,154,0.7673,0.2327,71,66,,,backtest
2026-01-31,Xavier Musketeers,DePaul Blue Demons,team1_home,77,74,3,151,0.5997,0.4003,68,66,,,backtest
2026-01-31,Purdue Fort Wayne Mastodons,Robert Morris Colonials,team1_home,74,79,-5,153,0.3196,0.6804,83,71,,,backtest
2026-01-31,Le Moyne Dolphins,Stonehill Skyhawks,team1_home,77,68,9,145,0.7921,0.2079,54,65,,,backtest
2026-01-31,Wagner Seahawks,Fairleigh Dickinson Knights,team1_home,77,70,7,147,0.7475,0.2525,75,72,,,backtest
2026-01-31,South Carolina Gamecocks,LSU Tigers,team1_home,77,78,-1,155,0.4806,0.5194,87,92,,,backtest
2026-01-31,Georgia Bulldogs,Texas A&M Aggies,team1_home,83,78,5,161,0.6499,0.3501,77,92,,,backtest
2026-01-31,Lehigh Mountain Hawks,Colgate Raiders,team1_home,76,76,0,152,0.5043,0.4957,77,76,,,backtest
2026-01-31,American University Eagles,Lafayette Leopards,team1_home,79,71,8,150,0.7675,0.2325,65,67,,,backtest
2026-01-31,George Washington Revolutionaries,Fordham Rams,team1_home,79,71,8,150,0.7594,0.2406,65,79,,,backtest
2026-01-31,Wisconsin Badgers,Ohio State Buckeyes,team1_home,80,77,3,157,0.5926,0.4074,92,82,,,backtest
2026-01-31,Bucknell Bison,Boston University Terriers,team1_home,72,79,-7,151,0.2669,0.7331,103,97,,,backtest
2026-01-31,Presbyterian Blue Hose,Radford Highlanders,team1_home,76,76,0,152,0.5125,0.4875,84,93,,,backtest
2026-01-31,Chicago State Cougars,Mercyhurst Lakers,team1_home,70,76,-6,146,0.2921,0.7079,78,74,,,backtest
2026-01-31,Buffalo Bulls,Ohio Bobcats,team1_home,82,74,8,156,0.7502,0.2498,83,95,,,backtest
2026-01-31,Central Connecticut Blue Devils,Long Island University Sharks,team1_home,74,75,-1,149,0.4623,0.5377,59,80,,,backtest
2026-01-31,UMass Lowell River Hawks,Maine Black Bears,team1_home,76,69,7,145,0.715,0.285,91,77,,,backtest
2026-01-31,Northeastern Huskies,Charleston Cougars,team1_home,75,78,-3,153,0.4015,0.5985,84,89,,,backtest
2026-01-31,Drexel Dragons,North Carolina A&T Aggies,team1_home,77,71,6,148,0.6847,0.3153,61,60,,,backtest
2026-01-31,Towson Tigers,Hampton Pirates,team1_home,76,69,7,145,0.7468,0.2532,82,50,,,backtest
2026-01-31,Monmouth Hawks,Hofstra Pride,team1_home,73,75,-2,148,0.4207,0.5793,57,73,,,backtest
2026-01-31,Mercer Bears,VMI Keydets,team1_home,84,69,15,153,0.9052,0.0948,95,81,,,backtest
2026-01-31,Texas State Bobcats,Old Dominion Monarchs,team1_home,78,73,5,151,0.6808,0.3192,81,64,,,backtest
2026-01-31,Oklahoma Sooners,Texas Longhorns,team1_home,80,78,2,158,0.5914,0.4086,69,79,,,backtest
2026-01-31,Stetson Hatters,North Alabama Lions,team1_home,78,72,6,150,0.6988,0.3012,66,68,,,backtest
2026-01-31,North Florida Ospreys,Lipscomb Bisons,team1_home,75,82,-7,157,0.2858,0.7142,94,100,,,backtest
2026-01-31,La Salle Explorers,Saint Joseph's Hawks,team1_home,71,76,-5,147,0.3076,0.6924,58,67,,,backtest
2026-01-31,Longwood Lancers,High Point Panthers,team1_home,72,83,-11,155,0.1844,0.8156,59,71,,,backtest
2026-01-31,Air Force Falcons,Fresno State Bulldogs,team1_home,67,80,-13,147,0.1127,0.8873,62,79,,,backtest
2026-01-31,South Dakota State Jackrabbits,Oral Roberts Golden Eagles,team1_home,81,71,10,152,0.8275,0.1725,95,72,,,backtest
2026-01-31,Arkansas State Red Wolves,Marshall Thundering Herd,team1_home,80,77,3,157,0.5969,0.4031,61,70,,,backtest
2026-01-31,Southern Miss Golden Eagles,James Madison Dukes,team1_home,76,75,1,151,0.5342,0.4658,73,65,,,backtest
2026-01-31,Weber State Wildcats,Idaho State Bengals,team1_home,80,75,5,155,0.6819,0.3181,81,79,,,backtest
2026-01-31,Jacksonville Dolphins,Florida Gulf Coast Eagles,team1_home,75,76,-1,151,0.4605,0.5395,49,68,,,backtest
2026-01-31,UT Arlington Mavericks,California Baptist Lancers,team1_home,71,73,-2,144,0.4208,0.5792,77,87,,,backtest
2026-01-31,Missouri State Bears,Jacksonville State Gamecocks,team1_home,76,73,3,149,0.6212,0.3788,74,67,,,backtest
2026-01-31,Alabama State Hornets,Bethune-Cookman Wildcats,team1_home,75,75,0,150,0.4887,0.5113,54,69,,,backtest
2026-01-31,Missouri Tigers,Mississippi State Bulldogs,team1_home,83,73,10,156,0.8046,0.1954,84,79,,,backtest
2026-01-31,Northern Iowa Panthers,Evansville Purple Aces,team1_home,82,62,20,144,0.9794,0.0206,71,55,,,backtest
2026-01-31,Howard Bison,Norfolk State Spartans,team1_home,80,68,12,148,0.8525,0.1475,88,60,,,backtest
2026-01-31,West Virginia Mountaineers,Baylor Bears,team1_home,77,74,3,151,0.5778,0.4222,53,63,,,backtest
2026-01-31,Mississippi Valley State Delta Devils,Arkansas-Pine Bluff Golden Lions,team1_home,70,80,-10,150,0.1843,0.8157,70,78,,,backtest
2026-01-31,Jackson State Tigers,Grambling Tigers,team1_home,72,76,-4,148,0.3323,0.6677,66,69,,,backtest
2026-01-31,Miami Hurricanes,California Golden Bears,team1_home,82,72,10,154,0.7973,0.2027,85,86,,,backtest
2026-01-31,Navy Midshipmen,Loyola Maryland Greyhounds,team1_home,83,68,15,151,0.9222,0.0778,87,71,,,backtest
2026-01-31,Denver Pioneers,Omaha Mavericks,team1_home,81,76,5,157,0.654,0.346,82,84,,,backtest
2026-01-31,Bryant Bulldogs,New Hampshire Wildcats,team1_home,73,71,2,144,0.5788,0.4212,92,84,,,backtest
2026-01-31,Long Beach State Beach,Hawai'i Rainbow Warriors,team1_home,71,80,-9,151,0.2356,0.7644,82,89,,,backtest
2026-01-31,Louisiana Ragin' Cajuns,Georgia Southern Eagles,team1_home,73,78,-5,151,0.3317,0.6683,69,60,,,backtest
2026-01-31,Northern Colorado Bears,Eastern Washington Eagles,team1_home,82,75,7,157,0.7317,0.2683,74,71,,,backtest
2026-01-31,Abilene Christian Wildcats,Southern Utah Thunderbirds,team1_home,76,72,4,148,0.6373,0.3627,76,79,,,backtest
2026-01-31,Middle Tennessee Blue Raiders,Western Kentucky Hilltoppers,team1_home,77,75,2,152,0.5653,0.4347,60,65,,,backtest
2026-01-31,Tennessee Tech Golden Eagles,Little Rock Trojans,team1_home,77,71,6,148,0.6868,0.3132,87,77,,,backtest
2026-01-31,Richmond Spiders,Davidson Wildcats,team1_home,76,74,2,150,0.5919,0.4081,54,79,,,backtest
2026-01-31,Coppin State Eagles,Morgan State Bears,team1_home,72,77,-5,149,0.3398,0.6602,80,89,,,backtest
2026-01-31,Texas A&M-Corpus Christi Islanders,Houston Christian Huskies,team1_home,76,69,7,145,0.7492,0.2508,73,71,,,backtest
2026-01-31,Vermont Catamounts,NJIT Highlanders,team1_home,80,66,14,146,0.9084,0.0916,77,79,,,backtest
2026-01-31,Troy Trojans,App State Mountaineers,team1_home,77,72,5,149,0.682,0.318,44,66,,,backtest
2026-01-31,Central Arkansas Bears,Eastern Kentucky Colonels,team1_home,83,73,10,156,0.803,0.197,90,81,,,backtest
2026-01-31,West Georgia Wolves,Austin Peay Governors,team1_home,74,80,-6,154,0.3106,0.6894,78,81,,,backtest
2026-01-31,Western Illinois Leathernecks,UT Martin Skyhawks,team1_home,66,77,-11,143,0.1436,0.8564,44,84,,,backtest
2026-01-31,Eastern Illinois Panthers,Southeast Missouri State Redhawks,team1_home,70,75,-5,145,0.3291,0.6709,59,77,,,backtest
2026-01-31,Alcorn State Braves,Southern Jaguars,team1_home,73,78,-5,151,0.3202,0.6798,78,73,,,backtest
2026-01-31,Delaware State Hornets,Maryland Eastern Shore Hawks,team1_home,70,70,0,140,0.5038,0.4962,65,57,,,backtest
2026-01-31,UCLA Bruins,Indiana Hoosiers,team1_home,79,75,4,154,0.6426,0.3574,97,98,,,backtest
2026-01-31,Cal State Bakersfield Roadrunners,UC Davis Aggies,team1_home,73,80,-7,153,0.2685,0.7315,72,80,,,backtest
2026-01-31,Incarnate Word Cardinals,UT Rio Grande Valley Vaqueros,team1_home,72,77,-5,149,0.3216,0.6784,93,106,,,backtest
2026-01-31,Portland State Vikings,Montana State Bobcats,team1_home,76,74,2,150,0.5683,0.4317,63,54,,,backtest
2026-01-31,Tarleton State Texans,Utah Tech Trailblazers,team1_home,75,76,-1,151,0.4897,0.5103,59,65,,,backtest
2026-01-31,Kennesaw State Owls,New Mexico State Aggies,team1_home,79,75,4,154,0.6444,0.3556,76,53,,,backtest
2026-01-31,Prairie View A&M Panthers,Texas Southern Tigers,team1_home,79,74,5,153,0.6586,0.3414,85,78,,,backtest
2026-01-31,Alabama A&M Bulldogs,Florida A&M Rattlers,team1_home,77,71,6,148,0.7003,0.2997,72,65,,,backtest
2026-01-31,Drake Bulldogs,Bradley Braves,team1_home,75,77,-2,152,0.4317,0.5683,73,87,,,backtest
2026-01-31,Washington State Cougars,Portland Pilots,team1_home,80,72,8,152,0.775,0.225,104,74,,,backtest
2026-01-31,San Diego Toreros,Oregon State Beavers,team1_home,76,75,1,151,0.5385,0.4615,76,78,,,backtest
2026-01-31,Syracuse Orange,Notre Dame Fighting Irish,team1_home,78,74,4,152,0.6367,0.3633,86,72,,,backtest
2026-01-31,Brown Bears,Dartmouth Big Green,team1_home,75,74,1,149,0.5368,0.4632,70,77,,,backtest
2026-01-31,Columbia Lions,Princeton Tigers,team1_home,79,71,8,150,0.7599,0.2401,68,80,,,backtest
2026-01-31,South Dakota Coyotes,North Dakota State Bison,team1_home,74,81,-7,155,0.2451,0.7549,84,89,,,backtest
2026-01-31,Massachusetts Minutemen,Eastern Michigan Eagles,team1_home,79,72,7,151,0.7397,0.2603,70,67,,,backtest
2026-01-31,Cornell Big Red,Pennsylvania Quakers,team1_home,81,76,5,157,0.6672,0.3328,81,91,,,backtest
2026-01-31,Stephen F. Austin Lumberjacks,SE Louisiana Lions,team1_home,82,65,17,147,0.9521,0.0479,85,58,,,backtest
2026-01-31,New Orleans Privateers,Northwestern State Demons,team1_home,78,71,7,149,0.7419,0.2581,75,64,,,backtest
2026-01-31,East Texas A&M Lions,Nicholls Colonels,team1_home,74,74,0,148,0.4769,0.5231,68,72,,,backtest
2026-01-31,Utah Utes,Oklahoma State Cowboys,team1_home,78,80,-2,158,0.4197,0.5803,69,81,,,backtest
2026-01-31,Florida State Seminoles,Stanford Cardinal,team1_home,79,76,3,155,0.5896,0.4104,88,80,,,backtest
2026-01-31,St. Bonaventure Bonnies,George Mason Patriots,team1_home,76,76,0,152,0.4772,0.5228,73,77,,,backtest
2026-02-01,Southern Illinois Salukis,UIC Flames,team1_home,75,73,2,148,0.559,0.441,66,68,,,backtest
2026-02-01,USC Trojans,Rutgers Scarlet Knights,team1_home,79,73,6,152,0.7144,0.2856,78,75,,,backtest
2026-02-01,Central Michigan Chippewas,Bowling Green Falcons,team1_home,73,78,-5,151,0.3426,0.6574,62,59,,,backtest
2026-02-01,Yale Bulldogs,Harvard Crimson,team1_home,80,71,9,151,0.8009,0.1991,65,67,,,backtest
2026-02-01,Saint Francis Red Flash,New Haven Chargers,team1_home,73,73,0,146,0.4873,0.5127,69,81,,,backtest
2026-02-01,UAlbany Great Danes,UMBC Retrievers,team1_home,70,79,-9,149,0.2262,0.7738,65,68,,,backtest
2026-02-01,Lamar Cardinals,McNeese Cowboys,team1_home,70,78,-8,148,0.2339,0.7661,63,64,,,backtest
2026-02-01,Belmont Bruins,Murray State Racers,team1_home,83,76,7,159,0.7293,0.2707,103,86,,,backtest
2026-02-01,North Texas Mean Green,UAB Blazers,team1_home,74,74,0,148,0.4831,0.5169,68,72,,,backtest
2026-02-01,Northwestern Wildcats,Washington Huskies,team1_home,77,75,2,152,0.5676,0.4324,62,76,,,backtest
2026-02-01,UC Riverside Highlanders,Cal Poly Mustangs,team1_home,76,77,-1,153,0.4731,0.5269,87,94,,,backtest
2026-02-01,Cal State Northridge Matadors,UC San Diego Tritons,team1_home,76,77,-1,153,0.4664,0.5336,81,64,,,backtest
2026-02-01,South Alabama Jaguars,Georgia State Panthers,team1_home,80,68,12,148,0.8762,0.1238,69,67,,,backtest
2026-02-01,Northern Arizona Lumberjacks,Idaho Vandals,team1_home,72,80,-8,152,0.2364,0.7636,62,79,,,backtest
2026-02-01,Temple Owls,South Florida Bulls,team1_home,75,79,-4,154,0.3613,0.6387,79,78,,,backtest
2026-02-01,Tennessee Volunteers,Auburn Tigers,team1_home,82,75,7,157,0.7286,0.2714,77,69,,,backtest
2026-02-01,Loyola Marymount Lions,Santa Clara Broncos,team1_home,73,79,-6,152,0.3024,0.6976,73,104,,,backtest
2026-02-01,UC Santa Barbara Gauchos,Cal State Fullerton Titans,team1_home,81,74,7,155,0.7395,0.2605,83,69,,,backtest
2026-02-01,UTEP Miners,Delaware Blue Hens,team1_home,74,72,2,146,0.5823,0.4177,70,55,,,backtest
2026-02-01,Wyoming Cowboys,Colorado State Rams,team1_home,77,76,1,153,0.5328,0.4672,68,57,,,backtest
2026-02-01,San José State Spartans,New Mexico Lobos,team1_home,72,81,-9,153,0.1981,0.8019,80,90,,,backtest
2026-02-01,San Francisco Dons,Pacific Tigers,team1_home,76,74,2,150,0.5858,0.4142,87,82,,,backtest
2026-02-01,Sacramento State Hornets,Montana Grizzlies,team1_home,76,78,-2,154,0.4312,0.5688,86,79,,,backtest
2026-02-01,Sam Houston Bearkats,Louisiana Tech Bulldogs,team1_home,80,70,10,150,0.8042,0.1958,83,67,,,backtest
2026-01-31,South Carolina State Bulldogs,North Carolina Central Eagles,team1_home,74,74,0,148,0.498,0.502,0,0,,,backtest
2026-02-01,Nebraska Cornhuskers,Illinois Fighting Illini,team1_home,77,77,0,154,0.4987,0.5013,69,78,,,backtest
2026-02-01,Kansas State Wildcats,Iowa State Cyclones,team1_home,71,83,-12,154,0.1438,0.8562,61,95,,,backtest
2026-02-01,Maryland Terrapins,Purdue Boilermakers,team1_home,71,80,-9,151,0.2213,0.7787,63,93,,,backtest
2026-02-01,Florida Gators,Alabama Crimson Tide,team1_home,84,77,7,161,0.6989,0.3011,100,77,,,backtest
2026-02-01,Duquesne Dukes,Rhode Island Rams,team1_home,76,73,3,149,0.604,0.396,76,61,,,backtest
2026-02-01,Merrimack Warriors,Sacred Heart Pioneers,team1_home,78,71,7,149,0.7189,0.2811,75,58,,,backtest
2026-02-01,Canisius Golden Griffins,Siena Saints,team1_home,67,77,-10,144,0.1555,0.8445,63,78,,,backtest
2026-02-01,Western Carolina Catamounts,Samford Bulldogs,team1_home,78,78,0,156,0.5108,0.4892,74,88,,,backtest
2026-02-01,Furman Paladins,Chattanooga Mocs,team1_home,80,73,7,153,0.739,0.261,75,70,,,backtest
2026-02-01,St. Thomas-Minnesota Tommies,Kansas City Roos,team1_home,87,64,23,151,0.9864,0.0136,99,64,,,backtest
2026-02-01,Tulsa Golden Hurricane,Wichita State Shockers,team1_home,81,74,7,155,0.738,0.262,93,83,,,backtest
2026-02-01,Florida Atlantic Owls,East Carolina Pirates,team1_home,81,71,10,152,0.8166,0.1834,75,76,,,backtest
2026-02-01,Colorado Buffaloes,TCU Horned Frogs,team1_home,77,78,-1,155,0.4715,0.5285,87,61,,,backtest
2026-02-01,Penn State Nittany Lions,Minnesota Golden Gophers,team1_home,74,77,-3,151,0.4234,0.5766,77,75,,,backtest
2026-02-01,Rider Broncs,Saint Peter's Peacocks,team1_home,68,77,-9,145,0.1753,0.8247,81,78,,,backtest
2026-02-01,Fairfield Stags,Quinnipiac Bobcats,team1_home,76,73,3,149,0.626,0.374,65,72,,,backtest
2026-02-01,Green Bay Phoenix,Wright State Raiders,team1_home,77,78,-1,155,0.4442,0.5558,75,83,,,backtest
2026-02-01,Niagara Purple Eagles,Marist Red Foxes,team1_home,68,75,-7,143,0.2309,0.7691,46,58,,,backtest
2026-02-01,Mount St. Mary's Mountaineers,Manhattan Jaspers,team1_home,76,72,4,148,0.6547,0.3453,72,65,,,backtest
2026-02-01,UL Monroe Warhawks,Coastal Carolina Chanticleers,team1_home,72,78,-6,150,0.2918,0.7082,79,83,,,backtest
2026-02-01,Memphis Tigers,Tulane Green Wave,team1_home,77,73,4,150,0.6303,0.3697,76,78,,,backtest
2026-02-01,Milwaukee Panthers,Cleveland State Vikings,team1_home,82,76,6,158,0.6931,0.3069,88,90,,,backtest
2026-02-01,Oakland Golden Grizzlies,Northern Kentucky Norse,team1_home,80,80,0,160,0.5063,0.4937,76,65,,,backtest
2026-02-02,Wofford Terriers,East Tennessee State Buccaneers,team1_home,76,79,-3,155,0.4014,0.5986,72,86,,,backtest
2026-02-02,Oregon Ducks,Iowa Hawkeyes,team1_home,70,80,-10,150,0.1922,0.8078,66,84,,,backtest
2026-02-03,Texas Tech Red Raiders,Kansas Jayhawks,team1_home,79,74,5,153,0.6446,0.3554,61,64,,,backtest
2026-02-03,North Carolina Tar Heels,Syracuse Orange,team1_home,81,71,10,152,0.8139,0.1861,87,77,,,backtest
2026-02-02,North Carolina Central Eagles,Maryland Eastern Shore Hawks,team1_home,75,70,5,145,0.682,0.318,65,63,,,backtest
2026-02-02,Coppin State Eagles,Howard Bison,team1_home,65,82,-17,147,0.0433,0.9567,53,72,,,backtest
2026-02-03,Alabama State Hornets,Florida A&M Rattlers,team1_home,75,73,2,148,0.5745,0.4255,79,66,,,backtest
2026-02-03,Holy Cross Crusaders,Boston University Terriers,team1_home,73,78,-5,151,0.3378,0.6622,64,72,,,backtest
2026-02-03,Lamar Cardinals,SE Louisiana Lions,team1_home,76,68,8,144,0.7654,0.2346,73,54,,,backtest
2026-02-03,UT Rio Grande Valley Vaqueros,Houston Christian Huskies,team1_home,80,68,12,148,0.8665,0.1335,74,57,,,backtest
2026-02-03,Northwestern State Demons,Nicholls Colonels,team1_home,74,74,0,148,0.5131,0.4869,58,61,,,backtest
2026-02-03,Stephen F. Austin Lumberjacks,McNeese Cowboys,team1_home,75,74,1,149,0.5466,0.4534,67,60,,,backtest
2026-02-03,East Texas A&M Lions,New Orleans Privateers,team1_home,74,76,-2,150,0.4214,0.5786,85,94,,,backtest
2026-02-03,Alabama A&M Bulldogs,Bethune-Cookman Wildcats,team1_home,77,74,3,151,0.6004,0.3996,62,80,,,backtest
2026-02-03,Jackson State Tigers,Southern Jaguars,team1_home,74,79,-5,153,0.3289,0.6711,91,96,,,backtest
2026-02-03,Alcorn State Braves,Grambling Tigers,team1_home,71,76,-5,147,0.3338,0.6662,50,74,,,backtest
2026-02-03,Tennessee State Tigers,Tennessee Tech Golden Eagles,team1_home,81,70,11,151,0.8403,0.1597,85,90,,,backtest
2026-02-03,Texas A&M-Corpus Christi Islanders,Incarnate Word Cardinals,team1_home,77,71,6,148,0.7201,0.2799,69,71,,,backtest
2026-02-03,Sacramento State Hornets,Weber State Wildcats,team1_home,76,80,-4,156,0.3694,0.6306,104,90,,,backtest
2026-02-03,Portland State Vikings,Idaho State Bengals,team1_home,79,72,7,151,0.7228,0.2772,88,65,,,backtest
2026-02-04,UConn Huskies,Xavier Musketeers,team1_home,84,69,15,153,0.9122,0.0878,92,60,,,backtest
2026-02-04,Duke Blue Devils,Boston College Eagles,team1_home,86,62,24,148,0.9909,0.0091,67,49,,,backtest
2026-02-04,Virginia Cavaliers,Pittsburgh Panthers,team1_home,83,68,15,151,0.9271,0.0729,67,47,,,backtest
2026-02-04,Davidson Wildcats,Saint Louis Billikens,team1_home,72,80,-8,152,0.2289,0.7711,82,91,,,backtest
2026-02-04,DePaul Blue Demons,St. John's Red Storm,team1_home,72,78,-6,150,0.296,0.704,56,68,,,backtest
2026-02-03,Buffalo Bulls,Miami (OH) RedHawks,team1_home,77,80,-3,157,0.399,0.601,71,73,,,backtest
2026-02-04,Tennessee Volunteers,Ole Miss Rebels,team1_home,83,70,13,153,0.8683,0.1317,84,66,,,backtest
2026-02-03,Eastern Michigan Eagles,Akron Zips,team1_home,71,82,-11,153,0.1565,0.8435,64,66,,,backtest
2026-02-03,Niagara Purple Eagles,Canisius Golden Griffins,team1_home,74,69,5,143,0.6663,0.3337,65,56,,,backtest
2026-02-04,Illinois State Redbirds,Southern Illinois Salukis,team1_home,77,71,6,148,0.7108,0.2892,50,54,,,backtest
2026-02-04,Fordham Rams,VCU Rams,team1_home,72,78,-6,150,0.3224,0.6776,59,63,,,backtest
2026-02-04,Dayton Flyers,St. Bonaventure Bonnies,team1_home,79,73,6,152,0.6951,0.3049,72,70,,,backtest
2026-02-04,Ohio Bobcats,Western Michigan Broncos,team1_home,80,74,6,154,0.7115,0.2885,91,71,,,backtest
2026-02-04,Toledo Rockets,Kent State Golden Flashes,team1_home,81,78,3,159,0.626,0.374,72,75,,,backtest
2026-02-04,Massachusetts Minutemen,Central Michigan Chippewas,team1_home,81,72,9,153,0.7864,0.2136,95,89,,,backtest
2026-02-04,Bowling Green Falcons,Ball State Cardinals,team1_home,80,68,12,148,0.8717,0.1283,77,52,,,backtest
2026-02-04,Texas Longhorns,South Carolina Gamecocks,team1_home,82,73,9,155,0.776,0.224,84,75,,,backtest
2026-02-04,Evansville Purple Aces,Indiana State Sycamores,team1_home,72,76,-4,148,0.3413,0.6587,63,84,,,backtest
2026-02-04,Murray State Racers,UIC Flames,team1_home,79,75,4,154,0.6594,0.3406,81,74,,,backtest
2026-02-04,Bradley Braves,Valparaiso Beacons,team1_home,78,72,6,150,0.686,0.314,72,65,,,backtest
2026-02-04,Loyola Chicago Ramblers,La Salle Explorers,team1_home,75,72,3,147,0.5931,0.4069,71,61,,,backtest
2026-02-04,UT Martin Skyhawks,Little Rock Trojans,team1_home,77,67,10,144,0.8366,0.1634,55,52,,,backtest
2026-02-04,Belmont Bruins,Drake Bulldogs,team1_home,84,71,13,155,0.8695,0.1305,103,90,,,backtest
2026-02-04,Boise State Broncos,Nevada Wolf Pack,team1_home,77,75,2,152,0.5821,0.4179,91,87,,,backtest
2026-02-04,SMU Mustangs,NC State Wolfpack,team1_home,81,79,2,160,0.5711,0.4289,83,84,,,backtest
2026-02-04,Grand Canyon Lopes,Air Force Falcons,team1_home,86,61,25,147,0.9954,0.0046,81,57,,,backtest
2026-02-04,UCLA Bruins,Rutgers Scarlet Knights,team1_home,83,69,14,152,0.9037,0.0963,98,66,,,backtest
2026-02-04,USC Trojans,Indiana Hoosiers,team1_home,76,79,-3,155,0.3993,0.6007,81,75,,,backtest
2026-02-04,Fresno State Bulldogs,UNLV Rebels,team1_home,76,76,0,152,0.5095,0.4905,98,96,,,backtest
2026-02-04,San Diego State Aztecs,Wyoming Cowboys,team1_home,79,74,5,153,0.6701,0.3299,72,63,,,backtest
2026-02-05,Illinois Fighting Illini,Northwestern Wildcats,team1_home,82,71,11,153,0.836,0.164,84,44,,,backtest
2026-02-05,Portland Pilots,Gonzaga Bulldogs,team1_home,67,84,-17,151,0.0584,0.9416,87,80,,,backtest
2026-02-05,Houston Cougars,UCF Knights,team1_home,83,70,13,153,0.8667,0.1333,79,55,,,backtest
2026-02-05,Minnesota Golden Gophers,Michigan State Spartans,team1_home,72,77,-5,149,0.3333,0.6667,76,73,,,backtest
2026-02-05,Oklahoma State Cowboys,BYU Cougars,team1_home,78,81,-3,159,0.3803,0.6197,99,92,,,backtest
2026-02-05,Stanford Cardinal,Clemson Tigers,team1_home,74,76,-2,150,0.4414,0.5586,64,66,,,backtest
2026-02-05,Louisville Cardinals,Notre Dame Fighting Irish,team1_home,84,71,13,155,0.8874,0.1126,76,65,,,backtest
2026-02-04,VMI Keydets,Wofford Terriers,team1_home,73,80,-7,153,0.2587,0.7413,67,81,,,backtest
2026-02-04,UNC Greensboro Spartans,Western Carolina Catamounts,team1_home,78,78,0,156,0.5304,0.4696,81,78,,,backtest
2026-02-04,UNC Asheville Bulldogs,South Carolina Upstate Spartans,team1_home,78,71,7,149,0.7221,0.2779,76,67,,,backtest
2026-02-04,Villanova Wildcats,Seton Hall Pirates,team1_home,77,71,6,148,0.7004,0.2996,72,60,,,backtest
2026-02-04,App State Mountaineers,South Alabama Jaguars,team1_home,75,72,3,147,0.5811,0.4189,65,57,,,backtest
2026-02-05,American University Eagles,Bucknell Bison,team1_home,80,68,12,148,0.8506,0.1494,59,60,,,backtest
2026-02-05,Saint Joseph's Hawks,George Washington Revolutionaries,team1_home,75,77,-2,152,0.4285,0.5715,76,73,,,backtest
2026-02-05,George Mason Patriots,Duquesne Dukes,team1_home,79,72,7,151,0.7477,0.2523,65,71,,,backtest
2026-02-05,South Florida Bulls,UTSA Roadrunners,team1_home,88,66,22,154,0.9806,0.0194,109,88,,,backtest
2026-02-05,Florida Atlantic Owls,Tulsa Golden Hurricane,team1_home,75,81,-6,156,0.3065,0.6935,76,78,,,backtest
2026-02-05,Colgate Raiders,Army Black Knights,team1_home,81,71,10,152,0.8142,0.1858,69,55,,,backtest
2026-02-05,Radford Highlanders,Winthrop Eagles,team1_home,78,79,-1,157,0.4678,0.5322,78,80,,,backtest
2026-02-05,Gardner-Webb Runnin' Bulldogs,Longwood Lancers,team1_home,68,83,-15,151,0.0921,0.9079,66,86,,,backtest
2026-02-05,High Point Panthers,Charleston Southern Buccaneers,team1_home,86,71,15,157,0.9127,0.0873,80,55,,,backtest
2026-02-05,Providence Friars,Butler Bulldogs,team1_home,82,77,5,159,0.6565,0.3435,97,87,,,backtest
2026-02-05,Loyola Maryland Greyhounds,Lehigh Mountain Hawks,team1_home,76,75,1,151,0.5211,0.4789,89,84,,,backtest
2026-02-05,Lafayette Leopards,Navy Midshipmen,team1_home,69,79,-10,148,0.1657,0.8343,50,65,,,backtest
2026-02-05,South Dakota State Jackrabbits,St. Thomas-Minnesota Tommies,team1_home,74,80,-6,154,0.3321,0.6679,62,77,,,backtest
2026-02-05,Purdue Fort Wayne Mastodons,Youngstown State Penguins,team1_home,76,77,-1,153,0.4588,0.5412,61,90,,,backtest
2026-02-05,Cleveland State Vikings,Oakland Golden Grizzlies,team1_home,80,80,0,160,0.4954,0.5046,91,78,,,backtest
2026-02-05,Robert Morris Colonials,Wright State Raiders,team1_home,78,76,2,154,0.5737,0.4263,72,66,,,backtest
2026-02-05,Northern Kentucky Norse,Green Bay Phoenix,team1_home,81,75,6,156,0.7032,0.2968,84,87,,,backtest
2026-02-05,East Tennessee State Buccaneers,Furman Paladins,team1_home,79,72,7,151,0.7326,0.2674,75,71,,,backtest
2026-02-05,Old Dominion Monarchs,UL Monroe Warhawks,team1_home,83,71,12,154,0.8523,0.1477,79,85,,,backtest
2026-02-05,Marshall Thundering Herd,Southern Miss Golden Eagles,team1_home,80,74,6,154,0.7198,0.2802,81,77,,,backtest
2026-02-05,James Madison Dukes,Louisiana Ragin' Cajuns,team1_home,79,68,11,147,0.852,0.148,61,64,,,backtest
2026-02-05,Georgia State Panthers,Troy Trojans,team1_home,71,79,-8,150,0.2461,0.7539,63,74,,,backtest
2026-02-05,Georgia Southern Eagles,Texas State Bobcats,team1_home,78,74,4,152,0.6503,0.3497,71,77,,,backtest
2026-02-05,Coastal Carolina Chanticleers,Arkansas State Red Wolves,team1_home,75,77,-2,152,0.4328,0.5672,66,70,,,backtest
2026-02-05,Alabama Crimson Tide,Texas A&M Aggies,team1_home,83,80,3,163,0.5857,0.4143,100,97,,,backtest
2026-02-05,Delaware Blue Hens,Liberty Flames,team1_home,72,79,-7,151,0.2601,0.7399,69,75,,,backtest
2026-02-05,Northwestern State Demons,East Texas A&M Lions,team1_home,75,71,4,146,0.6541,0.3459,68,74,,,backtest
2026-02-05,Wichita State Shockers,Charlotte 49ers,team1_home,81,71,10,152,0.7995,0.2005,74,64,,,backtest
2026-02-05,Grambling Tigers,Arkansas-Pine Bluff Golden Lions,team1_home,77,72,5,149,0.6944,0.3056,64,67,,,backtest
2026-02-05,Georgetown Hoyas,Creighton Bluejays,team1_home,77,74,3,151,0.5926,0.4074,76,68,,,backtest
2026-02-05,Central Arkansas Bears,North Alabama Lions,team1_home,83,69,14,152,0.9206,0.0794,81,60,,,backtest
2026-02-05,Middle Tennessee Blue Raiders,Florida International Panthers,team1_home,78,75,3,153,0.6109,0.3891,84,88,,,backtest
2026-02-05,Sam Houston Bearkats,UTEP Miners,team1_home,82,68,14,150,0.907,0.093,70,66,,,backtest
2026-02-05,Louisiana Tech Bulldogs,New Mexico State Aggies,team1_home,74,73,1,147,0.5336,0.4664,63,72,,,backtest
2026-02-05,Rice Owls,North Texas Mean Green,team1_home,74,74,0,148,0.4889,0.5111,86,83,,,backtest
2026-02-05,Baylor Bears,Colorado Buffaloes,team1_home,82,77,5,159,0.6686,0.3314,86,67,,,backtest
2026-02-05,South Carolina State Bulldogs,Maryland Eastern Shore Hawks,team1_home,73,71,2,144,0.5815,0.4185,63,54,,,backtest
2026-02-05,California Golden Bears,Georgia Tech Yellow Jackets,team1_home,81,71,10,152,0.806,0.194,90,85,,,backtest
2026-02-05,Kansas City Roos,South Dakota Coyotes,team1_home,72,81,-9,153,0.1986,0.8014,75,82,,,backtest
2026-02-05,Milwaukee Panthers,Detroit Mercy Titans,team1_home,78,77,1,155,0.5379,0.4621,63,76,,,backtest
2026-02-05,Austin Peay Governors,Lipscomb Bisons,team1_home,80,74,6,154,0.6831,0.3169,87,76,,,backtest
2026-02-05,Utah Utes,Arizona State Sun Devils,team1_home,77,77,0,154,0.5017,0.4983,63,71,,,backtest
2026-02-05,Kentucky Wildcats,Oklahoma Sooners,team1_home,81,77,4,158,0.6351,0.3649,94,78,,,backtest
2026-02-05,Pacific Tigers,Santa Clara Broncos,team1_home,75,78,-3,153,0.4026,0.5974,56,71,,,backtest
2026-02-05,Saint Mary's Gaels,San Diego Toreros,team1_home,85,66,19,151,0.9616,0.0384,87,60,,,backtest
2026-02-05,Seattle U Redhawks,Pepperdine Waves,team1_home,79,68,11,147,0.8348,0.1652,83,81,,,backtest
2026-02-05,San Francisco Dons,Loyola Marymount Lions,team1_home,78,72,6,150,0.6709,0.3291,75,84,,,backtest
2026-02-05,Washington Huskies,Iowa Hawkeyes,team1_home,74,77,-3,151,0.387,0.613,74,84,,,backtest
2026-02-05,New Mexico Lobos,Utah State Aggies,team1_home,77,77,0,154,0.5031,0.4969,66,86,,,backtest
2026-02-05,Oregon State Beavers,Washington State Cougars,team1_home,76,75,1,151,0.5298,0.4702,74,64,,,backtest
2026-02-05,Michigan Wolverines,Penn State Nittany Lions,team1_home,85,69,16,154,0.9228,0.0772,110,69,,,backtest
2026-02-05,Maine Black Bears,Vermont Catamounts,team1_home,68,76,-8,144,0.2193,0.7807,76,70,,,backtest
2026-02-05,UMBC Retrievers,Binghamton Bearcats,team1_home,84,65,19,149,0.9725,0.0275,79,62,,,backtest
2026-02-05,Bryant Bulldogs,UAlbany Great Danes,team1_home,71,75,-4,146,0.3853,0.6147,63,65,,,backtest
2026-02-06,Cincinnati Bearcats,West Virginia Mountaineers,team1_home,74,71,3,145,0.6126,0.3874,54,59,,,backtest
2026-02-06,Sacred Heart Pioneers,Fairfield Stags,team1_home,75,76,-1,151,0.4779,0.5221,87,92,,,backtest
2026-02-06,Siena Saints,Iona Gaels,team1_home,77,70,7,147,0.7404,0.2596,79,72,,,backtest
2026-02-06,Mount St. Mary's Mountaineers,Merrimack Warriors,team1_home,71,73,-2,144,0.4241,0.5759,70,87,,,backtest
2026-02-06,Quinnipiac Bobcats,Canisius Golden Griffins,team1_home,79,66,13,145,0.8861,0.1139,75,60,,,backtest
2026-02-06,Marist Red Foxes,Rider Broncs,team1_home,81,62,19,143,0.9783,0.0217,81,52,,,backtest
2026-02-06,Manhattan Jaspers,Saint Peter's Peacocks,team1_home,73,75,-2,148,0.4314,0.5686,75,80,,,backtest
2026-02-06,Central Connecticut Blue Devils,Chicago State Cougars,team1_home,80,68,12,148,0.8741,0.1259,78,67,,,backtest
2026-02-06,Mercyhurst Lakers,Saint Francis Red Flash,team1_home,80,68,12,148,0.8868,0.1132,98,89,,,backtest
2026-02-06,Long Island University Sharks,New Haven Chargers,team1_home,79,66,13,145,0.8921,0.1079,60,55,,,backtest
2026-02-06,Wagner Seahawks,Le Moyne Dolphins,team1_home,75,73,2,148,0.5685,0.4315,79,78,,,backtest
2026-02-06,Fairleigh Dickinson Knights,Stonehill Skyhawks,team1_home,73,70,3,143,0.6488,0.3512,74,58,,,backtest
2026-02-06,NJIT Highlanders,UMass Lowell River Hawks,team1_home,74,74,0,148,0.5204,0.4796,81,56,,,backtest
2026-02-06,Hofstra Pride,Northeastern Huskies,team1_home,83,69,14,152,0.9091,0.0909,80,63,,,backtest
2026-02-06,Stony Brook Seawolves,Monmouth Hawks,team1_home,74,74,0,148,0.4826,0.5174,75,76,,,backtest
2026-02-06,Campbell Fighting Camels,Drexel Dragons,team1_home,75,73,2,148,0.5687,0.4313,81,60,,,backtest
2026-02-06,UNC Wilmington Seahawks,William & Mary Tribe,team1_home,80,73,7,153,0.7309,0.2691,78,85,,,backtest
2026-02-06,Charleston Cougars,North Carolina A&T Aggies,team1_home,80,72,8,152,0.7439,0.2561,78,62,,,backtest
2026-02-06,Hampton Pirates,Elon Phoenix,team1_home,75,76,-1,151,0.4719,0.5281,87,79,,,backtest
2026-02-06,Chattanooga Mocs,Mercer Bears,team1_home,77,79,-2,156,0.4333,0.5667,79,75,,,backtest
2026-02-06,Bellarmine Knights,Stetson Hatters,team1_home,80,76,4,156,0.6528,0.3472,92,71,,,backtest
2026-02-06,West Georgia Wolves,North Florida Ospreys,team1_home,82,75,7,157,0.7385,0.2615,73,81,,,backtest
2026-02-06,Eastern Kentucky Colonels,Florida Gulf Coast Eagles,team1_home,78,78,0,156,0.4751,0.5249,76,74,,,backtest
2026-02-06,North Dakota State Bison,Denver Pioneers,team1_home,82,74,8,156,0.7734,0.2266,71,78,,,backtest
2026-02-06,North Dakota Fighting Hawks,Omaha Mavericks,team1_home,77,76,1,153,0.5511,0.4489,76,73,,,backtest
2026-02-06,Samford Bulldogs,The Citadel Bulldogs,team1_home,83,70,13,153,0.8963,0.1037,78,64,,,backtest
2026-02-06,Utah Valley Wolverines,Abilene Christian Wildcats,team1_home,82,67,15,149,0.9271,0.0729,68,55,,,backtest
2026-02-06,Maryland Terrapins,Ohio State Buckeyes,team1_home,72,80,-8,152,0.2176,0.7824,62,82,,,backtest
2026-02-06,Tennessee Tech Golden Eagles,Western Illinois Leathernecks,team1_home,80,67,13,147,0.893,0.107,97,72,,,backtest
2026-02-06,Southeast Missouri State Redhawks,Morehead State Eagles,team1_home,77,73,4,150,0.6369,0.3631,82,70,,,backtest
2026-02-06,Tennessee State Tigers,Eastern Illinois Panthers,team1_home,82,66,16,148,0.935,0.065,77,68,,,backtest
2026-02-06,UAB Blazers,Memphis Tigers,team1_home,80,72,8,152,0.7553,0.2447,80,90,,,backtest
2026-02-06,UC Davis Aggies,UC Santa Barbara Gauchos,team1_home,76,77,-1,153,0.4655,0.5345,85,75,,,backtest
2026-02-06,Weber State Wildcats,Northern Colorado Bears,team1_home,79,78,1,157,0.5085,0.4915,74,88,,,backtest
2026-02-06,Idaho State Bengals,Northern Arizona Lumberjacks,team1_home,80,71,9,151,0.7976,0.2024,73,79,,,backtest
2026-02-06,Montana State Bobcats,Idaho Vandals,team1_home,78,75,3,153,0.5868,0.4132,73,66,,,backtest
2026-02-06,Montana Grizzlies,Eastern Washington Eagles,team1_home,79,76,3,155,0.5895,0.4105,74,82,,,backtest
2026-02-06,Utah Tech Trailblazers,UT Arlington Mavericks,team1_home,76,72,4,148,0.6363,0.3637,87,84,,,backtest
2026-02-06,Western Kentucky Hilltoppers,Jacksonville State Gamecocks,team1_home,77,73,4,150,0.6496,0.3504,66,71,,,backtest
2026-02-06,Cal State Fullerton Titans,UC Riverside Highlanders,team1_home,82,72,10,154,0.7943,0.2057,78,72,,,backtest
2026-02-06,Cal Poly Mustangs,Cal State Northridge Matadors,team1_home,77,77,0,154,0.5166,0.4834,96,97,,,backtest
2026-02-06,UC Irvine Anteaters,Cal State Bakersfield Roadrunners,team1_home,82,67,15,149,0.9226,0.0774,78,62,,,backtest
2026-02-06,UC San Diego Tritons,Long Beach State Beach,team1_home,80,69,11,149,0.8384,0.1616,77,74,,,backtest
2026-02-06,California Baptist Lancers,Tarleton State Texans,team1_home,79,68,11,147,0.8569,0.1431,56,55,,,backtest
2026-02-07,St. John's Red Storm,UConn Huskies,team1_home,76,75,1,151,0.5218,0.4782,81,72,,,backtest
2026-02-06,Davidson Wildcats,Loyola Chicago Ramblers,team1_home,80,67,13,147,0.8926,0.1074,84,64,,,backtest
2026-02-07,VCU Rams,Dayton Flyers,team1_home,80,73,7,153,0.7348,0.2652,99,73,,,backtest
2026-02-07,Yale Bulldogs,Brown Bears,team1_home,84,66,18,150,0.961,0.039,81,69,,,backtest
2026-02-07,Valparaiso Beacons,Evansville Purple Aces,team1_home,81,66,15,147,0.9231,0.0769,70,63,,,backtest
2026-02-07,Southern Illinois Salukis,Murray State Racers,team1_home,76,76,0,152,0.4877,0.5123,81,91,,,backtest
2026-02-07,Illinois State Redbirds,Drake Bulldogs,team1_home,80,71,9,151,0.7767,0.2233,86,76,,,backtest
2026-02-07,Northern Iowa Panthers,Bradley Braves,team1_home,77,71,6,148,0.7031,0.2969,61,49,,,backtest
2026-02-07,UIC Flames,Belmont Bruins,team1_home,75,78,-3,153,0.3928,0.6072,62,68,,,backtest
2026-02-07,Arizona Wildcats,Oklahoma State Cowboys,team1_home,86,71,15,157,0.9121,0.0879,84,47,,,backtest
2026-02-07,North Carolina Tar Heels,Duke Blue Devils,team1_home,73,80,-7,153,0.2649,0.7351,71,68,,,backtest
2026-02-08,Michigan State Spartans,Illinois Fighting Illini,team1_home,77,78,-1,155,0.4676,0.5324,85,82,,,backtest
2026-02-07,Oregon State Beavers,Gonzaga Bulldogs,team1_home,68,83,-15,151,0.0948,0.9052,61,81,,,backtest
2026-02-07,Iowa State Cyclones,Baylor Bears,team1_home,83,71,12,154,0.8601,0.1399,72,69,,,backtest
2026-02-08,BYU Cougars,Houston Cougars,team1_home,76,78,-2,154,0.4243,0.5757,66,77,,,backtest
2026-02-07,Rutgers Scarlet Knights,Nebraska Cornhuskers,team1_home,69,81,-12,150,0.1423,0.8577,68,80,,,backtest
2026-02-07,Kansas Jayhawks,Utah Utes,team1_home,82,70,12,152,0.8775,0.1225,71,59,,,backtest
2026-02-07,Purdue Boilermakers,Oregon Ducks,team1_home,83,69,14,152,0.8884,0.1116,68,64,,,backtest
2026-02-07,Vanderbilt Commodores,Oklahoma Sooners,team1_home,82,77,5,159,0.6389,0.3611,91,92,,,backtest
2026-02-08,Texas A&M Aggies,Florida Gators,team1_home,78,82,-4,160,0.3696,0.6304,67,86,,,backtest
2026-02-07,Virginia Cavaliers,Syracuse Orange,team1_home,83,69,14,152,0.8926,0.1074,72,59,,,backtest
2026-02-07,Saint Louis Billikens,La Salle Explorers,team1_home,86,65,21,151,0.9788,0.0212,82,58,,,backtest
2026-02-08,California Golden Bears,Clemson Tigers,team1_home,74,76,-2,150,0.4601,0.5399,55,77,,,backtest
2026-02-07,Mississippi State Bulldogs,Arkansas Razorbacks,team1_home,76,82,-6,158,0.3073,0.6927,68,88,,,backtest
2026-02-07,Marshall Thundering Herd,Miami (OH) RedHawks,team1_home,77,81,-4,158,0.391,0.609,74,90,,,backtest
2026-02-07,Wake Forest Demon Deacons,Louisville Cardinals,team1_home,74,81,-7,155,0.271,0.729,80,88,,,backtest
2026-02-08,Kentucky Wildcats,Tennessee Volunteers,team1_home,77,77,0,154,0.508,0.492,74,71,,,backtest
2026-02-07,East Carolina Pirates,Temple Owls,team1_home,73,77,-4,150,0.3402,0.6598,73,81,,,backtest
2026-02-07,Army Black Knights,Lafayette Leopards,team1_home,76,74,2,150,0.5615,0.4385,60,63,,,backtest
2026-02-07,Indiana Hoosiers,Wisconsin Badgers,team1_home,78,78,0,156,0.5163,0.4837,78,77,,,backtest
2026-02-07,Georgetown Hoyas,Villanova Wildcats,team1_home,74,77,-3,151,0.4016,0.5984,73,80,,,backtest
2026-02-07,NC State Wolfpack,Virginia Tech Hokies,team1_home,82,75,7,157,0.7197,0.2803,82,73,,,backtest
2026-02-07,Elon Phoenix,Drexel Dragons,team1_home,76,73,3,149,0.6154,0.3846,77,82,,,backtest
2026-02-07,Coastal Carolina Chanticleers,Massachusetts Minutemen,team1_home,76,76,0,152,0.4993,0.5007,94,91,,,backtest
2026-02-07,App State Mountaineers,Eastern Michigan Eagles,team1_home,77,70,7,147,0.7594,0.2406,65,60,,,backtest
2026-02-07,New Haven Chargers,Chicago State Cougars,team1_home,74,69,5,143,0.7131,0.2869,57,63,,,backtest
2026-02-07,Boston University Terriers,Loyola Maryland Greyhounds,team1_home,81,72,9,153,0.7773,0.2227,78,69,,,backtest
2026-02-07,Central Connecticut Blue Devils,Wagner Seahawks,team1_home,76,72,4,148,0.6578,0.3422,84,67,,,backtest
2026-02-07,Le Moyne Dolphins,Saint Francis Red Flash,team1_home,81,69,12,150,0.8711,0.1289,86,84,,,backtest
2026-02-07,VMI Keydets,East Tennessee State Buccaneers,team1_home,69,81,-12,150,0.1424,0.8576,70,87,,,backtest
2026-02-07,South Carolina Gamecocks,Missouri Tigers,team1_home,76,78,-2,154,0.4358,0.5642,59,78,,,backtest
2026-02-07,Delaware Blue Hens,Middle Tennessee Blue Raiders,team1_home,74,76,-2,150,0.4381,0.5619,89,88,,,backtest
2026-02-07,Vermont Catamounts,New Hampshire Wildcats,team1_home,82,65,17,147,0.95,0.05,80,57,,,backtest
2026-02-07,Georgia State Panthers,Northern Illinois Huskies,team1_home,77,70,7,147,0.7619,0.2381,74,75,,,backtest
2026-02-07,Rhode Island Rams,Richmond Spiders,team1_home,75,74,1,149,0.5562,0.4438,82,77,,,backtest
2026-02-07,Duquesne Dukes,George Washington Revolutionaries,team1_home,76,79,-3,155,0.4024,0.5976,88,86,,,backtest
2026-02-07,Fordham Rams,St. Bonaventure Bonnies,team1_home,76,73,3,149,0.5765,0.4235,67,70,,,backtest
2026-02-07,UTSA Roadrunners,North Texas Mean Green,team1_home,68,79,-11,147,0.1672,0.8328,58,81,,,backtest
2026-02-07,TCU Horned Frogs,Kansas State Wildcats,team1_home,82,72,10,154,0.8102,0.1898,84,82,,,backtest
2026-02-07,Holy Cross Crusaders,Lehigh Mountain Hawks,team1_home,74,75,-1,149,0.4499,0.5501,76,67,,,backtest
2026-02-07,Winthrop Eagles,Longwood Lancers,team1_home,81,74,7,155,0.7275,0.2725,79,74,,,backtest
2026-02-07,Presbyterian Blue Hose,Gardner-Webb Runnin' Bulldogs,team1_home,83,66,17,149,0.9592,0.0408,68,62,,,backtest
2026-02-07,South Carolina Upstate Spartans,Charleston Southern Buccaneers,team1_home,74,78,-4,152,0.3733,0.6267,100,94,,,backtest
2026-02-07,Marquette Golden Eagles,Butler Bulldogs,team1_home,77,76,1,153,0.5316,0.4684,70,55,,,backtest
2026-02-07,Pittsburgh Panthers,SMU Mustangs,team1_home,74,80,-6,154,0.3227,0.6773,67,86,,,backtest
2026-02-07,Boston College Eagles,Miami Hurricanes,team1_home,69,80,-11,149,0.1643,0.8357,68,74,,,backtest
2026-02-07,Columbia Lions,Cornell Big Red,team1_home,79,79,0,158,0.4866,0.5134,67,88,,,backtest
2026-02-07,North Dakota Fighting Hawks,Denver Pioneers,team1_home,79,79,0,158,0.4893,0.5107,79,98,,,backtest
2026-02-07,North Dakota State Bison,Omaha Mavericks,team1_home,83,70,13,153,0.8731,0.1269,92,84,,,backtest
2026-02-07,IU Indianapolis Jaguars,Cleveland State Vikings,team1_home,82,79,3,161,0.6127,0.3873,82,74,,,backtest
2026-02-07,Green Bay Phoenix,Detroit Mercy Titans,team1_home,79,76,3,155,0.6214,0.3786,76,63,,,backtest
2026-02-07,Saint Peter's Peacocks,Siena Saints,team1_home,72,73,-1,145,0.4484,0.5516,70,65,,,backtest
2026-02-07,Quinnipiac Bobcats,Niagara Purple Eagles,team1_home,79,68,11,147,0.8647,0.1353,56,55,,,backtest
2026-02-07,Manhattan Jaspers,Sacred Heart Pioneers,team1_home,76,76,0,152,0.4973,0.5027,80,68,,,backtest
2026-02-07,Pennsylvania Quakers,Princeton Tigers,team1_home,78,70,8,148,0.7734,0.2266,61,60,,,backtest
2026-02-07,North Carolina A&T Aggies,Campbell Fighting Camels,team1_home,77,76,1,153,0.5498,0.4502,71,79,,,backtest
2026-02-07,Chattanooga Mocs,The Citadel Bulldogs,team1_home,81,71,10,152,0.836,0.164,71,78,,,backtest
2026-02-07,Texas Longhorns,Ole Miss Rebels,team1_home,82,74,8,156,0.7788,0.2212,79,68,,,backtest
2026-02-07,West Georgia Wolves,Jacksonville Dolphins,team1_home,77,74,3,151,0.6042,0.3958,87,73,,,backtest
2026-02-07,Bellarmine Knights,Florida Gulf Coast Eagles,team1_home,80,77,3,157,0.5904,0.4096,81,65,,,backtest
2026-02-07,Liberty Flames,Missouri State Bears,team1_home,81,72,9,153,0.7811,0.2189,79,76,,,backtest
2026-02-07,Hampton Pirates,William & Mary Tribe,team1_home,73,78,-5,151,0.3517,0.6483,77,74,,,backtest
2026-02-07,Texas State Bobcats,Western Michigan Broncos,team1_home,80,71,9,151,0.7759,0.2241,77,61,,,backtest
2026-02-07,Southern Miss Golden Eagles,Kent State Golden Flashes,team1_home,77,78,-1,155,0.4802,0.5198,66,65,,,backtest
2026-02-07,UL Monroe Warhawks,Ball State Cardinals,team1_home,73,75,-2,148,0.4388,0.5612,68,73,,,backtest
2026-02-07,Arkansas State Red Wolves,Bowling Green Falcons,team1_home,78,76,2,154,0.5855,0.4145,91,54,,,backtest
2026-02-07,Western Kentucky Hilltoppers,Florida International Panthers,team1_home,79,75,4,154,0.6389,0.3611,80,70,,,backtest
2026-02-07,Louisiana Tech Bulldogs,Sam Houston Bearkats,team1_home,73,77,-4,150,0.382,0.618,87,78,,,backtest
2026-02-07,Fairleigh Dickinson Knights,Mercyhurst Lakers,team1_home,71,74,-3,145,0.3967,0.6033,55,52,,,backtest
2026-02-07,South Alabama Jaguars,Buffalo Bulls,team1_home,78,75,3,153,0.6072,0.3928,81,69,,,backtest
2026-02-07,Louisiana Ragin' Cajuns,Central Michigan Chippewas,team1_home,74,73,1,147,0.5308,0.4692,85,80,,,backtest
2026-02-07,James Madison Dukes,Toledo Rockets,team1_home,78,77,1,155,0.5212,0.4788,73,71,,,backtest
2026-02-07,George Mason Patriots,Saint Joseph's Hawks,team1_home,78,70,8,148,0.7427,0.2573,60,52,,,backtest
2026-02-07,Cal State Northridge Matadors,UC Riverside Highlanders,team1_home,81,72,9,153,0.7826,0.2174,88,74,,,backtest
2026-02-07,Providence Friars,DePaul Blue Demons,team1_home,80,74,6,154,0.7146,0.2854,90,72,,,backtest
2026-02-07,Notre Dame Fighting Irish,Florida State Seminoles,team1_home,77,77,0,154,0.4958,0.5042,79,82,,,backtest
2026-02-07,Navy Midshipmen,American University Eagles,team1_home,80,69,11,149,0.8463,0.1537,82,73,,,backtest
2026-02-07,Long Island University Sharks,Stonehill Skyhawks,team1_home,79,66,13,145,0.9032,0.0968,61,54,,,backtest
2026-02-07,Bryant Bulldogs,Maine Black Bears,team1_home,71,71,0,142,0.5078,0.4922,73,67,,,backtest
2026-02-07,NJIT Highlanders,Binghamton Bearcats,team1_home,76,70,6,146,0.7007,0.2993,73,64,,,backtest
2026-02-07,Hofstra Pride,Towson Tigers,team1_home,78,68,10,146,0.8078,0.1922,71,49,,,backtest
2026-02-07,Stony Brook Seawolves,Northeastern Huskies,team1_home,78,73,5,151,0.6731,0.3269,69,55,,,backtest
2026-02-07,Wofford Terriers,Western Carolina Catamounts,team1_home,81,76,5,157,0.6538,0.3462,77,66,,,backtest
2026-02-07,Auburn Tigers,Alabama Crimson Tide,team1_home,82,79,3,161,0.5868,0.4132,92,96,,,backtest
2026-02-07,UT Martin Skyhawks,Morehead State Eagles,team1_home,76,71,5,147,0.6708,0.3292,55,61,,,backtest
2026-02-07,Little Rock Trojans,SIU Edwardsville Cougars,team1_home,71,74,-3,145,0.3819,0.6181,61,71,,,backtest
2026-02-07,Tennessee Tech Golden Eagles,Eastern Illinois Panthers,team1_home,77,69,8,146,0.7598,0.2402,54,60,,,backtest
2026-02-07,Utah Valley Wolverines,UT Arlington Mavericks,team1_home,79,68,11,147,0.8346,0.1654,81,60,,,backtest
2026-02-07,Howard Bison,South Carolina State Bulldogs,team1_home,84,64,20,148,0.9782,0.0218,85,57,,,backtest
2026-02-07,Norfolk State Spartans,North Carolina Central Eagles,team1_home,79,70,9,149,0.7845,0.2155,75,68,,,backtest
2026-02-07,UNLV Rebels,Grand Canyon Lopes,team1_home,76,77,-1,153,0.4504,0.5496,80,78,,,backtest
2026-02-07,Youngstown State Penguins,Robert Morris Colonials,team1_home,76,77,-1,153,0.4489,0.5511,66,72,,,backtest
2026-02-07,SE Louisiana Lions,Houston Christian Huskies,team1_home,73,72,1,145,0.56,0.44,55,47,,,backtest
2026-02-07,Nicholls Colonels,Texas A&M-Corpus Christi Islanders,team1_home,74,73,1,147,0.5111,0.4889,76,83,,,backtest
2026-02-07,Tennessee State Tigers,Western Illinois Leathernecks,team1_home,84,63,21,147,0.9813,0.0187,83,56,,,backtest
2026-02-07,Morgan State Bears,Maryland Eastern Shore Hawks,team1_home,76,70,6,146,0.7132,0.2868,79,71,,,backtest
2026-02-07,Bucknell Bison,Colgate Raiders,team1_home,72,78,-6,150,0.2869,0.7131,59,78,,,backtest
2026-02-07,Northern Kentucky Norse,Milwaukee Panthers,team1_home,82,74,8,156,0.7807,0.2193,67,62,,,backtest
2026-02-07,Dartmouth Big Green,Harvard Crimson,team1_home,73,76,-3,149,0.3675,0.6325,58,71,,,backtest
2026-02-07,UC Davis Aggies,Cal Poly Mustangs,team1_home,81,74,7,155,0.715,0.285,67,58,,,backtest
2026-02-07,McNeese Cowboys,Incarnate Word Cardinals,team1_home,83,67,16,150,0.9422,0.0578,81,64,,,backtest
2026-02-07,Eastern Kentucky Colonels,Stetson Hatters,team1_home,80,75,5,155,0.6723,0.3277,100,88,,,backtest
2026-02-07,Austin Peay Governors,North Alabama Lions,team1_home,84,68,16,152,0.9359,0.0641,91,62,,,backtest
2026-02-07,Lipscomb Bisons,Central Arkansas Bears,team1_home,78,77,1,155,0.5319,0.4681,78,86,,,backtest
2026-02-07,Grambling Tigers,Alabama State Hornets,team1_home,76,71,5,147,0.6871,0.3129,57,47,,,backtest
2026-02-07,Bethune-Cookman Wildcats,Prairie View A&M Panthers,team1_home,78,74,4,152,0.6194,0.3806,82,76,,,backtest
2026-02-07,Coppin State Eagles,Delaware State Hornets,team1_home,72,70,2,142,0.563,0.437,65,47,,,backtest
2026-02-07,Troy Trojans,Akron Zips,team1_home,76,81,-5,157,0.3507,0.6493,79,69,,,backtest
2026-02-07,Florida A&M Rattlers,Texas Southern Tigers,team1_home,76,73,3,149,0.5934,0.4066,57,62,,,backtest
2026-02-07,Washington State Cougars,Santa Clara Broncos,team1_home,75,80,-5,155,0.3272,0.6728,92,96,,,backtest
2026-02-07,Southern Jaguars,Alabama A&M Bulldogs,team1_home,77,75,2,152,0.5667,0.4333,81,68,,,backtest
2026-02-07,Creighton Bluejays,Seton Hall Pirates,team1_home,74,74,0,148,0.5029,0.4971,69,68,,,backtest
2026-02-07,South Dakota State Jackrabbits,South Dakota Coyotes,team1_home,80,74,6,154,0.7245,0.2755,67,68,,,backtest
2026-02-07,Samford Bulldogs,Mercer Bears,team1_home,79,78,1,157,0.5249,0.4751,69,49,,,backtest
2026-02-07,Stephen F. Austin Lumberjacks,Lamar Cardinals,team1_home,80,67,13,147,0.8847,0.1153,84,74,,,backtest
2026-02-07,New Orleans Privateers,UT Rio Grande Valley Vaqueros,team1_home,74,77,-3,151,0.4001,0.5999,76,95,,,backtest
2026-02-07,East Texas A&M Lions,Northwestern State Demons,team1_home,74,72,2,146,0.5604,0.4396,52,48,,,backtest
2026-02-07,Idaho State Bengals,Northern Colorado Bears,team1_home,76,79,-3,155,0.4114,0.5886,61,69,,,backtest
2026-02-07,Montana Grizzlies,Idaho Vandals,team1_home,76,77,-1,153,0.4723,0.5277,73,68,,,backtest
2026-02-07,LSU Tigers,Georgia Bulldogs,team1_home,80,81,-1,161,0.4557,0.5443,71,83,,,backtest
2026-02-07,Mississippi Valley State Delta Devils,Jackson State Tigers,team1_home,72,76,-4,148,0.3625,0.6375,81,97,,,backtest
2026-02-07,Arkansas-Pine Bluff Golden Lions,Alcorn State Braves,team1_home,80,71,9,151,0.7887,0.2113,84,77,,,backtest
2026-02-08,Old Dominion Monarchs,Ohio Bobcats,team1_home,78,76,2,154,0.5864,0.4136,78,72,,,backtest
2026-02-08,High Point Panthers,Radford Highlanders,team1_home,86,71,15,157,0.8953,0.1047,86,77,,,backtest
2026-02-08,Rider Broncs,Merrimack Warriors,team1_home,67,78,-11,145,0.1438,0.8562,47,73,,,backtest
2026-02-08,Cal State Fullerton Titans,Cal State Bakersfield Roadrunners,team1_home,83,71,12,154,0.8602,0.1398,82,66,,,backtest
2026-02-08,Wright State Raiders,Purdue Fort Wayne Mastodons,team1_home,83,72,11,155,0.8529,0.1471,73,68,,,backtest
2026-02-08,Iona Gaels,Mount St. Mary's Mountaineers,team1_home,77,70,7,147,0.7592,0.2408,76,83,,,backtest
2026-02-08,Fairfield Stags,Marist Red Foxes,team1_home,73,72,1,145,0.5366,0.4634,63,60,,,backtest
2026-02-08,UAlbany Great Danes,UMass Lowell River Hawks,team1_home,76,74,2,150,0.6031,0.3969,79,89,,,backtest
2026-02-08,Wyoming Cowboys,Utah State Aggies,team1_home,75,79,-4,154,0.3701,0.6299,83,85,,,backtest
2026-02-08,Portland Pilots,Seattle U Redhawks,team1_home,72,75,-3,147,0.4164,0.5836,54,53,,,backtest
2026-02-08,Pepperdine Waves,Pacific Tigers,team1_home,71,78,-7,149,0.2717,0.7283,59,92,,,backtest
2026-02-08,Stanford Cardinal,Georgia Tech Yellow Jackets,team1_home,81,71,10,152,0.8078,0.1922,95,72,,,backtest
2026-02-08,Air Force Falcons,San Diego State Aztecs,team1_home,65,84,-19,149,0.0302,0.9698,54,88,,,backtest
2026-02-08,St. Thomas-Minnesota Tommies,Oral Roberts Golden Eagles,team1_home,85,68,17,153,0.9423,0.0577,92,75,,,backtest
2026-02-08,Montana State Bobcats,Eastern Washington Eagles,team1_home,81,74,7,155,0.7285,0.2715,71,72,,,backtest
2026-02-08,California Baptist Lancers,Abilene Christian Wildcats,team1_home,80,66,14,146,0.8993,0.1007,65,63,,,backtest
2026-02-08,Jacksonville State Gamecocks,Kennesaw State Owls,team1_home,76,76,0,152,0.5056,0.4944,77,58,,,backtest
2026-02-08,Southern Utah Thunderbirds,Tarleton State Texans,team1_home,75,75,0,150,0.4939,0.5061,59,62,,,backtest
2026-02-08,Colorado State Rams,San José State Spartans,team1_home,81,70,11,151,0.8291,0.1709,65,57,,,backtest
2026-02-08,Loyola Marymount Lions,San Diego Toreros,team1_home,78,72,6,150,0.7111,0.2889,83,63,,,backtest
2026-02-08,Weber State Wildcats,Northern Arizona Lumberjacks,team1_home,83,71,12,154,0.8613,0.1387,72,53,,,backtest
2026-02-08,UTEP Miners,New Mexico State Aggies,team1_home,72,76,-4,148,0.3728,0.6272,91,88,,,backtest
2026-02-08,Colorado Buffaloes,Arizona State Sun Devils,team1_home,81,75,6,156,0.6777,0.3223,78,70,,,backtest
2026-02-08,Nevada Wolf Pack,Fresno State Bulldogs,team1_home,80,70,10,150,0.7954,0.2046,69,59,,,backtest
2026-02-08,UCLA Bruins,Washington Huskies,team1_home,80,73,7,153,0.7321,0.2679,77,73,,,backtest
2026-02-08,New Mexico Lobos,Boise State Broncos,team1_home,80,74,6,154,0.6935,0.3065,90,91,,,backtest
2026-02-08,UC Santa Barbara Gauchos,UC Irvine Anteaters,team1_home,77,73,4,150,0.6426,0.3574,84,79,,,backtest
2026-02-08,Sacramento State Hornets,Portland State Vikings,team1_home,73,78,-5,151,0.3413,0.6587,73,74,,,backtest
2026-02-08,Saint Mary's Gaels,San Francisco Dons,team1_home,82,68,14,150,0.904,0.096,79,54,,,backtest
2026-02-08,Hawai'i Rainbow Warriors,UC San Diego Tritons,team1_home,78,72,6,150,0.7049,0.2951,72,67,,,backtest
2026-02-08,Ohio State Buckeyes,Michigan Wolverines,team1_home,76,80,-4,156,0.3697,0.6303,61,82,,,backtest
2026-02-08,West Virginia Mountaineers,Texas Tech Red Raiders,team1_home,74,76,-2,150,0.4459,0.5541,63,70,,,backtest
2026-02-08,South Florida Bulls,Tulsa Golden Hurricane,team1_home,80,79,1,159,0.5282,0.4718,80,74,,,backtest
2026-02-08,Penn State Nittany Lions,USC Trojans,team1_home,77,77,0,154,0.5076,0.4924,75,77,,,backtest
2026-02-08,Furman Paladins,UNC Greensboro Spartans,team1_home,81,73,8,154,0.768,0.232,64,67,,,backtest
2026-02-08,Tulane Green Wave,Wichita State Shockers,team1_home,72,79,-7,151,0.2948,0.7052,61,75,,,backtest
2026-02-08,Memphis Tigers,Charlotte 49ers,team1_home,76,75,1,151,0.5343,0.4657,77,54,,,backtest
2026-02-08,Cincinnati Bearcats,UCF Knights,team1_home,77,75,2,152,0.578,0.422,92,72,,,backtest
2026-02-08,Minnesota Golden Gophers,Maryland Terrapins,team1_home,80,69,11,149,0.8463,0.1537,62,67,,,backtest
2026-02-08,UAB Blazers,Rice Owls,team1_home,81,71,10,152,0.8125,0.1875,71,65,,,backtest
2026-02-08,Iowa Hawkeyes,Northwestern Wildcats,team1_home,80,70,10,150,0.8188,0.1812,76,70,,,backtest
2026-02-10,Kansas Jayhawks,Arizona Wildcats,team1_home,73,79,-6,152,0.2923,0.7077,82,78,,,backtest
2026-02-09,St. John's Red Storm,Xavier Musketeers,team1_home,84,71,13,155,0.8578,0.1422,87,82,,,backtest
2026-02-10,Louisville Cardinals,NC State Wolfpack,team1_home,82,76,6,158,0.7029,0.2971,118,77,,,backtest
2026-02-09,Chicago State Cougars,Saint Francis Red Flash,team1_home,76,73,3,149,0.6208,0.3792,80,75,,,backtest
2026-02-09,Bucknell Bison,Navy Midshipmen,team1_home,67,80,-13,147,0.101,0.899,60,76,,,backtest
2026-02-09,Arkansas-Pine Bluff Golden Lions,Jackson State Tigers,team1_home,80,72,8,152,0.7838,0.2162,84,63,,,backtest
2026-02-10,Indiana State Sycamores,Southern Illinois Salukis,team1_home,73,75,-2,148,0.4435,0.5565,65,80,,,backtest
2026-02-10,Bethune-Cookman Wildcats,Texas Southern Tigers,team1_home,79,73,6,152,0.6847,0.3153,79,69,,,backtest
2026-02-10,Florida A&M Rattlers,Prairie View A&M Panthers,team1_home,75,74,1,149,0.5274,0.4726,100,96,,,backtest
2026-02-10,Howard Bison,Yale Bulldogs,team1_home,75,76,-1,151,0.4874,0.5126,81,87,,,backtest
2026-02-10,SE Louisiana Lions,Incarnate Word Cardinals,team1_home,74,73,1,147,0.5303,0.4697,74,62,,,backtest
2026-02-10,Lamar Cardinals,Northwestern State Demons,team1_home,77,69,8,146,0.757,0.243,68,70,,,backtest
2026-02-10,North Alabama Lions,Central Arkansas Bears,team1_home,71,80,-9,151,0.2078,0.7922,65,72,,,backtest
2026-02-10,Drake Bulldogs,Valparaiso Beacons,team1_home,76,75,1,151,0.5315,0.4685,76,81,,,backtest
2026-02-10,Grambling Tigers,Alabama A&M Bulldogs,team1_home,75,73,2,148,0.5763,0.4237,58,66,,,backtest
2026-02-10,Nicholls Colonels,UT Rio Grande Valley Vaqueros,team1_home,73,77,-4,150,0.3529,0.6471,72,92,,,backtest
2026-02-10,McNeese Cowboys,Houston Christian Huskies,team1_home,83,65,18,148,0.9562,0.0438,73,69,,,backtest
2026-02-10,Stephen F. Austin Lumberjacks,East Texas A&M Lions,team1_home,83,65,18,148,0.9638,0.0362,74,70,,,backtest
2026-02-10,North Carolina Central Eagles,Delaware State Hornets,team1_home,76,68,8,144,0.7904,0.2096,72,63,,,backtest
2026-02-10,Evansville Purple Aces,Illinois State Redbirds,team1_home,68,80,-12,148,0.122,0.878,88,80,,,backtest
2026-02-10,Bradley Braves,Belmont Bruins,team1_home,76,79,-3,155,0.4211,0.5789,95,84,,,backtest
2026-02-10,Mississippi Valley State Delta Devils,Alcorn State Braves,team1_home,71,75,-4,146,0.3649,0.6351,66,74,,,backtest
2026-02-10,Charleston Cougars,UNC Wilmington Seahawks,team1_home,74,77,-3,151,0.3852,0.6148,64,76,,,backtest
2026-02-10,New Orleans Privateers,Texas A&M-Corpus Christi Islanders,team1_home,75,73,2,148,0.5525,0.4475,84,78,,,backtest
2026-02-10,Indiana Hoosiers,Oregon Ducks,team1_home,82,70,12,152,0.8653,0.1347,92,74,,,backtest
2026-02-10,Southern Jaguars,Alabama State Hornets,team1_home,78,73,5,151,0.6763,0.3237,69,68,,,backtest
2026-02-10,Murray State Racers,Northern Iowa Panthers,team1_home,76,75,1,151,0.5419,0.4581,60,89,,,backtest
2026-02-11,Utah Utes,Houston Cougars,team1_home,70,81,-11,151,0.1582,0.8418,52,66,,,backtest
2026-02-11,Pittsburgh Panthers,Duke Blue Devils,team1_home,68,81,-13,149,0.113,0.887,54,70,,,backtest
2026-02-11,TCU Horned Frogs,Iowa State Cyclones,team1_home,73,79,-6,152,0.3098,0.6902,62,55,,,backtest
2026-02-11,Nebraska Cornhuskers,Purdue Boilermakers,team1_home,78,75,3,153,0.5908,0.4092,77,80,,,backtest
2026-02-11,Illinois Fighting Illini,Wisconsin Badgers,team1_home,81,76,5,157,0.6809,0.3191,90,92,,,backtest
2026-02-11,Miami Hurricanes,North Carolina Tar Heels,team1_home,80,75,5,155,0.6736,0.3264,75,66,,,backtest
2026-02-11,Gonzaga Bulldogs,Washington State Cougars,team1_home,85,68,17,153,0.9478,0.0522,83,53,,,backtest
2026-02-11,Florida State Seminoles,Virginia Cavaliers,team1_home,75,80,-5,155,0.3185,0.6815,58,61,,,backtest
2026-02-11,Auburn Tigers,Vanderbilt Commodores,team1_home,80,80,0,160,0.501,0.499,76,84,,,backtest
2026-02-11,LSU Tigers,Arkansas Razorbacks,team1_home,80,80,0,160,0.4926,0.5074,62,91,,,backtest
2026-02-11,Baylor Bears,BYU Cougars,team1_home,79,79,0,158,0.479,0.521,94,99,,,backtest
2026-02-10,IU Indianapolis Jaguars,Milwaukee Panthers,team1_home,79,79,0,158,0.5014,0.4986,88,92,,,backtest
2026-02-11,George Washington Revolutionaries,Rhode Island Rams,team1_home,80,71,9,151,0.779,0.221,75,70,,,backtest
2026-02-11,Richmond Spiders,George Mason Patriots,team1_home,75,76,-1,151,0.4768,0.5232,82,70,,,backtest
2026-02-11,Saint Joseph's Hawks,Fordham Rams,team1_home,74,71,3,145,0.621,0.379,64,68,,,backtest
2026-02-11,SMU Mustangs,Notre Dame Fighting Irish,team1_home,83,73,10,156,0.8021,0.1979,89,81,,,backtest
2026-02-11,Villanova Wildcats,Marquette Golden Eagles,team1_home,81,71,10,152,0.817,0.183,77,74,,,backtest
2026-02-11,Western Illinois Leathernecks,Eastern Illinois Panthers,team1_home,71,73,-2,144,0.4326,0.5674,79,70,,,backtest
2026-02-11,Utah State Aggies,Fresno State Bulldogs,team1_home,84,69,15,153,0.921,0.079,91,78,,,backtest
2026-02-11,Arizona State Sun Devils,Oklahoma State Cowboys,team1_home,79,78,1,157,0.5061,0.4939,85,76,,,backtest
2026-02-11,Air Force Falcons,Colorado State Rams,team1_home,66,82,-16,148,0.0642,0.9358,74,91,,,backtest
2026-02-11,UNLV Rebels,San José State Spartans,team1_home,83,72,11,155,0.8309,0.1691,82,75,,,backtest
2026-02-12,Northwestern Wildcats,Michigan Wolverines,team1_home,72,81,-9,153,0.2221,0.7779,75,87,,,backtest
2026-02-12,Butler Bulldogs,UConn Huskies,team1_home,73,80,-7,153,0.2534,0.7466,70,80,,,backtest
2026-02-12,Georgia Bulldogs,Florida Gators,team1_home,79,81,-2,160,0.4287,0.5713,66,86,,,backtest
2026-02-12,Texas Tech Red Raiders,Colorado Buffaloes,team1_home,82,75,7,157,0.7388,0.2612,78,44,,,backtest
2026-02-12,Clemson Tigers,Virginia Tech Hokies,team1_home,79,72,7,151,0.7366,0.2634,66,76,,,backtest
2026-02-11,Maryland Terrapins,Iowa Hawkeyes,team1_home,70,80,-10,150,0.1645,0.8355,77,70,,,backtest
2026-02-11,Holy Cross Crusaders,Colgate Raiders,team1_home,73,77,-4,150,0.3616,0.6384,70,74,,,backtest
2026-02-11,Army Black Knights,Boston University Terriers,team1_home,74,79,-5,153,0.3229,0.6771,68,85,,,backtest
2026-02-11,Western Carolina Catamounts,The Citadel Bulldogs,team1_home,82,71,11,153,0.86,0.14,87,49,,,backtest
2026-02-11,La Salle Explorers,VCU Rams,team1_home,69,82,-13,151,0.1222,0.8778,68,77,,,backtest
2026-02-11,Ohio State Buckeyes,USC Trojans,team1_home,83,72,11,155,0.8318,0.1682,89,82,,,backtest
2026-02-12,Lehigh Mountain Hawks,American University Eagles,team1_home,75,74,1,149,0.5381,0.4619,90,82,,,backtest
2026-02-12,East Carolina Pirates,UTSA Roadrunners,team1_home,80,69,11,149,0.8475,0.1525,88,72,,,backtest
2026-02-12,Syracuse Orange,California Golden Bears,team1_home,76,76,0,152,0.5174,0.4826,107,100,,,backtest
2026-02-12,Lafayette Leopards,Loyola Maryland Greyhounds,team1_home,76,75,1,151,0.5567,0.4433,54,68,,,backtest
2026-02-12,Western Michigan Broncos,Toledo Rockets,team1_home,75,80,-5,155,0.3251,0.6749,79,90,,,backtest
2026-02-12,Kent State Golden Flashes,Eastern Michigan Eagles,team1_home,81,72,9,153,0.7834,0.2166,95,91,,,backtest
2026-02-12,Ball State Cardinals,Buffalo Bulls,team1_home,72,78,-6,150,0.3021,0.6979,53,63,,,backtest
2026-02-12,UNC Greensboro Spartans,VMI Keydets,team1_home,83,71,12,154,0.8633,0.1367,92,71,,,backtest
2026-02-12,Samford Bulldogs,Wofford Terriers,team1_home,80,76,4,156,0.616,0.384,97,80,,,backtest
2026-02-12,Mercer Bears,Furman Paladins,team1_home,79,75,4,154,0.6208,0.3792,69,64,,,backtest
2026-02-12,East Tennessee State Buccaneers,Chattanooga Mocs,team1_home,82,71,11,153,0.843,0.157,73,61,,,backtest
2026-02-12,Ole Miss Rebels,Alabama Crimson Tide,team1_home,78,81,-3,159,0.386,0.614,74,93,,,backtest
2026-02-12,North Alabama Lions,West Georgia Wolves,team1_home,75,77,-2,152,0.4481,0.5519,73,82,,,backtest
2026-02-12,Florida Gulf Coast Eagles,North Florida Ospreys,team1_home,84,73,11,157,0.8387,0.1613,90,81,,,backtest
2026-02-12,Stetson Hatters,Jacksonville Dolphins,team1_home,76,75,1,151,0.543,0.457,67,62,,,backtest
2026-02-12,Jacksonville State Gamecocks,UTEP Miners,team1_home,77,69,8,146,0.775,0.225,64,69,,,backtest
2026-02-12,Tulane Green Wave,Temple Owls,team1_home,74,76,-2,150,0.4477,0.5523,77,66,,,backtest
2026-02-12,Wichita State Shockers,South Florida Bulls,team1_home,78,78,0,156,0.5073,0.4927,58,66,,,backtest
2026-02-12,Seton Hall Pirates,Providence Friars,team1_home,78,75,3,153,0.6203,0.3797,87,80,,,backtest
2026-02-12,Old Dominion Monarchs,Marshall Thundering Herd,team1_home,77,79,-2,156,0.4037,0.5963,79,81,,,backtest
2026-02-12,Central Arkansas Bears,Bellarmine Knights,team1_home,81,76,5,157,0.6531,0.3469,84,76,,,backtest
2026-02-12,Rice Owls,Florida Atlantic Owls,team1_home,75,77,-2,152,0.409,0.591,81,73,,,backtest
2026-02-12,Tulsa Golden Hurricane,UAB Blazers,team1_home,83,73,10,156,0.8174,0.1826,63,68,,,backtest
2026-02-12,South Dakota Coyotes,North Dakota Fighting Hawks,team1_home,79,76,3,155,0.6018,0.3982,71,72,,,backtest
2026-02-12,Northern Illinois Huskies,Bowling Green Falcons,team1_home,69,80,-11,149,0.1443,0.8557,52,68,,,backtest
2026-02-12,Texas State Bobcats,Troy Trojans,team1_home,75,76,-1,151,0.4492,0.5508,74,62,,,backtest
2026-02-12,Arkansas State Red Wolves,UL Monroe Warhawks,team1_home,86,69,17,155,0.9417,0.0583,103,70,,,backtest
2026-02-12,Georgia Southern Eagles,App State Mountaineers,team1_home,77,75,2,152,0.5776,0.4224,65,81,,,backtest
2026-02-12,Lipscomb Bisons,Eastern Kentucky Colonels,team1_home,82,74,8,156,0.7597,0.2403,75,61,,,backtest
2026-02-12,Kansas State Wildcats,Cincinnati Bearcats,team1_home,75,76,-1,151,0.4426,0.5574,62,91,,,backtest
2026-02-12,DePaul Blue Demons,Creighton Bluejays,team1_home,75,74,1,149,0.563,0.437,72,71,,,backtest
2026-02-12,Georgia Tech Yellow Jackets,Wake Forest Demon Deacons,team1_home,76,77,-1,153,0.4505,0.5495,67,83,,,backtest
2026-02-12,Boston College Eagles,Stanford Cardinal,team1_home,72,76,-4,148,0.3659,0.6341,64,70,,,backtest
2026-02-12,Mississippi State Bulldogs,Tennessee Volunteers,team1_home,73,82,-9,155,0.2016,0.7984,64,73,,,backtest
2026-02-12,Texas A&M Aggies,Missouri Tigers,team1_home,83,77,6,160,0.6925,0.3075,85,86,,,backtest
2026-02-12,New Mexico State Aggies,Liberty Flames,team1_home,75,77,-2,152,0.4402,0.5598,75,77,,,backtest
2026-02-12,San Diego Toreros,Portland Pilots,team1_home,78,73,5,151,0.6568,0.3432,71,58,,,backtest
2026-02-12,Santa Clara Broncos,Seattle U Redhawks,team1_home,81,70,11,151,0.8383,0.1617,84,72,,,backtest
2026-02-12,Saint Mary's Gaels,Pepperdine Waves,team1_home,86,64,22,150,0.9822,0.0178,88,60,,,backtest
2026-02-12,Pacific Tigers,Loyola Marymount Lions,team1_home,77,71,6,148,0.6992,0.3008,65,59,,,backtest
2026-02-12,Grand Canyon Lopes,New Mexico Lobos,team1_home,76,75,1,151,0.5281,0.4719,64,70,,,backtest
2026-02-12,Washington Huskies,Penn State Nittany Lions,team1_home,82,72,10,154,0.7974,0.2026,60,63,,,backtest
2026-02-12,New Hampshire Wildcats,NJIT Highlanders,team1_home,73,72,1,145,0.5128,0.4872,70,76,,,backtest
2026-02-12,Maine Black Bears,UMBC Retrievers,team1_home,67,78,-11,145,0.1538,0.8462,62,78,,,backtest
2026-02-12,UMass Lowell River Hawks,Bryant Bulldogs,team1_home,78,69,9,147,0.8086,0.1914,88,69,,,backtest
2026-02-12,IU Indianapolis Jaguars,Northern Kentucky Norse,team1_home,77,82,-5,159,0.3231,0.6769,81,84,,,backtest
2026-02-12,Binghamton Bearcats,Vermont Catamounts,team1_home,69,79,-10,148,0.1632,0.8368,65,73,,,backtest
2026-02-12,Kennesaw State Owls,Middle Tennessee Blue Raiders,team1_home,79,74,5,153,0.6732,0.3268,87,90,,,backtest
2026-02-13,Illinois State Redbirds,Valparaiso Beacons,team1_home,78,71,7,149,0.7232,0.2768,86,64,,,backtest
2026-02-13,Indiana State Sycamores,Murray State Racers,team1_home,74,80,-6,154,0.3179,0.6821,72,74,,,backtest
2026-02-13,Merrimack Warriors,Marist Red Foxes,team1_home,72,71,1,143,0.5381,0.4619,81,56,,,backtest
2026-02-13,Gardner-Webb Runnin' Bulldogs,Winthrop Eagles,team1_home,68,85,-17,153,0.0624,0.9376,85,103,,,backtest
2026-02-13,Longwood Lancers,UNC Asheville Bulldogs,team1_home,78,73,5,151,0.6629,0.3371,74,79,,,backtest
2026-02-13,Charleston Southern Buccaneers,Presbyterian Blue Hose,team1_home,79,73,6,152,0.6948,0.3052,84,67,,,backtest
2026-02-13,South Carolina Upstate Spartans,High Point Panthers,team1_home,69,84,-15,153,0.0926,0.9074,70,95,,,backtest
2026-02-13,Cleveland State Vikings,Robert Morris Colonials,team1_home,76,80,-4,156,0.3605,0.6395,68,85,,,backtest
2026-02-13,Oakland Golden Grizzlies,Youngstown State Penguins,team1_home,80,77,3,157,0.6005,0.3995,82,86,,,backtest
2026-02-13,Wright State Raiders,Detroit Mercy Titans,team1_home,82,73,9,155,0.7894,0.2106,74,77,,,backtest
2026-02-13,Green Bay Phoenix,Purdue Fort Wayne Mastodons,team1_home,80,74,6,154,0.7112,0.2888,76,59,,,backtest
2026-02-13,New Haven Chargers,Central Connecticut Blue Devils,team1_home,71,73,-2,144,0.4052,0.5948,76,81,,,backtest
2026-02-13,Chicago State Cougars,Stonehill Skyhawks,team1_home,72,71,1,143,0.5244,0.4756,68,55,,,backtest
2026-02-13,Wagner Seahawks,Long Island University Sharks,team1_home,73,76,-3,149,0.4082,0.5918,57,67,,,backtest
2026-02-13,Le Moyne Dolphins,Mercyhurst Lakers,team1_home,75,72,3,147,0.5839,0.4161,58,57,,,backtest
2026-02-13,Fairleigh Dickinson Knights,Saint Francis Red Flash,team1_home,78,71,7,149,0.7344,0.2656,66,59,,,backtest
2026-02-13,Towson Tigers,Stony Brook Seawolves,team1_home,76,70,6,146,0.6869,0.3131,69,57,,,backtest
2026-02-13,Charleston Cougars,Hofstra Pride,team1_home,74,76,-2,150,0.4228,0.5772,62,66,,,backtest
2026-02-13,Drexel Dragons,Monmouth Hawks,team1_home,73,72,1,145,0.5393,0.4607,73,93,,,backtest
2026-02-13,Northeastern Huskies,William & Mary Tribe,team1_home,75,81,-6,156,0.332,0.668,67,94,,,backtest
2026-02-13,UNC Wilmington Seahawks,Elon Phoenix,team1_home,82,71,11,153,0.828,0.172,65,54,,,backtest
2026-02-13,James Madison Dukes,Georgia State Panthers,team1_home,80,69,11,149,0.8346,0.1654,81,79,,,backtest
2026-02-13,Florida International Panthers,Delaware Blue Hens,team1_home,79,72,7,151,0.7508,0.2492,66,68,,,backtest
2026-02-13,Drake Bulldogs,UIC Flames,team1_home,75,76,-1,151,0.4523,0.5477,70,80,,,backtest
2026-02-13,Morehead State Eagles,Tennessee Tech Golden Eagles,team1_home,78,72,6,150,0.6956,0.3044,73,66,,,backtest
2026-02-13,Southern Illinois Salukis,Evansville Purple Aces,team1_home,81,66,15,147,0.9317,0.0683,86,60,,,backtest
2026-02-13,Oral Roberts Golden Eagles,Kansas City Roos,team1_home,81,69,12,150,0.858,0.142,69,60,,,backtest
2026-02-13,Omaha Mavericks,St. Thomas-Minnesota Tommies,team1_home,73,81,-8,154,0.2524,0.7476,98,94,,,backtest
2026-02-13,Louisiana Ragin' Cajuns,Coastal Carolina Chanticleers,team1_home,72,74,-2,146,0.4248,0.5752,65,69,,,backtest
2026-02-13,Northern Colorado Bears,Sacramento State Hornets,team1_home,84,72,12,156,0.8637,0.1363,95,79,,,backtest
2026-02-13,Northern Arizona Lumberjacks,Portland State Vikings,team1_home,71,78,-7,149,0.2789,0.7211,68,77,,,backtest
2026-02-13,Southern Miss Golden Eagles,South Alabama Jaguars,team1_home,74,75,-1,149,0.479,0.521,78,84,,,backtest
2026-02-13,SIU Edwardsville Cougars,Southeast Missouri State Redhawks,team1_home,75,71,4,146,0.6309,0.3691,74,56,,,backtest
2026-02-13,Western Illinois Leathernecks,Little Rock Trojans,team1_home,71,74,-3,145,0.352,0.648,58,77,,,backtest
2026-02-13,Southern Utah Thunderbirds,California Baptist Lancers,team1_home,70,79,-9,149,0.2261,0.7739,66,83,,,backtest
2026-02-13,Missouri State Bears,Louisiana Tech Bulldogs,team1_home,76,72,4,148,0.639,0.361,78,79,,,backtest
2026-02-13,Belmont Bruins,Northern Iowa Panthers,team1_home,78,72,6,150,0.676,0.324,91,86,,,backtest
2026-02-13,San Francisco Dons,Oregon State Beavers,team1_home,79,72,7,151,0.7236,0.2764,63,90,,,backtest
2026-02-13,North Texas Mean Green,Memphis Tigers,team1_home,76,71,5,147,0.6699,0.3301,76,69,,,backtest
2026-02-13,Denver Pioneers,South Dakota State Jackrabbits,team1_home,79,78,1,157,0.5488,0.4512,79,61,,,backtest
2026-02-13,Idaho Vandals,Weber State Wildcats,team1_home,80,75,5,155,0.6535,0.3465,72,83,,,backtest
2026-02-13,Eastern Washington Eagles,Idaho State Bengals,team1_home,80,76,4,156,0.6309,0.3691,88,75,,,backtest
2026-02-13,Utah Tech Trailblazers,Utah Valley Wolverines,team1_home,74,78,-4,152,0.3666,0.6334,81,77,,,backtest
2026-02-13,Abilene Christian Wildcats,UT Arlington Mavericks,team1_home,71,73,-2,144,0.456,0.544,67,63,,,backtest
2026-02-13,Cal State Bakersfield Roadrunners,Hawai'i Rainbow Warriors,team1_home,69,82,-13,151,0.1257,0.8743,74,89,,,backtest
2026-02-13,UC Riverside Highlanders,UC Santa Barbara Gauchos,team1_home,72,80,-8,152,0.2392,0.7608,68,76,,,backtest
2026-02-13,Long Beach State Beach,Cal State Fullerton Titans,team1_home,76,78,-2,154,0.4411,0.5589,82,86,,,backtest
2026-02-13,Cal Poly Mustangs,UC Irvine Anteaters,team1_home,74,77,-3,151,0.3928,0.6072,79,73,,,backtest
2026-02-13,UC San Diego Tritons,UC Davis Aggies,team1_home,78,72,6,150,0.6922,0.3078,68,51,,,backtest
2026-02-14,Wisconsin Badgers,Michigan State Spartans,team1_home,78,77,1,155,0.5141,0.4859,92,71,,,backtest
2026-02-14,Loyola Chicago Ramblers,Saint Louis Billikens,team1_home,68,83,-15,151,0.0896,0.9104,59,86,,,backtest
2026-02-14,Miami (OH) RedHawks,Ohio Bobcats,team1_home,85,72,13,157,0.8849,0.1151,90,74,,,backtest
2026-02-13,Niagara Purple Eagles,Manhattan Jaspers,team1_home,74,74,0,148,0.497,0.503,69,76,,,backtest
2026-02-14,George Washington Revolutionaries,George Mason Patriots,team1_home,78,74,4,152,0.6253,0.3747,72,53,,,backtest
2026-02-14,Princeton Tigers,Cornell Big Red,team1_home,75,79,-4,154,0.358,0.642,65,89,,,backtest
2026-02-14,Sacred Heart Pioneers,Saint Peter's Peacocks,team1_home,75,74,1,149,0.5384,0.4616,78,71,,,backtest
2026-02-14,Dartmouth Big Green,Yale Bulldogs,team1_home,72,80,-8,152,0.2424,0.7576,70,83,,,backtest
2026-02-14,Siena Saints,Quinnipiac Bobcats,team1_home,77,70,7,147,0.7288,0.2712,62,74,,,backtest
2026-02-14,Rider Broncs,Mount St. Mary's Mountaineers,team1_home,69,75,-6,144,0.2944,0.7056,55,65,,,backtest
2026-02-14,Canisius Golden Griffins,Iona Gaels,team1_home,70,76,-6,146,0.2691,0.7309,63,69,,,backtest
2026-02-14,Harvard Crimson,Brown Bears,team1_home,79,67,12,146,0.8756,0.1244,56,53,,,backtest
2026-02-14,Pennsylvania Quakers,Columbia Lions,team1_home,77,74,3,151,0.6091,0.3909,76,67,,,backtest
2026-02-14,Akron Zips,Massachusetts Minutemen,team1_home,85,73,12,158,0.8541,0.1459,99,92,,,backtest
2026-02-14,Boise State Broncos,UNLV Rebels,team1_home,81,74,7,155,0.7086,0.2914,83,86,,,backtest
2026-02-14,North Carolina A&T Aggies,Hampton Pirates,neutral,75,74,1,149,0.5286,0.4714,71,70,,,backtest
2026-02-14,Arizona Wildcats,Texas Tech Red Raiders,team1_home,83,72,11,155,0.8237,0.1763,75,78,,,backtest
2026-02-14,Michigan Wolverines,UCLA Bruins,team1_home,83,72,11,155,0.8304,0.1696,86,56,,,backtest
2026-02-14,Houston Cougars,Kansas State Wildcats,team1_home,85,68,17,153,0.9446,0.0554,78,64,,,backtest
2026-02-14,Duke Blue Devils,Clemson Tigers,team1_home,81,68,13,149,0.8882,0.1118,67,54,,,backtest
2026-02-14,Iowa State Cyclones,Kansas Jayhawks,team1_home,81,70,11,151,0.8295,0.1705,74,56,,,backtest
2026-02-15,UConn Huskies,Georgetown Hoyas,team1_home,82,68,14,150,0.8929,0.1071,79,75,,,backtest
2026-02-14,Nebraska Cornhuskers,Northwestern Wildcats,team1_home,81,69,12,150,0.8526,0.1474,68,49,,,backtest
2026-02-14,North Carolina Tar Heels,Pittsburgh Panthers,team1_home,82,69,13,151,0.8773,0.1227,79,65,,,backtest
2026-02-15,Santa Clara Broncos,Gonzaga Bulldogs,team1_home,75,81,-6,156,0.3034,0.6966,86,94,,,backtest
2026-02-14,Iowa Hawkeyes,Purdue Boilermakers,team1_home,77,76,1,153,0.5417,0.4583,57,78,,,backtest
2026-02-14,Florida Gators,Kentucky Wildcats,team1_home,84,74,10,158,0.8011,0.1989,92,83,,,backtest
2026-02-15,Ohio State Buckeyes,Virginia Cavaliers,neutral,75,79,-4,154,0.3758,0.6242,66,70,,,backtest
2026-02-14,Providence Friars,St. John's Red Storm,team1_home,77,81,-4,158,0.3962,0.6038,69,79,,,backtest
2026-02-14,Vanderbilt Commodores,Texas A&M Aggies,team1_home,83,78,5,161,0.6861,0.3139,82,69,,,backtest
2026-02-15,Arkansas Razorbacks,Auburn Tigers,team1_home,82,79,3,161,0.6109,0.3891,88,75,,,backtest
2026-02-14,BYU Cougars,Colorado Buffaloes,team1_home,83,75,8,158,0.7552,0.2448,90,86,,,backtest
2026-02-14,Baylor Bears,Louisville Cardinals,neutral,76,82,-6,158,0.3037,0.6963,71,82,,,backtest
2026-02-14,Rhode Island Rams,Fordham Rams,team1_home,74,71,3,145,0.6023,0.3977,66,70,,,backtest
2026-02-14,Oklahoma State Cowboys,TCU Horned Frogs,team1_home,77,79,-2,156,0.4495,0.5505,92,95,,,backtest
2026-02-14,Notre Dame Fighting Irish,Georgia Tech Yellow Jackets,team1_home,79,73,6,152,0.706,0.294,89,74,,,backtest
2026-02-14,Boston College Eagles,California Golden Bears,team1_home,72,76,-4,148,0.368,0.632,75,86,,,backtest
2026-02-14,Colgate Raiders,Navy Midshipmen,team1_home,73,77,-4,150,0.338,0.662,80,84,,,backtest
2026-02-14,East Tennessee State Buccaneers,Samford Bulldogs,team1_home,81,73,8,154,0.7635,0.2365,72,82,,,backtest
2026-02-14,Boston University Terriers,Bucknell Bison,team1_home,82,69,13,151,0.8878,0.1122,82,69,,,backtest
2026-02-14,New Haven Chargers,Long Island University Sharks,team1_home,69,76,-7,145,0.267,0.733,55,52,,,backtest
2026-02-14,Le Moyne Dolphins,Chicago State Cougars,team1_home,80,68,12,148,0.8605,0.1395,81,63,,,backtest
2026-02-14,New Hampshire Wildcats,UMBC Retrievers,team1_home,67,81,-14,148,0.1065,0.8935,63,85,,,backtest
2026-02-14,VMI Keydets,Furman Paladins,team1_home,70,81,-11,151,0.1578,0.8422,72,90,,,backtest
2026-02-14,The Citadel Bulldogs,Mercer Bears,team1_home,73,80,-7,153,0.2558,0.7442,54,70,,,backtest
2026-02-14,Rice Owls,East Carolina Pirates,team1_home,78,73,5,151,0.6641,0.3359,75,85,,,backtest
2026-02-14,American University Eagles,Army Black Knights,team1_home,80,71,9,151,0.7975,0.2025,75,63,,,backtest
2026-02-14,UNC Asheville Bulldogs,Presbyterian Blue Hose,team1_home,76,73,3,149,0.6219,0.3781,57,58,,,backtest
2026-02-14,Gardner-Webb Runnin' Bulldogs,High Point Panthers,team1_home,65,86,-21,151,0.0298,0.9702,87,112,,,backtest
2026-02-14,Virginia Tech Hokies,Florida State Seminoles,team1_home,80,76,4,156,0.6164,0.3836,69,92,,,backtest
2026-02-14,Syracuse Orange,SMU Mustangs,team1_home,76,79,-3,155,0.385,0.615,79,78,,,backtest
2026-02-14,North Dakota Fighting Hawks,North Dakota State Bison,team1_home,73,81,-8,154,0.2379,0.7621,66,83,,,backtest
2026-02-14,Eastern Michigan Eagles,Western Michigan Broncos,team1_home,78,73,5,151,0.6755,0.3245,62,76,,,backtest
2026-02-14,Ball State Cardinals,Kent State Golden Flashes,team1_home,73,79,-6,152,0.3092,0.6908,68,75,,,backtest
2026-02-14,Stonehill Skyhawks,Wagner Seahawks,team1_home,71,73,-2,144,0.4454,0.5546,57,68,,,backtest
2026-02-14,Saint Francis Red Flash,Mercyhurst Lakers,team1_home,71,77,-6,148,0.2762,0.7238,79,94,,,backtest
2026-02-14,Fairleigh Dickinson Knights,Central Connecticut Blue Devils,team1_home,72,75,-3,147,0.4025,0.5975,57,63,,,backtest
2026-02-14,Vermont Catamounts,Bryant Bulldogs,team1_home,82,64,18,146,0.9623,0.0377,90,63,,,backtest
2026-02-14,William & Mary Tribe,Elon Phoenix,team1_home,81,75,6,156,0.7141,0.2859,78,81,,,backtest
2026-02-14,Central Arkansas Bears,West Georgia Wolves,team1_home,82,72,10,154,0.8197,0.1803,79,62,,,backtest
2026-02-14,Florida Gulf Coast Eagles,Stetson Hatters,team1_home,81,72,9,153,0.7903,0.2097,78,76,,,backtest
2026-02-14,UTEP Miners,Liberty Flames,team1_home,71,79,-8,150,0.2252,0.7748,64,73,,,backtest
2026-02-14,Florida International Panthers,Louisiana Tech Bulldogs,team1_home,77,72,5,149,0.6489,0.3511,77,64,,,backtest
2026-02-14,Radford Highlanders,Charleston Southern Buccaneers,team1_home,79,77,2,156,0.5766,0.4234,90,80,,,backtest
2026-02-14,Creighton Bluejays,Villanova Wildcats,team1_home,75,78,-3,153,0.4017,0.5983,69,80,,,backtest
2026-02-14,Oregon Ducks,Penn State Nittany Lions,team1_home,77,75,2,152,0.5937,0.4063,83,72,,,backtest
2026-02-14,Longwood Lancers,South Carolina Upstate Spartans,team1_home,79,71,8,150,0.7767,0.2233,82,75,,,backtest
2026-02-14,Xavier Musketeers,Marquette Golden Eagles,team1_home,78,76,2,154,0.5905,0.4095,96,88,,,backtest
2026-02-14,Maine Black Bears,NJIT Highlanders,team1_home,72,70,2,142,0.5874,0.4126,58,67,,,backtest
2026-02-14,Texas State Bobcats,UL Monroe Warhawks,team1_home,82,69,13,151,0.9013,0.0987,95,84,,,backtest
2026-02-14,Arkansas State Red Wolves,South Alabama Jaguars,team1_home,78,75,3,153,0.5976,0.4024,88,92,,,backtest
2026-02-14,UT Arlington Mavericks,Southern Utah Thunderbirds,team1_home,78,69,9,147,0.7967,0.2033,73,78,,,backtest
2026-02-14,Missouri State Bears,Delaware Blue Hens,team1_home,79,71,8,150,0.7613,0.2387,67,76,,,backtest
2026-02-14,Jackson State Tigers,Florida A&M Rattlers,team1_home,73,76,-3,149,0.3909,0.6091,80,60,,,backtest
2026-02-14,Old Dominion Monarchs,Georgia State Panthers,team1_home,79,72,7,151,0.736,0.264,78,55,,,backtest
2026-02-14,Oklahoma Sooners,Georgia Bulldogs,team1_home,81,79,2,160,0.5604,0.4396,94,78,,,backtest
2026-02-14,Morehead State Eagles,Tennessee State Tigers,team1_home,75,77,-2,152,0.4181,0.5819,94,86,,,backtest
2026-02-14,Colorado State Rams,Wyoming Cowboys,team1_home,79,74,5,153,0.6558,0.3442,79,68,,,backtest
2026-02-14,St. Bonaventure Bonnies,Duquesne Dukes,team1_home,79,75,4,154,0.631,0.369,73,78,,,backtest
2026-02-14,Wake Forest Demon Deacons,Stanford Cardinal,team1_home,77,76,1,153,0.5183,0.4817,68,63,,,backtest
2026-02-14,NC State Wolfpack,Miami Hurricanes,team1_home,79,79,0,158,0.501,0.499,76,77,,,backtest
2026-02-14,Binghamton Bearcats,UAlbany Great Danes,team1_home,73,75,-2,148,0.4279,0.5721,74,77,,,backtest
2026-02-14,UNC Wilmington Seahawks,Hofstra Pride,team1_home,77,73,4,150,0.6306,0.3694,70,66,,,backtest
2026-02-14,James Madison Dukes,App State Mountaineers,team1_home,76,73,3,149,0.5801,0.4199,69,58,,,backtest
2026-02-14,Northern Colorado Bears,Portland State Vikings,team1_home,78,74,4,152,0.6521,0.3479,77,65,,,backtest
2026-02-14,Jacksonville Dolphins,North Florida Ospreys,team1_home,81,74,7,155,0.7524,0.2476,63,56,,,backtest
2026-02-14,Abilene Christian Wildcats,Tarleton State Texans,team1_home,74,73,1,147,0.5388,0.4612,73,59,,,backtest
2026-02-14,Norfolk State Spartans,Delaware State Hornets,team1_home,79,65,14,144,0.912,0.088,75,58,,,backtest
2026-02-14,Alabama State Hornets,Arkansas-Pine Bluff Golden Lions,team1_home,77,74,3,151,0.6068,0.3932,79,61,,,backtest
2026-02-14,Alcorn State Braves,Bethune-Cookman Wildcats,team1_home,71,78,-7,149,0.2864,0.7136,57,55,,,backtest
2026-02-14,Texas A&M-Corpus Christi Islanders,Lamar Cardinals,team1_home,75,71,4,146,0.6457,0.3543,76,63,,,backtest
2026-02-14,Northwestern State Demons,SE Louisiana Lions,team1_home,74,71,3,145,0.6276,0.3724,69,66,,,backtest
2026-02-14,Houston Christian Huskies,New Orleans Privateers,team1_home,75,75,0,150,0.5094,0.4906,61,60,,,backtest
2026-02-14,SIU Edwardsville Cougars,UT Martin Skyhawks,team1_home,73,70,3,143,0.5927,0.4073,76,81,,,backtest
2026-02-14,Eastern Illinois Panthers,Little Rock Trojans,team1_home,73,72,1,145,0.5374,0.4626,78,72,,,backtest
2026-02-14,Howard Bison,Maryland Eastern Shore Hawks,team1_home,82,63,19,145,0.9693,0.0307,79,53,,,backtest
2026-02-14,Lafayette Leopards,Lehigh Mountain Hawks,team1_home,74,75,-1,149,0.4905,0.5095,69,78,,,backtest
2026-02-14,Pepperdine Waves,Loyola Marymount Lions,team1_home,73,77,-4,150,0.3615,0.6385,90,89,,,backtest
2026-02-14,Alabama A&M Bulldogs,Mississippi Valley State Delta Devils,team1_home,84,65,19,149,0.974,0.026,72,65,,,backtest
2026-02-14,San José State Spartans,Grand Canyon Lopes,team1_home,71,80,-9,151,0.2094,0.7906,79,94,,,backtest
2026-02-14,North Carolina Central Eagles,Coppin State Eagles,team1_home,78,69,9,147,0.8195,0.1805,56,58,,,backtest
2026-02-14,Fresno State Bulldogs,Air Force Falcons,team1_home,83,64,19,147,0.9704,0.0296,93,63,,,backtest
2026-02-14,Bowling Green Falcons,Toledo Rockets,team1_home,79,76,3,155,0.604,0.396,80,70,,,backtest
2026-02-14,Central Michigan Chippewas,Northern Illinois Huskies,team1_home,79,70,9,149,0.8166,0.1834,88,46,,,backtest
2026-02-14,UNC Greensboro Spartans,Wofford Terriers,team1_home,78,79,-1,157,0.4716,0.5284,99,89,,,backtest
2026-02-14,Chattanooga Mocs,Western Carolina Catamounts,team1_home,78,77,1,155,0.5628,0.4372,76,81,,,backtest
2026-02-14,UC Davis Aggies,Long Beach State Beach,team1_home,80,72,8,152,0.76,0.24,71,54,,,backtest
2026-02-14,Incarnate Word Cardinals,Nicholls Colonels,team1_home,76,74,2,150,0.5711,0.4289,83,91,,,backtest
2026-02-14,Idaho Vandals,Idaho State Bengals,team1_home,80,73,7,153,0.7463,0.2537,99,69,,,backtest
2026-02-14,Eastern Washington Eagles,Weber State Wildcats,team1_home,79,78,1,157,0.5398,0.4602,84,66,,,backtest
2026-02-14,Kennesaw State Owls,Sam Houston Bearkats,team1_home,78,78,0,156,0.5075,0.4925,79,83,,,backtest
2026-02-14,Jacksonville State Gamecocks,New Mexico State Aggies,team1_home,75,74,1,149,0.5607,0.4393,70,79,,,backtest
2026-02-14,Texas Southern Tigers,Grambling Tigers,team1_home,75,74,1,149,0.5519,0.4481,82,79,,,backtest
2026-02-14,Prairie View A&M Panthers,Southern Jaguars,team1_home,78,75,3,153,0.5988,0.4012,82,87,,,backtest
2026-02-14,UT Rio Grande Valley Vaqueros,Stephen F. Austin Lumberjacks,team1_home,74,75,-1,149,0.4558,0.5442,57,66,,,backtest
2026-02-14,Austin Peay Governors,Bellarmine Knights,team1_home,81,75,6,156,0.6949,0.3051,90,70,,,backtest
2026-02-14,Richmond Spiders,VCU Rams,team1_home,75,80,-5,155,0.3504,0.6496,67,78,,,backtest
2026-02-14,UCF Knights,West Virginia Mountaineers,team1_home,77,73,4,150,0.6185,0.3815,67,74,,,backtest
2026-02-14,Dartmouth Big Green,Brown Bears,team1_home,77,72,5,149,0.6729,0.3271,76,79,,,backtest
2026-02-14,Princeton Tigers,Columbia Lions,team1_home,74,75,-1,149,0.4363,0.5637,65,75,,,backtest
2026-02-14,Pennsylvania Quakers,Cornell Big Red,team1_home,79,79,0,158,0.4982,0.5018,82,76,,,backtest
2026-02-14,East Texas A&M Lions,McNeese Cowboys,team1_home,67,81,-14,148,0.1029,0.8971,54,97,,,backtest
2026-02-14,Tennessee Volunteers,LSU Tigers,team1_home,83,73,10,156,0.7948,0.2052,73,63,,,backtest
2026-02-14,Harvard Crimson,Yale Bulldogs,team1_home,74,77,-3,151,0.3943,0.6057,75,76,,,backtest
2026-02-14,Ole Miss Rebels,Mississippi State Bulldogs,team1_home,80,74,6,154,0.6995,0.3005,78,90,,,backtest
2026-02-15,Wichita State Shockers,Tulsa Golden Hurricane,team1_home,77,78,-1,155,0.4419,0.5581,81,77,,,backtest
2026-02-15,Cal Poly Mustangs,UC Santa Barbara Gauchos,team1_home,76,80,-4,156,0.3496,0.6504,89,79,,,backtest
2026-02-15,Utah State Aggies,Memphis Tigers,team1_home,85,69,16,154,0.915,0.085,99,75,,,backtest
2026-02-15,Kansas City Roos,St. Thomas-Minnesota Tommies,team1_home,67,85,-18,152,0.0495,0.9505,64,104,,,backtest
2026-02-15,Oral Roberts Golden Eagles,South Dakota State Jackrabbits,team1_home,74,78,-4,152,0.3469,0.6531,69,87,,,backtest
2026-02-15,Cal State Northridge Matadors,Hawai'i Rainbow Warriors,team1_home,74,78,-4,152,0.3688,0.6312,84,60,,,backtest
2026-02-15,Northern Arizona Lumberjacks,Sacramento State Hornets,team1_home,77,76,1,153,0.5243,0.4757,79,74,,,backtest
2026-02-15,Western Kentucky Hilltoppers,Middle Tennessee Blue Raiders,team1_home,78,74,4,152,0.6364,0.3636,82,80,,,backtest
2026-02-15,Georgia Southern Eagles,Marshall Thundering Herd,team1_home,79,78,1,157,0.5269,0.4731,101,87,,,backtest
2026-02-15,Alabama Crimson Tide,South Carolina Gamecocks,team1_home,84,75,9,159,0.7738,0.2262,89,75,,,backtest
2026-02-15,Southern Miss Golden Eagles,Troy Trojans,team1_home,75,77,-2,152,0.4284,0.5716,69,65,,,backtest
2026-02-15,Missouri Tigers,Texas Longhorns,team1_home,79,78,1,157,0.5246,0.4754,68,85,,,backtest
2026-02-15,Washington Huskies,Minnesota Golden Gophers,team1_home,77,73,4,150,0.6389,0.3611,69,57,,,backtest
2026-02-15,Montana Grizzlies,Montana State Bobcats,team1_home,76,77,-1,153,0.4884,0.5116,71,82,,,backtest
2026-02-15,Utah Tech Trailblazers,California Baptist Lancers,team1_home,74,75,-1,149,0.4449,0.5551,70,65,,,backtest
2026-02-15,San Diego State Aztecs,Nevada Wolf Pack,team1_home,77,74,3,151,0.6043,0.3957,71,57,,,backtest
2026-02-15,UC Irvine Anteaters,Cal State Fullerton Titans,team1_home,79,72,7,151,0.7068,0.2932,86,65,,,backtest
2026-02-15,UC San Diego Tritons,UC Riverside Highlanders,team1_home,81,68,13,149,0.8844,0.1156,72,66,,,backtest
2026-02-15,Pacific Tigers,Saint Mary's Gaels,team1_home,71,78,-7,149,0.2581,0.7419,61,72,,,backtest
2026-02-14,South Carolina State Bulldogs,Morgan State Bears,team1_home,74,75,-1,149,0.4559,0.5441,0,0,,,backtest
2026-02-15,Illinois Fighting Illini,Indiana Hoosiers,team1_home,81,73,8,154,0.7566,0.2434,71,51,,,backtest
2026-02-15,Charlotte 49ers,UTSA Roadrunners,team1_home,84,67,17,151,0.9496,0.0504,79,88,,,backtest
2026-02-15,Cincinnati Bearcats,Utah Utes,team1_home,80,70,10,150,0.8092,0.1908,69,65,,,backtest
2026-02-15,Rutgers Scarlet Knights,Maryland Terrapins,team1_home,77,72,5,149,0.6751,0.3249,68,57,,,backtest
2026-02-15,Loyola Maryland Greyhounds,Holy Cross Crusaders,team1_home,78,73,5,151,0.695,0.305,83,73,,,backtest
2026-02-15,Omaha Mavericks,Denver Pioneers,team1_home,79,78,1,157,0.5335,0.4665,83,76,,,backtest
2026-02-15,Detroit Mercy Titans,Youngstown State Penguins,team1_home,77,76,1,153,0.5449,0.4551,76,70,,,backtest
2026-02-15,Canisius Golden Griffins,Manhattan Jaspers,team1_home,73,74,-1,147,0.4652,0.5348,65,69,,,backtest
2026-02-15,Valparaiso Beacons,Indiana State Sycamores,team1_home,78,71,7,149,0.7445,0.2555,76,75,,,backtest
2026-02-15,Southern Illinois Salukis,Bradley Braves,team1_home,75,74,1,149,0.5403,0.4597,60,70,,,backtest
2026-02-15,Temple Owls,North Texas Mean Green,team1_home,76,71,5,147,0.6723,0.3277,62,65,,,backtest
2026-02-15,Florida Atlantic Owls,South Florida Bulls,team1_home,76,80,-4,156,0.3545,0.6455,81,83,,,backtest
2026-02-15,UAB Blazers,Tulane Green Wave,team1_home,80,71,9,151,0.7912,0.2088,54,55,,,backtest
2026-02-15,Sacred Heart Pioneers,Rider Broncs,team1_home,82,67,15,149,0.915,0.085,86,75,,,backtest
2026-02-15,Saint Peter's Peacocks,Fairfield Stags,team1_home,75,73,2,148,0.5521,0.4479,83,74,,,backtest
2026-02-15,Quinnipiac Bobcats,Merrimack Warriors,team1_home,74,72,2,146,0.5715,0.4285,49,56,,,backtest
2026-02-15,Robert Morris Colonials,Oakland Golden Grizzlies,team1_home,82,75,7,157,0.7197,0.2803,93,69,,,backtest
2026-02-15,Cleveland State Vikings,Wright State Raiders,team1_home,77,80,-3,157,0.3812,0.6188,90,102,,,backtest
2026-02-15,Purdue Fort Wayne Mastodons,IU Indianapolis Jaguars,team1_home,81,76,5,157,0.6602,0.3398,83,78,,,backtest
2026-02-15,Niagara Purple Eagles,Iona Gaels,team1_home,71,76,-5,147,0.3034,0.6966,70,68,,,backtest
2026-02-15,Marist Red Foxes,Siena Saints,team1_home,73,71,2,144,0.5803,0.4197,63,67,,,backtest
2026-02-15,Northern Iowa Panthers,Drake Bulldogs,team1_home,79,68,11,147,0.8372,0.1628,86,62,,,backtest
2026-02-15,UIC Flames,Illinois State Redbirds,team1_home,75,74,1,149,0.5439,0.4561,83,56,,,backtest
2026-02-15,Milwaukee Panthers,Green Bay Phoenix,team1_home,77,77,0,154,0.5033,0.4967,75,72,,,backtest
2026-02-15,Dayton Flyers,Davidson Wildcats,team1_home,76,71,5,147,0.673,0.327,70,59,,,backtest
2026-02-15,North Alabama Lions,Eastern Kentucky Colonels,team1_home,75,78,-3,153,0.4074,0.5926,84,78,,,backtest
2026-02-15,Campbell Fighting Camels,Charleston Cougars,team1_home,76,76,0,152,0.4998,0.5002,57,62,,,backtest
2026-02-15,Murray State Racers,Belmont Bruins,team1_home,78,80,-2,158,0.4443,0.5557,70,87,,,backtest
2026-02-15,San Diego Toreros,San Francisco Dons,team1_home,75,77,-2,152,0.4178,0.5822,79,92,,,backtest
2026-02-15,Butler Bulldogs,Seton Hall Pirates,team1_home,75,74,1,149,0.5196,0.4804,56,63,,,backtest
2026-02-16,Monmouth Hawks,Towson Tigers,team1_home,75,71,4,146,0.6547,0.3453,72,71,,,backtest
2026-02-16,Seattle U Redhawks,Oregon State Beavers,team1_home,76,71,5,147,0.6828,0.3172,60,50,,,backtest
2026-02-17,Iowa State Cyclones,Houston Cougars,team1_home,77,73,4,150,0.6198,0.3802,70,67,,,backtest
2026-02-17,Duke Blue Devils,Syracuse Orange,team1_home,85,66,19,151,0.9643,0.0357,101,64,,,backtest
2026-02-16,East Texas A&M Lions,SE Louisiana Lions,team1_home,74,71,3,145,0.5805,0.4195,70,53,,,backtest
2026-02-16,South Carolina State Bulldogs,Coppin State Eagles,team1_home,76,70,6,146,0.728,0.272,57,59,,,backtest
2026-02-16,Old Dominion Monarchs,Louisiana Ragin' Cajuns,team1_home,78,70,8,148,0.7652,0.2348,83,72,,,backtest
2026-02-16,Boston University Terriers,Colgate Raiders,team1_home,79,75,4,154,0.6205,0.3795,85,58,,,backtest
2026-02-17,Long Island University Sharks,Wagner Seahawks,team1_home,79,70,9,149,0.7873,0.2127,83,65,,,backtest
2026-02-17,Delaware State Hornets,Howard Bison,team1_home,64,80,-16,144,0.0635,0.9365,59,91,,,backtest
2026-02-17,North Carolina Central Eagles,Morgan State Bears,team1_home,76,74,2,150,0.57,0.43,80,76,,,backtest
2026-02-17,Alabama State Hornets,Mississippi Valley State Delta Devils,team1_home,82,66,16,148,0.9334,0.0666,92,55,,,backtest
2026-02-17,Jackson State Tigers,Bethune-Cookman Wildcats,team1_home,72,79,-7,151,0.2984,0.7016,91,86,,,backtest
2026-02-17,Prairie View A&M Panthers,Grambling Tigers,team1_home,76,73,3,149,0.6089,0.3911,68,63,,,backtest
2026-02-17,Maryland Eastern Shore Hawks,Norfolk State Spartans,team1_home,70,74,-4,144,0.3511,0.6489,66,70,,,backtest
2026-02-17,Marshall Thundering Herd,South Alabama Jaguars,team1_home,78,75,3,153,0.6105,0.3895,84,80,,,backtest
2026-02-17,UT Rio Grande Valley Vaqueros,Lamar Cardinals,team1_home,78,70,8,148,0.7813,0.2187,70,65,,,backtest
2026-02-17,Incarnate Word Cardinals,New Orleans Privateers,team1_home,76,75,1,151,0.5281,0.4719,64,78,,,backtest
2026-02-17,Northwestern State Demons,McNeese Cowboys,team1_home,68,80,-12,148,0.1165,0.8835,64,75,,,backtest
2026-02-17,Tarleton State Texans,Abilene Christian Wildcats,team1_home,76,71,5,147,0.6846,0.3154,65,62,,,backtest
2026-02-17,Alcorn State Braves,Florida A&M Rattlers,team1_home,72,75,-3,147,0.3896,0.6104,78,86,,,backtest
2026-02-17,Alabama A&M Bulldogs,Arkansas-Pine Bluff Golden Lions,team1_home,79,72,7,151,0.71,0.29,82,70,,,backtest
2026-02-17,Texas Southern Tigers,Southern Jaguars,team1_home,77,76,1,153,0.5483,0.4517,74,73,,,backtest
2026-02-17,Stony Brook Seawolves,Drexel Dragons,team1_home,74,72,2,146,0.5519,0.4481,72,69,,,backtest
2026-02-17,Texas A&M-Corpus Christi Islanders,Stephen F. Austin Lumberjacks,team1_home,71,76,-5,147,0.3069,0.6931,68,78,,,backtest
2026-02-17,Houston Christian Huskies,Nicholls Colonels,team1_home,75,73,2,148,0.558,0.442,72,68,,,backtest
2026-02-17,Purdue Boilermakers,Michigan Wolverines,team1_home,78,79,-1,157,0.4783,0.5217,80,91,,,backtest
2026-02-18,Iowa Hawkeyes,Nebraska Cornhuskers,team1_home,76,74,2,150,0.5448,0.4552,57,52,,,backtest
2026-02-18,Florida Gators,South Carolina Gamecocks,team1_home,85,69,16,154,0.9166,0.0834,76,62,,,backtest
2026-02-18,Arizona State Sun Devils,Texas Tech Red Raiders,team1_home,75,80,-5,155,0.3136,0.6864,72,67,,,backtest
2026-02-18,Michigan State Spartans,UCLA Bruins,team1_home,79,73,6,152,0.6971,0.3029,82,59,,,backtest
2026-02-18,NC State Wolfpack,North Carolina Tar Heels,team1_home,79,77,2,156,0.5807,0.4193,82,58,,,backtest
2026-02-18,Rhode Island Rams,Saint Louis Billikens,team1_home,71,80,-9,151,0.1886,0.8114,81,76,,,backtest
2026-02-18,SMU Mustangs,Louisville Cardinals,team1_home,78,80,-2,158,0.4413,0.5587,95,85,,,backtest
2026-02-18,Massachusetts Minutemen,Miami (OH) RedHawks,team1_home,76,82,-6,158,0.2844,0.7156,77,86,,,backtest
2026-02-18,Ohio State Buckeyes,Wisconsin Badgers,team1_home,80,77,3,157,0.5855,0.4145,86,69,,,backtest
2026-02-17,Charleston Southern Buccaneers,Gardner-Webb Runnin' Bulldogs,team1_home,87,66,21,153,0.9798,0.0202,75,66,,,backtest
2026-02-17,Florida State Seminoles,Boston College Eagles,team1_home,80,70,10,150,0.8111,0.1889,80,72,,,backtest
2026-02-17,Xavier Musketeers,Villanova Wildcats,team1_home,75,79,-4,154,0.3582,0.6418,89,92,,,backtest
2026-02-17,Buffalo Bulls,Northern Illinois Huskies,team1_home,84,67,17,151,0.9472,0.0528,70,72,,,backtest
2026-02-17,Eastern Michigan Eagles,Central Michigan Chippewas,team1_home,77,73,4,150,0.6438,0.3562,66,54,,,backtest
2026-02-18,UCF Knights,TCU Horned Frogs,team1_home,78,77,1,155,0.5316,0.4684,82,71,,,backtest
2026-02-18,Bowling Green Falcons,Kent State Golden Flashes,team1_home,79,76,3,155,0.613,0.387,71,78,,,backtest
2026-02-18,Ohio Bobcats,Ball State Cardinals,team1_home,78,71,7,149,0.7286,0.2714,69,57,,,backtest
2026-02-18,Western Michigan Broncos,Akron Zips,team1_home,73,82,-9,155,0.2099,0.7901,73,90,,,backtest
2026-02-18,VCU Rams,George Washington Revolutionaries,team1_home,81,75,6,156,0.6895,0.3105,89,75,,,backtest
2026-02-18,Miami Hurricanes,Virginia Tech Hokies,team1_home,82,73,9,155,0.8037,0.1963,67,66,,,backtest
2026-02-18,Wyoming Cowboys,Fresno State Bulldogs,team1_home,79,72,7,151,0.748,0.252,92,82,,,backtest
2026-02-18,UT Martin Skyhawks,Southeast Missouri State Redhawks,team1_home,75,70,5,145,0.6556,0.3444,53,56,,,backtest
2026-02-18,Kansas State Wildcats,Baylor Bears,team1_home,77,80,-3,157,0.3998,0.6002,90,74,,,backtest
2026-02-18,New Mexico Lobos,Air Force Falcons,team1_home,88,61,27,149,0.9969,0.0031,98,61,,,backtest
2026-02-18,Kentucky Wildcats,Georgia Bulldogs,team1_home,80,80,0,160,0.5111,0.4889,78,86,,,backtest
2026-02-18,Texas Longhorns,LSU Tigers,team1_home,82,77,5,159,0.6501,0.3499,88,85,,,backtest
2026-02-18,San José State Spartans,Nevada Wolf Pack,team1_home,72,80,-8,152,0.2448,0.7552,87,71,,,backtest
2026-02-18,San Diego State Aztecs,Grand Canyon Lopes,team1_home,76,74,2,150,0.5854,0.4146,63,73,,,backtest
2026-02-18,Oregon Ducks,Minnesota Golden Gophers,team1_home,73,75,-2,148,0.4072,0.5928,44,61,,,backtest
2026-02-19,Arizona Wildcats,BYU Cougars,team1_home,84,73,11,157,0.8089,0.1911,75,68,,,backtest
2026-02-19,UConn Huskies,Creighton Bluejays,team1_home,83,69,14,152,0.8914,0.1086,84,91,,,backtest
2026-02-19,Oklahoma State Cowboys,Kansas Jayhawks,team1_home,76,78,-2,154,0.4358,0.5642,69,81,,,backtest
2026-02-19,USC Trojans,Illinois Fighting Illini,team1_home,73,81,-8,154,0.2425,0.7575,65,101,,,backtest
2026-02-19,San Francisco Dons,Gonzaga Bulldogs,team1_home,70,82,-12,152,0.156,0.844,59,80,,,backtest
2026-02-19,Georgia Tech Yellow Jackets,Virginia Cavaliers,team1_home,70,82,-12,152,0.146,0.854,68,94,,,backtest
2026-02-19,Marquette Golden Eagles,St. John's Red Storm,team1_home,73,80,-7,153,0.2853,0.7147,70,76,,,backtest
2026-02-19,Missouri Tigers,Vanderbilt Commodores,team1_home,78,80,-2,158,0.4179,0.5821,81,80,,,backtest
2026-02-19,Alabama Crimson Tide,Arkansas Razorbacks,team1_home,83,80,3,163,0.579,0.421,117,115,,,backtest
2026-02-18,Penn State Nittany Lions,Rutgers Scarlet Knights,team1_home,78,74,4,152,0.6277,0.3723,72,85,,,backtest
2026-02-18,Holy Cross Crusaders,Lafayette Leopards,team1_home,75,73,2,148,0.5714,0.4286,83,86,,,backtest
2026-02-18,Wofford Terriers,VMI Keydets,team1_home,83,70,13,153,0.8852,0.1148,82,76,,,backtest
2026-02-18,Georgetown Hoyas,Butler Bulldogs,team1_home,78,75,3,153,0.589,0.411,89,93,,,backtest
2026-02-18,Youngstown State Penguins,Cleveland State Vikings,team1_home,83,74,9,157,0.8051,0.1949,106,82,,,backtest
2026-02-18,Furman Paladins,East Tennessee State Buccaneers,team1_home,75,76,-1,151,0.4634,0.5366,69,78,,,backtest
2026-02-19,Indiana State Sycamores,Northern Iowa Panthers,team1_home,70,76,-6,146,0.2807,0.7193,60,81,,,backtest
2026-02-19,Valparaiso Beacons,Bradley Braves,team1_home,75,75,0,150,0.5119,0.4881,79,72,,,backtest
2026-02-19,Bucknell Bison,American University Eagles,team1_home,72,77,-5,149,0.3159,0.6841,57,75,,,backtest
2026-02-19,St. Bonaventure Bonnies,Saint Joseph's Hawks,team1_home,77,74,3,151,0.6199,0.3801,65,71,,,backtest
2026-02-19,Fordham Rams,Loyola Chicago Ramblers,team1_home,79,67,12,146,0.866,0.134,62,59,,,backtest
2026-02-19,Duquesne Dukes,La Salle Explorers,team1_home,81,70,11,151,0.8512,0.1488,62,61,,,backtest
2026-02-19,George Mason Patriots,Dayton Flyers,team1_home,76,73,3,149,0.6376,0.3624,67,82,,,backtest
2026-02-19,Davidson Wildcats,Richmond Spiders,team1_home,77,73,4,150,0.6255,0.3745,65,63,,,backtest
2026-02-19,East Carolina Pirates,Wichita State Shockers,team1_home,71,80,-9,151,0.2101,0.7899,89,92,,,backtest
2026-02-19,Temple Owls,UAB Blazers,team1_home,76,75,1,151,0.5556,0.4444,71,76,,,backtest
2026-02-19,Wake Forest Demon Deacons,Clemson Tigers,team1_home,74,78,-4,152,0.3774,0.6226,85,77,,,backtest
2026-02-19,Loyola Maryland Greyhounds,Army Black Knights,team1_home,79,73,6,152,0.6759,0.3241,77,87,,,backtest
2026-02-19,Navy Midshipmen,Lehigh Mountain Hawks,team1_home,81,68,13,149,0.8902,0.1098,72,49,,,backtest
2026-02-19,Northern Kentucky Norse,Purdue Fort Wayne Mastodons,team1_home,83,73,10,156,0.8056,0.1944,87,71,,,backtest
2026-02-19,Western Carolina Catamounts,UNC Greensboro Spartans,team1_home,81,76,5,157,0.6559,0.3441,91,77,,,backtest
2026-02-19,Coastal Carolina Chanticleers,James Madison Dukes,team1_home,75,75,0,150,0.5126,0.4874,65,67,,,backtest
2026-02-19,Texas A&M Aggies,Ole Miss Rebels,team1_home,84,74,10,158,0.7984,0.2016,80,77,,,backtest
2026-02-19,Tennessee Volunteers,Oklahoma Sooners,team1_home,81,75,6,156,0.7127,0.2873,89,66,,,backtest
2026-02-19,Eastern Kentucky Colonels,West Georgia Wolves,team1_home,80,76,4,156,0.6131,0.3869,81,80,,,backtest
2026-02-19,Florida Gulf Coast Eagles,Jacksonville Dolphins,team1_home,80,72,8,152,0.7534,0.2466,86,84,,,backtest
2026-02-19,Delaware Blue Hens,Western Kentucky Hilltoppers,team1_home,74,77,-3,151,0.4019,0.5981,87,88,,,backtest
2026-02-19,Drake Bulldogs,Southern Illinois Salukis,team1_home,75,74,1,149,0.5164,0.4836,61,66,,,backtest
2026-02-19,UL Monroe Warhawks,Troy Trojans,team1_home,71,83,-12,154,0.1326,0.8674,76,77,,,backtest
2026-02-19,Bellarmine Knights,Lipscomb Bisons,team1_home,80,78,2,158,0.5547,0.4453,72,75,,,backtest
2026-02-19,Sam Houston Bearkats,Middle Tennessee Blue Raiders,team1_home,81,73,8,154,0.7536,0.2464,78,70,,,backtest
2026-02-19,Louisiana Tech Bulldogs,Jacksonville State Gamecocks,team1_home,74,72,2,146,0.582,0.418,77,71,,,backtest
2026-02-19,South Carolina State Bulldogs,North Carolina Central Eagles,team1_home,74,74,0,148,0.4924,0.5076,85,72,,,backtest
2026-02-19,Evansville Purple Aces,UIC Flames,team1_home,69,79,-10,148,0.1603,0.8397,46,84,,,backtest
2026-02-19,UTSA Roadrunners,Florida Atlantic Owls,team1_home,69,82,-13,151,0.1267,0.8733,52,60,,,backtest
2026-02-19,Tulsa Golden Hurricane,Charlotte 49ers,team1_home,82,72,10,154,0.7998,0.2002,79,74,,,backtest
2026-02-19,Northwestern Wildcats,Maryland Terrapins,team1_home,81,70,11,151,0.8491,0.1509,78,74,,,backtest
2026-02-19,Seton Hall Pirates,DePaul Blue Demons,team1_home,76,69,7,145,0.7462,0.2538,57,69,,,backtest
2026-02-19,Omaha Mavericks,Oral Roberts Golden Eagles,team1_home,80,73,7,153,0.7395,0.2605,80,71,,,backtest
2026-02-19,South Dakota State Jackrabbits,North Dakota State Bison,team1_home,74,78,-4,152,0.3746,0.6254,66,74,,,backtest
2026-02-19,Missouri State Bears,Kennesaw State Owls,team1_home,77,77,0,154,0.5169,0.4831,87,91,,,backtest
2026-02-19,West Virginia Mountaineers,Utah Utes,team1_home,79,70,9,149,0.8104,0.1896,56,61,,,backtest
2026-02-19,Illinois State Redbirds,Murray State Racers,team1_home,78,76,2,154,0.5863,0.4137,78,61,,,backtest
2026-02-19,Seattle U Redhawks,Saint Mary's Gaels,team1_home,69,78,-9,147,0.1982,0.8018,70,72,,,backtest
2026-02-19,Mississippi State Bulldogs,Auburn Tigers,team1_home,77,81,-4,158,0.3899,0.6101,91,85,,,backtest
2026-02-19,Washington State Cougars,Pacific Tigers,team1_home,76,75,1,151,0.5235,0.4765,87,70,,,backtest
2026-02-19,Portland Pilots,Pepperdine Waves,team1_home,78,72,6,150,0.6764,0.3236,87,95,,,backtest
2026-02-19,Utah State Aggies,Boise State Broncos,team1_home,82,73,9,155,0.791,0.209,75,56,,,backtest
2026-02-19,UNLV Rebels,Colorado State Rams,team1_home,77,78,-1,155,0.4588,0.5412,86,91,,,backtest
2026-02-19,UMBC Retrievers,Vermont Catamounts,team1_home,77,72,5,149,0.6952,0.3048,75,62,,,backtest
2026-02-19,UMass Lowell River Hawks,New Hampshire Wildcats,team1_home,78,70,8,148,0.7801,0.2199,78,56,,,backtest
2026-02-19,Bryant Bulldogs,Binghamton Bearcats,team1_home,74,72,2,146,0.5629,0.4371,67,79,,,backtest
2026-02-19,Liberty Flames,Florida International Panthers,team1_home,81,73,8,154,0.7725,0.2275,90,89,,,backtest
2026-02-19,Winthrop Eagles,South Carolina Upstate Spartans,team1_home,83,70,13,153,0.8768,0.1232,68,64,,,backtest
2026-02-19,App State Mountaineers,Marshall Thundering Herd,team1_home,77,75,2,152,0.5679,0.4321,93,94,,,backtest
2026-02-20,South Florida Bulls,Memphis Tigers,team1_home,84,71,13,155,0.8857,0.1143,87,66,,,backtest
2026-02-20,High Point Panthers,UNC Asheville Bulldogs,team1_home,85,68,17,153,0.9366,0.0634,74,48,,,backtest
2026-02-20,Presbyterian Blue Hose,Longwood Lancers,team1_home,75,75,0,150,0.5268,0.4732,72,65,,,backtest
2026-02-20,Radford Highlanders,Gardner-Webb Runnin' Bulldogs,team1_home,87,66,21,153,0.9751,0.0249,82,70,,,backtest
2026-02-20,Wright State Raiders,IU Indianapolis Jaguars,team1_home,85,73,12,158,0.8421,0.1579,85,73,,,backtest
2026-02-20,Mercyhurst Lakers,Wagner Seahawks,team1_home,75,71,4,146,0.6727,0.3273,80,83,,,backtest
2026-02-20,New Haven Chargers,Stonehill Skyhawks,team1_home,72,68,4,140,0.6361,0.3639,64,51,,,backtest
2026-02-20,Saint Francis Red Flash,Long Island University Sharks,team1_home,70,81,-11,151,0.1605,0.8395,89,91,,,backtest
2026-02-20,Central Connecticut Blue Devils,Le Moyne Dolphins,team1_home,76,73,3,149,0.6171,0.3829,78,77,,,backtest
2026-02-20,Chicago State Cougars,Fairleigh Dickinson Knights,team1_home,73,73,0,146,0.4914,0.5086,59,60,,,backtest
2026-02-20,NJIT Highlanders,UAlbany Great Danes,team1_home,74,73,1,147,0.5158,0.4842,63,81,,,backtest
2026-02-20,UNC Wilmington Seahawks,Monmouth Hawks,team1_home,79,70,9,149,0.7849,0.2151,79,69,,,backtest
2026-02-20,Northeastern Huskies,Drexel Dragons,team1_home,74,75,-1,149,0.4597,0.5403,61,70,,,backtest
2026-02-20,Campbell Fighting Camels,William & Mary Tribe,team1_home,77,79,-2,156,0.4261,0.5739,84,83,,,backtest
2026-02-20,North Carolina A&T Aggies,Charleston Cougars,team1_home,75,77,-2,152,0.4395,0.5605,61,74,,,backtest
2026-02-20,The Citadel Bulldogs,Samford Bulldogs,team1_home,72,80,-8,152,0.241,0.759,75,78,,,backtest
2026-02-20,Mercer Bears,Chattanooga Mocs,team1_home,82,74,8,156,0.7441,0.2559,90,94,,,backtest
2026-02-20,North Florida Ospreys,Austin Peay Governors,team1_home,74,82,-8,156,0.2342,0.7658,76,77,,,backtest
2026-02-20,Bethune-Cookman Wildcats,Alabama State Hornets,team1_home,78,72,6,150,0.7043,0.2957,82,71,,,backtest
2026-02-20,North Dakota Fighting Hawks,Kansas City Roos,team1_home,83,68,15,151,0.9162,0.0838,85,70,,,backtest
2026-02-20,Hofstra Pride,Hampton Pirates,team1_home,81,67,14,148,0.8994,0.1006,79,43,,,backtest
2026-02-20,South Alabama Jaguars,Texas State Bobcats,team1_home,77,71,6,148,0.7009,0.2991,82,90,,,backtest
2026-02-20,Louisiana Ragin' Cajuns,Arkansas State Red Wolves,team1_home,71,78,-7,149,0.2663,0.7337,62,79,,,backtest
2026-02-20,Georgia State Panthers,Georgia Southern Eagles,team1_home,74,78,-4,152,0.3319,0.6681,66,64,,,backtest
2026-02-20,Stetson Hatters,Central Arkansas Bears,team1_home,74,80,-6,154,0.288,0.712,76,88,,,backtest
2026-02-20,Utah Valley Wolverines,California Baptist Lancers,team1_home,77,72,5,149,0.6647,0.3353,65,46,,,backtest
2026-02-20,UT Arlington Mavericks,Utah Tech Trailblazers,team1_home,75,72,3,147,0.5828,0.4172,63,50,,,backtest
2026-02-20,Tarleton State Texans,Southern Utah Thunderbirds,team1_home,78,72,6,150,0.7034,0.2966,78,74,,,backtest
2026-02-20,Little Rock Trojans,UT Martin Skyhawks,team1_home,70,74,-4,144,0.3626,0.6374,67,65,,,backtest
2026-02-20,Eastern Illinois Panthers,Morehead State Eagles,team1_home,72,76,-4,148,0.3578,0.6422,70,73,,,backtest
2026-02-20,Mississippi Valley State Delta Devils,Prairie View A&M Panthers,team1_home,68,81,-13,149,0.1185,0.8815,62,72,,,backtest
2026-02-20,Tennessee Tech Golden Eagles,SIU Edwardsville Cougars,team1_home,73,74,-1,147,0.4682,0.5318,62,52,,,backtest
2026-02-20,Arkansas-Pine Bluff Golden Lions,Texas Southern Tigers,team1_home,77,75,2,152,0.5716,0.4284,64,83,,,backtest
2026-02-20,UC Santa Barbara Gauchos,Cal State Northridge Matadors,team1_home,81,74,7,155,0.7461,0.2539,83,85,,,backtest
2026-02-20,Denver Pioneers,South Dakota Coyotes,team1_home,82,77,5,159,0.6785,0.3215,90,70,,,backtest
2026-02-20,Weber State Wildcats,Montana State Bobcats,team1_home,78,77,1,155,0.5208,0.4792,82,79,,,backtest
2026-02-20,Idaho State Bengals,Montana Grizzlies,team1_home,78,76,2,154,0.5702,0.4298,73,69,,,backtest
2026-02-20,Portland State Vikings,Idaho Vandals,team1_home,76,74,2,150,0.5699,0.4301,77,67,,,backtest
2026-02-20,North Texas Mean Green,Tulane Green Wave,team1_home,76,71,5,147,0.6885,0.3115,71,77,,,backtest
2026-02-20,Florida A&M Rattlers,Alabama A&M Bulldogs,team1_home,74,74,0,148,0.5127,0.4873,61,63,,,backtest
2026-02-20,UC Riverside Highlanders,Cal State Bakersfield Roadrunners,team1_home,79,73,6,152,0.7024,0.2976,93,65,,,backtest
2026-02-20,Cal State Fullerton Titans,UC Davis Aggies,team1_home,78,76,2,154,0.5636,0.4364,93,92,,,backtest
2026-02-20,Long Beach State Beach,UC Irvine Anteaters,team1_home,72,77,-5,149,0.3386,0.6614,58,69,,,backtest
2026-02-20,Sacramento State Hornets,Eastern Washington Eagles,team1_home,77,79,-2,156,0.4224,0.5776,94,102,,,backtest
2026-02-20,Hawai'i Rainbow Warriors,Cal Poly Mustangs,team1_home,83,70,13,153,0.858,0.142,75,86,,,backtest
2026-02-21,Purdue Boilermakers,Indiana Hoosiers,team1_home,80,74,6,154,0.6959,0.3041,93,64,,,backtest
2026-02-21,Saint Louis Billikens,VCU Rams,team1_home,82,75,7,157,0.7277,0.2723,88,75,,,backtest
2026-02-21,Miami (OH) RedHawks,Bowling Green Falcons,team1_home,83,73,10,156,0.8042,0.1958,91,77,,,backtest
2026-02-20,Ball State Cardinals,Akron Zips,team1_home,69,82,-13,151,0.121,0.879,65,78,,,backtest
2026-02-21,Iona Gaels,Saint Peter's Peacocks,team1_home,76,72,4,148,0.6382,0.3618,72,64,,,backtest
2026-02-21,Fairfield Stags,Sacred Heart Pioneers,team1_home,79,72,7,151,0.7188,0.2812,78,68,,,backtest
2026-02-21,Brown Bears,Princeton Tigers,team1_home,73,73,0,146,0.5223,0.4777,80,71,,,backtest
2026-02-21,Detroit Mercy Titans,Milwaukee Panthers,team1_home,80,75,5,155,0.6507,0.3493,91,86,,,backtest
2026-02-21,Oakland Golden Grizzlies,Green Bay Phoenix,team1_home,80,77,3,157,0.6036,0.3964,68,73,,,backtest
2026-02-21,Mount St. Mary's Mountaineers,Niagara Purple Eagles,team1_home,76,69,7,145,0.7582,0.2418,76,63,,,backtest
2026-02-21,Rider Broncs,Canisius Golden Griffins,team1_home,71,72,-1,143,0.4678,0.5322,66,72,,,backtest
2026-02-21,Manhattan Jaspers,Marist Red Foxes,team1_home,71,76,-5,147,0.3025,0.6975,70,84,,,backtest
2026-02-21,Merrimack Warriors,Siena Saints,team1_home,73,72,1,145,0.502,0.498,79,72,,,backtest
2026-02-21,Duke Blue Devils,Michigan Wolverines,neutral,78,76,2,154,0.5962,0.4038,68,63,,,backtest
2026-02-21,Houston Cougars,Arizona Wildcats,team1_home,76,76,0,152,0.5268,0.4732,66,73,,,backtest
2026-02-21,Villanova Wildcats,UConn Huskies,team1_home,74,76,-2,150,0.4331,0.5669,63,73,,,backtest
2026-02-22,BYU Cougars,Iowa State Cyclones,team1_home,76,79,-3,155,0.3932,0.6068,79,69,,,backtest
2026-02-21,Kansas Jayhawks,Cincinnati Bearcats,team1_home,77,71,6,148,0.701,0.299,68,84,,,backtest
2026-02-21,Nebraska Cornhuskers,Penn State Nittany Lions,team1_home,84,68,16,152,0.9346,0.0654,87,64,,,backtest
2026-02-22,UCLA Bruins,Illinois Fighting Illini,team1_home,76,78,-2,154,0.4469,0.5531,95,94,,,backtest
2026-02-22,Gonzaga Bulldogs,Pacific Tigers,team1_home,84,67,17,151,0.9421,0.0579,71,62,,,backtest
2026-02-21,Ole Miss Rebels,Florida Gators,team1_home,73,82,-9,155,0.1943,0.8057,75,94,,,backtest
2026-02-21,Texas Tech Red Raiders,Kansas State Wildcats,team1_home,84,72,12,156,0.8527,0.1473,100,72,,,backtest
2026-02-21,Virginia Cavaliers,Miami Hurricanes,team1_home,79,75,4,154,0.6332,0.3668,86,83,,,backtest
2026-02-21,Syracuse Orange,North Carolina Tar Heels,team1_home,74,78,-4,152,0.3525,0.6475,64,77,,,backtest
2026-02-21,St. John's Red Storm,Creighton Bluejays,team1_home,82,71,11,153,0.8399,0.1601,81,52,,,backtest
2026-02-21,Vanderbilt Commodores,Tennessee Volunteers,team1_home,80,76,4,156,0.6263,0.3737,65,69,,,backtest
2026-02-21,Arkansas Razorbacks,Missouri Tigers,team1_home,82,77,5,159,0.6819,0.3181,94,86,,,backtest
2026-02-21,Louisville Cardinals,Georgia Tech Yellow Jackets,team1_home,86,68,18,154,0.9457,0.0543,87,70,,,backtest
2026-02-21,LSU Tigers,Alabama Crimson Tide,team1_home,81,80,1,161,0.5177,0.4823,83,90,,,backtest
2026-02-21,Howard Bison,North Carolina Central Eagles,team1_home,83,66,17,149,0.9425,0.0575,100,67,,,backtest
2026-02-21,Saint Joseph's Hawks,Loyola Chicago Ramblers,team1_home,80,68,12,148,0.8633,0.1367,75,61,,,backtest
2026-02-21,Charlotte 49ers,East Carolina Pirates,team1_home,80,71,9,151,0.7829,0.2171,68,56,,,backtest
2026-02-21,Minnesota Golden Gophers,Rutgers Scarlet Knights,team1_home,79,70,9,149,0.796,0.204,80,61,,,backtest
2026-02-21,Virginia Tech Hokies,Wake Forest Demon Deacons,team1_home,80,75,5,155,0.686,0.314,82,63,,,backtest
2026-02-21,Clemson Tigers,Florida State Seminoles,team1_home,80,72,8,152,0.7479,0.2521,65,70,,,backtest
2026-02-21,UMass Lowell River Hawks,Binghamton Bearcats,team1_home,79,71,8,150,0.7652,0.2348,92,79,,,backtest
2026-02-21,UMBC Retrievers,UAlbany Great Danes,team1_home,82,68,14,150,0.908,0.092,66,62,,,backtest
2026-02-21,VMI Keydets,Western Carolina Catamounts,team1_home,73,81,-8,154,0.2504,0.7496,62,81,,,backtest
2026-02-21,The Citadel Bulldogs,Chattanooga Mocs,team1_home,74,78,-4,152,0.3348,0.6652,72,93,,,backtest
2026-02-21,Louisiana Ragin' Cajuns,Texas State Bobcats,team1_home,71,75,-4,146,0.3753,0.6247,67,54,,,backtest
2026-02-21,Coastal Carolina Chanticleers,Marshall Thundering Herd,team1_home,75,77,-2,152,0.4269,0.5731,79,75,,,backtest
2026-02-21,App State Mountaineers,Georgia Southern Eagles,team1_home,77,74,3,151,0.6192,0.3808,89,74,,,backtest
2026-02-21,South Carolina Gamecocks,Mississippi State Bulldogs,team1_home,80,75,5,155,0.6791,0.3209,97,89,,,backtest
2026-02-21,Butler Bulldogs,Xavier Musketeers,team1_home,80,76,4,156,0.6486,0.3514,80,75,,,backtest
2026-02-21,Army Black Knights,Navy Midshipmen,team1_home,69,80,-11,149,0.1436,0.8564,63,81,,,backtest
2026-02-21,Dayton Flyers,Duquesne Dukes,team1_home,79,72,7,151,0.7312,0.2688,78,66,,,backtest
2026-02-21,Fordham Rams,Davidson Wildcats,team1_home,73,72,1,145,0.5589,0.4411,63,59,,,backtest
2026-02-21,Pittsburgh Panthers,Notre Dame Fighting Irish,team1_home,76,74,2,150,0.5614,0.4386,73,68,,,backtest
2026-02-21,Colgate Raiders,Loyola Maryland Greyhounds,team1_home,81,73,8,154,0.7528,0.2472,101,98,,,backtest
2026-02-21,Columbia Lions,Dartmouth Big Green,team1_home,80,72,8,152,0.768,0.232,63,64,,,backtest
2026-02-21,North Dakota State Bison,Kansas City Roos,team1_home,88,63,25,151,0.99,0.01,95,59,,,backtest
2026-02-21,Chicago State Cougars,Central Connecticut Blue Devils,team1_home,71,77,-6,148,0.3019,0.6981,70,51,,,backtest
2026-02-21,Cornell Big Red,Harvard Crimson,team1_home,79,75,4,154,0.6283,0.3717,54,73,,,backtest
2026-02-21,Yale Bulldogs,Pennsylvania Quakers,team1_home,82,71,11,153,0.8269,0.1731,74,70,,,backtest
2026-02-21,Saint Francis Red Flash,Wagner Seahawks,team1_home,72,77,-5,149,0.3321,0.6679,56,65,,,backtest
2026-02-21,Mercyhurst Lakers,Long Island University Sharks,team1_home,73,74,-1,147,0.4806,0.5194,91,83,,,backtest
2026-02-21,Stonehill Skyhawks,Le Moyne Dolphins,team1_home,71,74,-3,145,0.396,0.604,77,68,,,backtest
2026-02-21,Northeastern Huskies,Hofstra Pride,team1_home,72,80,-8,152,0.2271,0.7729,68,82,,,backtest
2026-02-21,Mercer Bears,Samford Bulldogs,team1_home,81,76,5,157,0.6595,0.3405,89,86,,,backtest
2026-02-21,Florida Gulf Coast Eagles,Central Arkansas Bears,team1_home,77,77,0,154,0.4857,0.5143,75,71,,,backtest
2026-02-21,Tennessee State Tigers,SIU Edwardsville Cougars,team1_home,77,70,7,147,0.7266,0.2734,80,53,,,backtest
2026-02-21,Middle Tennessee Blue Raiders,Delaware Blue Hens,team1_home,79,71,8,150,0.7705,0.2295,78,66,,,backtest
2026-02-21,La Salle Explorers,Rhode Island Rams,team1_home,71,76,-5,147,0.3298,0.6702,59,46,,,backtest
2026-02-21,UIC Flames,Valparaiso Beacons,team1_home,77,72,5,149,0.6744,0.3256,67,71,,,backtest
2026-02-21,Maryland Terrapins,Washington Huskies,team1_home,73,79,-6,152,0.2981,0.7019,64,60,,,backtest
2026-02-21,Air Force Falcons,UNLV Rebels,team1_home,67,83,-16,150,0.0645,0.9355,66,91,,,backtest
2026-02-21,South Dakota State Jackrabbits,North Dakota Fighting Hawks,team1_home,80,73,7,153,0.7349,0.2651,91,83,,,backtest
2026-02-21,Northern Illinois Huskies,Ohio Bobcats,team1_home,72,78,-6,150,0.2974,0.7026,66,74,,,backtest
2026-02-21,UL Monroe Warhawks,Arkansas State Red Wolves,team1_home,72,84,-12,156,0.1566,0.8434,94,102,,,backtest
2026-02-21,Southern Miss Golden Eagles,Old Dominion Monarchs,team1_home,78,74,4,152,0.6484,0.3516,86,81,,,backtest
2026-02-21,UT Arlington Mavericks,Utah Valley Wolverines,team1_home,71,76,-5,147,0.3434,0.6566,54,66,,,backtest
2026-02-21,Florida International Panthers,Missouri State Bears,team1_home,78,75,3,153,0.6015,0.3985,70,67,,,backtest
2026-02-21,Colorado Buffaloes,Oklahoma State Cowboys,team1_home,81,78,3,159,0.6091,0.3909,83,69,,,backtest
2026-02-21,Georgia Bulldogs,Texas Longhorns,team1_home,82,79,3,161,0.6235,0.3765,91,80,,,backtest
2026-02-21,Stetson Hatters,North Florida Ospreys,team1_home,81,75,6,156,0.6983,0.3017,76,71,,,backtest
2026-02-21,Sam Houston Bearkats,Jacksonville State Gamecocks,team1_home,80,71,9,151,0.7775,0.2225,82,78,,,backtest
2026-02-21,Georgia State Panthers,James Madison Dukes,team1_home,73,77,-4,150,0.3464,0.6536,65,80,,,backtest
2026-02-21,Murray State Racers,Evansville Purple Aces,team1_home,86,67,19,153,0.9559,0.0441,88,75,,,backtest
2026-02-21,Norfolk State Spartans,South Carolina State Bulldogs,team1_home,80,68,12,148,0.8662,0.1338,90,71,,,backtest
2026-02-21,Baylor Bears,Arizona State Sun Devils,team1_home,82,74,8,156,0.748,0.252,73,68,,,backtest
2026-02-21,USC Trojans,Oregon Ducks,team1_home,79,73,6,152,0.6987,0.3013,70,71,,,backtest
2026-02-21,High Point Panthers,Winthrop Eagles,team1_home,85,73,12,158,0.8477,0.1523,89,87,,,backtest
2026-02-21,Charleston Southern Buccaneers,Longwood Lancers,team1_home,79,75,4,154,0.6234,0.3766,96,107,,,backtest
2026-02-21,Boise State Broncos,San José State Spartans,team1_home,82,70,12,152,0.8806,0.1194,84,69,,,backtest
2026-02-21,SMU Mustangs,Boston College Eagles,team1_home,83,69,14,152,0.8921,0.1079,94,70,,,backtest
2026-02-21,New Hampshire Wildcats,Maine Black Bears,team1_home,72,71,1,143,0.5527,0.4473,58,61,,,backtest
2026-02-21,Charleston Cougars,Monmouth Hawks,team1_home,76,73,3,149,0.5954,0.4046,74,63,,,backtest
2026-02-21,Stony Brook Seawolves,Hampton Pirates,team1_home,76,71,5,147,0.675,0.325,79,72,,,backtest
2026-02-21,Campbell Fighting Camels,UNC Wilmington Seahawks,team1_home,73,79,-6,152,0.2922,0.7078,68,73,,,backtest
2026-02-21,UNC Greensboro Spartans,East Tennessee State Buccaneers,team1_home,74,80,-6,154,0.3082,0.6918,75,87,,,backtest
2026-02-21,South Alabama Jaguars,Troy Trojans,team1_home,76,75,1,151,0.552,0.448,65,54,,,backtest
2026-02-21,Little Rock Trojans,Southeast Missouri State Redhawks,team1_home,72,75,-3,147,0.4064,0.5936,65,70,,,backtest
2026-02-21,Abilene Christian Wildcats,Southern Utah Thunderbirds,team1_home,76,72,4,148,0.6403,0.3597,87,83,,,backtest
2026-02-21,Liberty Flames,Western Kentucky Hilltoppers,team1_home,80,73,7,153,0.7338,0.2662,73,94,,,backtest
2026-02-21,UNC Asheville Bulldogs,Radford Highlanders,team1_home,77,76,1,153,0.5228,0.4772,74,73,,,backtest
2026-02-21,Coppin State Eagles,Maryland Eastern Shore Hawks,team1_home,71,72,-1,143,0.4533,0.5467,71,65,,,backtest
2026-02-21,SE Louisiana Lions,UT Rio Grande Valley Vaqueros,team1_home,70,77,-7,147,0.2682,0.7318,75,96,,,backtest
2026-02-21,Northwestern State Demons,Houston Christian Huskies,team1_home,74,72,2,146,0.5673,0.4327,71,53,,,backtest
2026-02-21,Western Illinois Leathernecks,Morehead State Eagles,team1_home,69,79,-10,148,0.1862,0.8138,59,81,,,backtest
2026-02-21,Alcorn State Braves,Jackson State Tigers,team1_home,76,73,3,149,0.5995,0.4005,83,65,,,backtest
2026-02-21,Morgan State Bears,Delaware State Hornets,team1_home,77,68,9,145,0.8091,0.1909,82,68,,,backtest
2026-02-21,TCU Horned Frogs,West Virginia Mountaineers,team1_home,76,71,5,147,0.6806,0.3194,60,54,,,backtest
2026-02-21,Central Michigan Chippewas,Western Michigan Broncos,team1_home,78,74,4,152,0.6326,0.3674,83,70,,,backtest
2026-02-21,Toledo Rockets,Eastern Michigan Eagles,team1_home,81,72,9,153,0.7991,0.2009,94,75,,,backtest
2026-02-21,UC Riverside Highlanders,UC Davis Aggies,team1_home,73,78,-5,151,0.3526,0.6474,73,78,,,backtest
2026-02-21,Portland State Vikings,Eastern Washington Eagles,team1_home,79,73,6,152,0.6852,0.3148,55,67,,,backtest
2026-02-21,Tarleton State Texans,Utah Tech Trailblazers,team1_home,75,75,0,150,0.4873,0.5127,72,80,,,backtest
2026-02-21,Kennesaw State Owls,Louisiana Tech Bulldogs,team1_home,78,72,6,150,0.7144,0.2856,58,55,,,backtest
2026-02-21,South Carolina Upstate Spartans,Presbyterian Blue Hose,team1_home,74,74,0,148,0.4898,0.5102,76,74,,,backtest
2026-02-21,Bethune-Cookman Wildcats,Alabama A&M Bulldogs,team1_home,77,74,3,151,0.6044,0.3956,85,76,,,backtest
2026-02-21,Lipscomb Bisons,North Alabama Lions,team1_home,83,69,14,152,0.8933,0.1067,73,51,,,backtest
2026-02-21,Northern Iowa Panthers,Southern Illinois Salukis,team1_home,76,68,8,144,0.7657,0.2343,57,59,,,backtest
2026-02-21,San Diego Toreros,Loyola Marymount Lions,team1_home,75,75,0,150,0.4965,0.5035,65,77,,,backtest
2026-02-21,Richmond Spiders,St. Bonaventure Bonnies,team1_home,79,76,3,155,0.6007,0.3993,99,94,,,backtest
2026-02-21,Wichita State Shockers,Temple Owls,team1_home,79,72,7,151,0.7378,0.2622,69,57,,,backtest
2026-02-21,Southern Jaguars,Grambling Tigers,team1_home,76,73,3,149,0.5861,0.4139,87,73,,,backtest
2026-02-21,Colorado State Rams,San Diego State Aztecs,team1_home,77,75,2,152,0.5834,0.4166,83,74,,,backtest
2026-02-21,California Golden Bears,Stanford Cardinal,team1_home,78,74,4,152,0.6065,0.3935,72,66,,,backtest
2026-02-21,Denver Pioneers,St. Thomas-Minnesota Tommies,team1_home,78,79,-1,157,0.4434,0.5566,82,80,,,backtest
2026-02-21,Massachusetts Minutemen,Buffalo Bulls,team1_home,79,77,2,156,0.5386,0.4614,82,86,,,backtest
2026-02-21,Stephen F. Austin Lumberjacks,Nicholls Colonels,team1_home,82,67,15,149,0.9107,0.0893,81,78,,,backtest
2026-02-21,East Texas A&M Lions,Incarnate Word Cardinals,team1_home,74,74,0,148,0.4987,0.5013,73,82,,,backtest
2026-02-21,Idaho State Bengals,Montana State Bobcats,team1_home,76,77,-1,153,0.4406,0.5594,91,76,,,backtest
2026-02-21,Seton Hall Pirates,Georgetown Hoyas,team1_home,77,71,6,148,0.7087,0.2913,51,47,,,backtest
2026-02-21,Arkansas-Pine Bluff Golden Lions,Prairie View A&M Panthers,team1_home,76,76,0,152,0.4991,0.5009,84,82,,,backtest
2026-02-21,Florida A&M Rattlers,Alabama State Hornets,team1_home,76,72,4,148,0.6261,0.3739,76,63,,,backtest
2026-02-22,Fairleigh Dickinson Knights,New Haven Chargers,team1_home,73,70,3,143,0.6265,0.3735,77,84,,,backtest
2026-02-22,NJIT Highlanders,Vermont Catamounts,team1_home,69,77,-8,146,0.2371,0.7629,64,70,,,backtest
2026-02-22,Elon Phoenix,North Carolina A&T Aggies,team1_home,80,74,6,154,0.6934,0.3066,82,102,,,backtest
2026-02-22,Wofford Terriers,Furman Paladins,team1_home,77,76,1,153,0.5333,0.4667,67,76,,,backtest
2026-02-22,Lamar Cardinals,New Orleans Privateers,team1_home,76,73,3,149,0.6255,0.3745,71,77,,,backtest
2026-02-22,Bellarmine Knights,Eastern Kentucky Colonels,team1_home,80,78,2,158,0.5917,0.4083,92,95,,,backtest
2026-02-22,Jacksonville Dolphins,Austin Peay Governors,team1_home,73,79,-6,152,0.3143,0.6857,61,65,,,backtest
2026-02-22,Mississippi Valley State Delta Devils,Texas Southern Tigers,team1_home,69,80,-11,149,0.1608,0.8392,72,71,,,backtest
2026-02-22,Bradley Braves,Illinois State Redbirds,team1_home,76,75,1,151,0.5546,0.4454,74,60,,,backtest
2026-02-22,Belmont Bruins,Indiana State Sycamores,team1_home,85,69,16,154,0.9204,0.0796,87,70,,,backtest
2026-02-22,Oregon State Beavers,Pepperdine Waves,team1_home,79,70,9,149,0.7877,0.2123,83,73,,,backtest
2026-02-22,Fresno State Bulldogs,New Mexico Lobos,team1_home,73,79,-6,152,0.2994,0.7006,78,80,,,backtest
2026-02-22,Grand Canyon Lopes,Wyoming Cowboys,team1_home,78,73,5,151,0.6808,0.3192,65,70,,,backtest
2026-02-22,Oral Roberts Golden Eagles,South Dakota Coyotes,team1_home,77,77,0,154,0.4698,0.5302,67,62,,,backtest
2026-02-22,McNeese Cowboys,Texas A&M-Corpus Christi Islanders,team1_home,80,67,13,147,0.8895,0.1105,70,54,,,backtest
2026-02-22,Northern Colorado Bears,Northern Arizona Lumberjacks,team1_home,83,70,13,153,0.8864,0.1136,78,77,,,backtest
2026-02-22,DePaul Blue Demons,Providence Friars,team1_home,76,77,-1,153,0.4732,0.5268,68,71,,,backtest
2026-02-22,Oklahoma Sooners,Texas A&M Aggies,team1_home,82,79,3,161,0.5671,0.4329,71,75,,,backtest
2026-02-22,Auburn Tigers,Kentucky Wildcats,team1_home,79,79,0,158,0.5301,0.4699,75,74,,,backtest
2026-02-22,Utah Utes,UCF Knights,team1_home,76,80,-4,156,0.3615,0.6385,71,73,,,backtest
2026-02-22,Long Beach State Beach,Cal State Northridge Matadors,team1_home,76,77,-1,153,0.4513,0.5487,76,78,,,backtest
2026-02-22,New Mexico State Aggies,UTEP Miners,team1_home,79,69,10,148,0.8198,0.1802,67,63,,,backtest
2026-02-22,Cal State Bakersfield Roadrunners,Cal State Fullerton Titans,team1_home,74,80,-6,154,0.2893,0.7107,80,88,,,backtest
2026-02-22,Weber State Wildcats,Montana Grizzlies,team1_home,80,75,5,155,0.6538,0.3462,92,72,,,backtest
2026-02-22,Nevada Wolf Pack,Utah State Aggies,team1_home,76,78,-2,154,0.4144,0.5856,80,77,,,backtest
2026-02-22,San Francisco Dons,Santa Clara Broncos,team1_home,75,79,-4,154,0.3768,0.6232,73,94,,,backtest
2026-02-22,Seattle U Redhawks,Portland Pilots,team1_home,78,69,9,147,0.7858,0.2142,71,59,,,backtest
2026-02-22,Hawai'i Rainbow Warriors,UC Santa Barbara Gauchos,team1_home,79,73,6,152,0.6755,0.3245,78,75,,,backtest
2026-02-22,UC Irvine Anteaters,UC San Diego Tritons,team1_home,75,72,3,147,0.5878,0.4122,69,71,,,backtest
2026-02-22,Sacramento State Hornets,Idaho Vandals,team1_home,74,80,-6,154,0.3039,0.6961,80,86,,,backtest
2026-02-22,Washington State Cougars,Saint Mary's Gaels,team1_home,71,80,-9,151,0.2047,0.7953,67,83,,,backtest
2026-02-22,Michigan State Spartans,Ohio State Buckeyes,team1_home,79,74,5,153,0.6699,0.3301,66,60,,,backtest
2026-02-22,Wisconsin Badgers,Iowa Hawkeyes,team1_home,78,76,2,154,0.5437,0.4563,84,71,,,backtest
2026-02-22,Lafayette Leopards,American University Eagles,team1_home,73,76,-3,149,0.4294,0.5706,61,75,,,backtest
2026-02-22,Memphis Tigers,UAB Blazers,team1_home,75,77,-2,152,0.4231,0.5769,67,78,,,backtest
2026-02-22,Bucknell Bison,Holy Cross Crusaders,team1_home,74,73,1,147,0.5385,0.4615,63,72,,,backtest
2026-02-22,Lehigh Mountain Hawks,Boston University Terriers,team1_home,76,76,0,152,0.4803,0.5197,70,67,,,backtest
2026-02-22,Rider Broncs,Niagara Purple Eagles,team1_home,71,73,-2,144,0.4328,0.5672,67,62,,,backtest
2026-02-22,Merrimack Warriors,Iona Gaels,team1_home,75,72,3,147,0.6362,0.3638,88,86,,,backtest
2026-02-22,Detroit Mercy Titans,Green Bay Phoenix,team1_home,78,76,2,154,0.5666,0.4334,74,70,,,backtest
2026-02-22,Marist Red Foxes,Sacred Heart Pioneers,team1_home,78,69,9,147,0.7809,0.2191,65,63,,,backtest
2026-02-22,Tulane Green Wave,Rice Owls,team1_home,77,73,4,150,0.6406,0.3594,81,75,,,backtest
2026-02-22,Quinnipiac Bobcats,Fairfield Stags,team1_home,76,73,3,149,0.5799,0.4201,79,85,,,backtest
2026-02-22,Youngstown State Penguins,Northern Kentucky Norse,team1_home,78,77,1,155,0.5205,0.4795,64,58,,,backtest
2026-02-22,Wright State Raiders,Robert Morris Colonials,team1_home,79,76,3,155,0.618,0.382,68,81,,,backtest
2026-02-22,Cleveland State Vikings,Purdue Fort Wayne Mastodons,team1_home,79,79,0,158,0.5093,0.4907,86,92,,,backtest
2026-02-22,Siena Saints,Saint Peter's Peacocks,team1_home,77,69,8,146,0.7642,0.2358,72,63,,,backtest
2026-02-22,Mount St. Mary's Mountaineers,Canisius Golden Griffins,team1_home,76,67,9,143,0.7895,0.2105,68,47,,,backtest
2026-02-22,Drexel Dragons,Towson Tigers,team1_home,73,70,3,143,0.5894,0.4106,68,62,,,backtest
2026-02-22,Oakland Golden Grizzlies,Milwaukee Panthers,team1_home,82,76,6,158,0.6985,0.3015,81,70,,,backtest
2026-02-22,Tulsa Golden Hurricane,UTSA Roadrunners,team1_home,86,66,20,152,0.9738,0.0262,100,74,,,backtest
2026-02-22,North Texas Mean Green,Florida Atlantic Owls,team1_home,75,73,2,148,0.5388,0.4612,73,72,,,backtest
2026-02-24,Kansas Jayhawks,Houston Cougars,team1_home,73,77,-4,150,0.366,0.634,69,56,,,backtest
2026-02-24,North Carolina Tar Heels,Louisville Cardinals,team1_home,78,78,0,156,0.4956,0.5044,77,74,,,backtest
2026-02-24,SE Louisiana Lions,Texas A&M-Corpus Christi Islanders,team1_home,71,73,-2,144,0.4196,0.5804,68,73,,,backtest
2026-02-24,Lamar Cardinals,Nicholls Colonels,team1_home,76,71,5,147,0.6684,0.3316,52,53,,,backtest
2026-02-24,Northwestern State Demons,Incarnate Word Cardinals,team1_home,74,73,1,147,0.5402,0.4598,54,49,,,backtest
2026-02-24,Stephen F. Austin Lumberjacks,New Orleans Privateers,team1_home,82,69,13,151,0.8866,0.1134,73,77,,,backtest
2026-02-24,McNeese Cowboys,UT Rio Grande Valley Vaqueros,team1_home,79,70,9,149,0.7881,0.2119,75,68,,,backtest
2026-02-24,East Texas A&M Lions,Houston Christian Huskies,team1_home,74,73,1,147,0.5364,0.4636,68,69,,,backtest
2026-02-24,Grambling Tigers,Mississippi Valley State Delta Devils,team1_home,82,64,18,146,0.9667,0.0333,83,62,,,backtest
2026-02-25,Notre Dame Fighting Irish,Duke Blue Devils,team1_home,69,81,-12,150,0.1422,0.8578,56,100,,,backtest
2026-02-25,Baylor Bears,Arizona Wildcats,team1_home,74,82,-8,156,0.2762,0.7238,80,87,,,backtest
2026-02-25,Michigan Wolverines,Minnesota Golden Gophers,team1_home,84,68,16,152,0.921,0.079,77,67,,,backtest
2026-02-25,Utah Utes,Iowa State Cyclones,team1_home,70,82,-12,152,0.1509,0.8491,59,75,,,backtest
2026-02-25,Virginia Cavaliers,NC State Wolfpack,team1_home,82,75,7,157,0.724,0.276,90,61,,,backtest
2026-02-25,Texas Tech Red Raiders,Cincinnati Bearcats,team1_home,79,72,7,151,0.7331,0.2669,80,68,,,backtest
2026-02-25,BYU Cougars,UCF Knights,team1_home,83,76,7,159,0.7225,0.2775,84,97,,,backtest
2026-02-24,Eastern Michigan Eagles,Miami (OH) RedHawks,team1_home,71,82,-11,153,0.1663,0.8337,64,74,,,backtest
2026-02-25,Missouri Tigers,Tennessee Volunteers,team1_home,76,79,-3,155,0.4019,0.5981,73,69,,,backtest
2026-02-25,Dayton Flyers,Saint Louis Billikens,team1_home,73,80,-7,153,0.2994,0.7006,77,62,,,backtest
2026-02-24,New Haven Chargers,Saint Francis Red Flash,team1_home,76,70,6,146,0.7164,0.2836,67,73,,,backtest
2026-02-24,La Salle Explorers,George Washington Revolutionaries,team1_home,71,81,-10,152,0.1683,0.8317,77,104,,,backtest
2026-02-24,Rutgers Scarlet Knights,Washington Huskies,team1_home,74,78,-4,152,0.3674,0.6326,72,79,,,backtest
2026-02-25,Oklahoma State Cowboys,West Virginia Mountaineers,team1_home,76,75,1,151,0.5462,0.4538,91,84,,,backtest
2026-02-25,Indiana Hoosiers,Northwestern Wildcats,team1_home,79,73,6,152,0.7122,0.2878,68,72,,,backtest
2026-02-25,Georgetown Hoyas,Marquette Golden Eagles,team1_home,78,73,5,151,0.6465,0.3535,60,76,,,backtest
2026-02-25,Bowling Green Falcons,Western Michigan Broncos,team1_home,82,70,12,152,0.8635,0.1365,79,88,,,backtest
2026-02-25,Toledo Rockets,Northern Illinois Huskies,team1_home,85,67,18,152,0.9511,0.0489,79,69,,,backtest
2026-02-25,Ball State Cardinals,Massachusetts Minutemen,team1_home,73,77,-4,150,0.351,0.649,74,73,,,backtest
2026-02-25,Kent State Golden Flashes,Central Michigan Chippewas,team1_home,83,73,10,156,0.8126,0.1874,83,81,,,backtest
2026-02-25,Akron Zips,Buffalo Bulls,team1_home,83,74,9,157,0.7737,0.2263,99,85,,,backtest
2026-02-25,Troy Trojans,Louisiana Ragin' Cajuns,team1_home,81,67,14,148,0.915,0.085,78,59,,,backtest
2026-02-25,Marshall Thundering Herd,Old Dominion Monarchs,team1_home,82,74,8,156,0.765,0.235,97,88,,,backtest
2026-02-25,South Carolina Gamecocks,Kentucky Wildcats,team1_home,75,79,-4,154,0.3488,0.6512,63,72,,,backtest
2026-02-25,Georgia State Panthers,Coastal Carolina Chanticleers,team1_home,73,74,-1,147,0.4452,0.5548,71,76,,,backtest
2026-02-25,UIC Flames,Bradley Braves,team1_home,77,74,3,151,0.5808,0.4192,93,86,,,backtest
2026-02-25,Arkansas State Red Wolves,Southern Miss Golden Eagles,team1_home,80,73,7,153,0.7226,0.2774,89,84,,,backtest
2026-02-25,Colorado State Rams,Fresno State Bulldogs,team1_home,80,71,9,151,0.8016,0.1984,74,70,,,backtest
2026-02-25,TCU Horned Frogs,Arizona State Sun Devils,team1_home,81,72,9,153,0.7996,0.2004,90,78,,,backtest
2026-02-25,Boise State Broncos,Wyoming Cowboys,team1_home,79,75,4,154,0.6347,0.3653,72,62,,,backtest
2026-02-25,Florida State Seminoles,Miami Hurricanes,team1_home,76,80,-4,156,0.3443,0.6557,73,83,,,backtest
2026-02-25,Air Force Falcons,San José State Spartans,team1_home,70,78,-8,148,0.2385,0.7615,80,86,,,backtest
2026-02-25,Oklahoma Sooners,Auburn Tigers,team1_home,81,78,3,159,0.5908,0.4092,91,79,,,backtest
2026-02-25,Nevada Wolf Pack,New Mexico Lobos,team1_home,76,76,0,152,0.5151,0.4849,67,60,,,backtest
2026-02-25,UCLA Bruins,USC Trojans,team1_home,82,72,10,154,0.8211,0.1789,81,62,,,backtest
2026-02-26,UConn Huskies,St. John's Red Storm,team1_home,78,73,5,151,0.6762,0.3238,72,40,,,backtest
2026-02-26,Texas Longhorns,Florida Gators,team1_home,77,80,-3,157,0.3967,0.6033,71,84,,,backtest
2026-02-26,Gonzaga Bulldogs,Portland Pilots,team1_home,87,64,23,151,0.9839,0.0161,89,48,,,backtest
2026-02-26,Nebraska Cornhuskers,Maryland Terrapins,team1_home,85,65,20,150,0.9701,0.0299,74,61,,,backtest
2026-02-26,Alabama Crimson Tide,Mississippi State Bulldogs,team1_home,85,74,11,159,0.8103,0.1897,100,75,,,backtest
2026-02-26,Arkansas Razorbacks,Texas A&M Aggies,team1_home,83,79,4,162,0.6167,0.3833,99,84,,,backtest
2026-02-26,Vanderbilt Commodores,Georgia Bulldogs,team1_home,83,79,4,162,0.6346,0.3654,88,80,,,backtest
2026-02-25,Army Black Knights,Bucknell Bison,team1_home,77,72,5,149,0.6783,0.3217,73,75,,,backtest
2026-02-25,South Carolina State Bulldogs,Morgan State Bears,team1_home,74,75,-1,149,0.4663,0.5337,83,90,,,backtest
2026-02-25,Boston College Eagles,Wake Forest Demon Deacons,team1_home,74,75,-1,149,0.4472,0.5528,68,67,,,backtest
2026-02-25,Furman Paladins,The Citadel Bulldogs,team1_home,83,68,15,151,0.9222,0.0778,72,51,,,backtest
2026-02-25,IU Indianapolis Jaguars,Oakland Golden Grizzlies,team1_home,79,81,-2,160,0.4243,0.5757,74,86,,,backtest
2026-02-26,Northern Iowa Panthers,Illinois State Redbirds,team1_home,76,70,6,146,0.674,0.326,69,71,,,backtest
2026-02-26,Colgate Raiders,Lafayette Leopards,team1_home,80,71,9,151,0.7933,0.2067,69,70,,,backtest
2026-02-26,American University Eagles,Lehigh Mountain Hawks,team1_home,77,72,5,149,0.6666,0.3334,73,78,,,backtest
2026-02-26,Saint Joseph's Hawks,George Mason Patriots,team1_home,74,75,-1,149,0.461,0.539,81,63,,,backtest
2026-02-26,Duquesne Dukes,Davidson Wildcats,team1_home,76,74,2,150,0.547,0.453,56,67,,,backtest
2026-02-26,Charlotte 49ers,North Texas Mean Green,team1_home,76,72,4,148,0.6144,0.3856,80,79,,,backtest
2026-02-26,Boston University Terriers,Holy Cross Crusaders,team1_home,81,70,11,151,0.8383,0.1617,78,63,,,backtest
2026-02-26,Villanova Wildcats,Butler Bulldogs,team1_home,81,73,8,154,0.7729,0.2271,82,73,,,backtest
2026-02-26,Loyola Maryland Greyhounds,Navy Midshipmen,team1_home,70,80,-10,150,0.1999,0.8001,51,78,,,backtest
2026-02-26,South Dakota Coyotes,Omaha Mavericks,team1_home,78,76,2,154,0.5613,0.4387,89,72,,,backtest
2026-02-26,Robert Morris Colonials,Detroit Mercy Titans,team1_home,81,73,8,154,0.7726,0.2274,73,62,,,backtest
2026-02-26,Purdue Fort Wayne Mastodons,Wright State Raiders,team1_home,74,80,-6,154,0.3073,0.6927,70,74,,,backtest
2026-02-26,Cleveland State Vikings,Northern Kentucky Norse,team1_home,78,81,-3,159,0.3953,0.6047,70,81,,,backtest
2026-02-26,Western Carolina Catamounts,Mercer Bears,team1_home,78,79,-1,157,0.453,0.547,78,74,,,backtest
2026-02-26,East Tennessee State Buccaneers,Wofford Terriers,team1_home,81,73,8,154,0.7742,0.2258,69,72,,,backtest
2026-02-26,West Georgia Wolves,Lipscomb Bisons,team1_home,76,79,-3,155,0.3978,0.6022,84,78,,,backtest
2026-02-26,Belmont Bruins,Evansville Purple Aces,team1_home,86,65,21,151,0.9784,0.0216,98,64,,,backtest
2026-02-26,Tulane Green Wave,Tulsa Golden Hurricane,team1_home,73,81,-8,154,0.2383,0.7617,56,90,,,backtest
2026-02-26,Providence Friars,Xavier Musketeers,team1_home,83,77,6,160,0.7098,0.2902,94,84,,,backtest
2026-02-26,Valparaiso Beacons,Drake Bulldogs,team1_home,78,73,5,151,0.674,0.326,74,71,,,backtest
2026-02-26,Southern Illinois Salukis,Indiana State Sycamores,team1_home,78,70,8,148,0.7647,0.2353,66,55,,,backtest
2026-02-26,Rice Owls,South Florida Bulls,team1_home,73,82,-9,155,0.2086,0.7914,56,75,,,backtest
2026-02-26,UTSA Roadrunners,East Carolina Pirates,team1_home,72,78,-6,150,0.3207,0.6793,81,82,,,backtest
2026-02-26,Stanford Cardinal,Pittsburgh Panthers,team1_home,79,71,8,150,0.7518,0.2482,75,67,,,backtest
2026-02-26,Milwaukee Panthers,Youngstown State Penguins,team1_home,76,77,-1,153,0.4801,0.5199,78,65,,,backtest
2026-02-26,James Madison Dukes,Georgia Southern Eagles,team1_home,79,76,3,155,0.5886,0.4114,82,66,,,backtest
2026-02-26,South Alabama Jaguars,UL Monroe Warhawks,team1_home,84,67,17,151,0.9452,0.0548,89,54,,,backtest
2026-02-26,Austin Peay Governors,Central Arkansas Bears,team1_home,79,75,4,154,0.6358,0.3642,88,93,,,backtest
2026-02-26,Pepperdine Waves,Seattle U Redhawks,team1_home,71,76,-5,147,0.3368,0.6632,80,87,,,backtest
2026-02-26,Colorado Buffaloes,Kansas State Wildcats,team1_home,82,75,7,157,0.7056,0.2944,79,70,,,backtest
2026-02-26,Iowa Hawkeyes,Ohio State Buckeyes,team1_home,79,74,5,153,0.6579,0.3421,74,57,,,backtest
2026-02-26,Grand Canyon Lopes,UNLV Rebels,team1_home,80,73,7,153,0.7386,0.2614,80,67,,,backtest
2026-02-26,Creighton Bluejays,DePaul Blue Demons,team1_home,77,72,5,149,0.6472,0.3528,71,72,,,backtest
2026-02-26,Ole Miss Rebels,LSU Tigers,team1_home,78,78,0,156,0.5178,0.4822,99,106,,,backtest
2026-02-26,North Alabama Lions,Bellarmine Knights,team1_home,76,78,-2,154,0.4485,0.5515,73,68,,,backtest
2026-02-26,Oregon State Beavers,San Diego Toreros,team1_home,78,73,5,151,0.6606,0.3394,92,82,,,backtest
2026-02-26,California Golden Bears,SMU Mustangs,team1_home,78,78,0,156,0.4751,0.5249,73,69,,,backtest
2026-02-26,Loyola Marymount Lions,Washington State Cougars,team1_home,77,74,3,151,0.5788,0.4212,67,66,,,backtest
2026-02-26,Saint Mary's Gaels,Santa Clara Broncos,team1_home,81,73,8,154,0.7489,0.2511,86,67,,,backtest
2026-02-26,Oregon Ducks,Wisconsin Badgers,team1_home,73,80,-7,153,0.2582,0.7418,85,71,,,backtest
2026-02-26,San Diego State Aztecs,Utah State Aggies,team1_home,76,78,-2,154,0.4204,0.5796,89,72,,,backtest
2026-02-27,Purdue Boilermakers,Michigan State Spartans,team1_home,79,75,4,154,0.633,0.367,74,76,,,backtest
2026-02-26,Hampton Pirates,Charleston Cougars,team1_home,73,75,-2,148,0.4269,0.5731,71,85,,,backtest
2026-02-26,St. Bonaventure Bonnies,Rhode Island Rams,team1_home,77,73,4,150,0.6451,0.3549,94,76,,,backtest
2026-02-26,Binghamton Bearcats,New Hampshire Wildcats,team1_home,75,72,3,147,0.6244,0.3756,65,63,,,backtest
2026-02-26,UMBC Retrievers,Bryant Bulldogs,team1_home,84,63,21,147,0.9799,0.0201,70,58,,,backtest
2026-02-26,Grambling Tigers,Bethune-Cookman Wildcats,team1_home,75,73,2,148,0.5763,0.4237,71,76,,,backtest
2026-02-26,UAlbany Great Danes,Maine Black Bears,team1_home,75,69,6,144,0.7241,0.2759,59,70,,,backtest
2026-02-27,Florida Atlantic Owls,Temple Owls,team1_home,77,74,3,151,0.6012,0.3988,77,73,,,backtest
2026-02-27,Charleston Southern Buccaneers,Winthrop Eagles,team1_home,78,78,0,156,0.4822,0.5178,86,84,,,backtest
2026-02-27,Radford Highlanders,South Carolina Upstate Spartans,team1_home,81,72,9,153,0.7797,0.2203,71,59,,,backtest
2026-02-27,Gardner-Webb Runnin' Bulldogs,UNC Asheville Bulldogs,team1_home,69,81,-12,150,0.1249,0.8751,71,77,,,backtest
2026-02-27,Presbyterian Blue Hose,High Point Panthers,team1_home,70,82,-12,152,0.1483,0.8517,73,79,,,backtest
2026-02-27,Central Connecticut Blue Devils,Mercyhurst Lakers,team1_home,75,72,3,147,0.6047,0.3953,80,78,,,backtest
2026-02-27,Wagner Seahawks,New Haven Chargers,team1_home,76,68,8,144,0.7629,0.2371,65,62,,,backtest
2026-02-27,Stonehill Skyhawks,Saint Francis Red Flash,team1_home,76,70,6,146,0.7142,0.2858,103,77,,,backtest
2026-02-27,Long Island University Sharks,Chicago State Cougars,team1_home,82,66,16,148,0.9395,0.0605,73,56,,,backtest
2026-02-27,Le Moyne Dolphins,Fairleigh Dickinson Knights,team1_home,78,69,9,147,0.7799,0.2201,76,59,,,backtest
2026-02-27,Vermont Catamounts,UMass Lowell River Hawks,team1_home,81,69,12,150,0.8593,0.1407,66,64,,,backtest
2026-02-27,Drexel Dragons,Campbell Fighting Camels,team1_home,76,72,4,148,0.6488,0.3512,65,60,,,backtest
2026-02-27,Towson Tigers,Elon Phoenix,team1_home,76,73,3,149,0.6185,0.3815,58,56,,,backtest
2026-02-27,UNC Wilmington Seahawks,North Carolina A&T Aggies,team1_home,82,69,13,151,0.8983,0.1017,88,65,,,backtest
2026-02-27,Monmouth Hawks,Stony Brook Seawolves,team1_home,77,71,6,148,0.7243,0.2757,82,69,,,backtest
2026-02-27,William & Mary Tribe,Northeastern Huskies,team1_home,83,73,10,156,0.8262,0.1738,84,77,,,backtest
2026-02-27,Chattanooga Mocs,UNC Greensboro Spartans,team1_home,79,76,3,155,0.628,0.372,80,85,,,backtest
2026-02-27,Jacksonville Dolphins,Stetson Hatters,team1_home,78,73,5,151,0.6651,0.3349,89,85,,,backtest
2026-02-27,North Florida Ospreys,Florida Gulf Coast Eagles,team1_home,76,81,-5,157,0.3172,0.6828,76,70,,,backtest
2026-02-27,Jacksonville State Gamecocks,Delaware Blue Hens,team1_home,77,70,7,147,0.7471,0.2529,80,70,,,backtest
2026-02-27,Kennesaw State Owls,Liberty Flames,team1_home,77,78,-1,155,0.4776,0.5224,74,65,,,backtest
2026-02-27,Louisiana Tech Bulldogs,Missouri State Bears,team1_home,75,73,2,148,0.5631,0.4369,72,70,,,backtest
2026-02-27,Middle Tennessee Blue Raiders,UTEP Miners,team1_home,79,70,9,149,0.7959,0.2041,77,67,,,backtest
2026-02-27,Western Kentucky Hilltoppers,New Mexico State Aggies,team1_home,78,74,4,152,0.612,0.388,93,70,,,backtest
2026-02-27,Oral Roberts Golden Eagles,Denver Pioneers,team1_home,77,80,-3,157,0.399,0.601,102,80,,,backtest
2026-02-27,Kansas City Roos,South Dakota State Jackrabbits,team1_home,69,82,-13,151,0.1189,0.8811,59,73,,,backtest
2026-02-27,Samford Bulldogs,VMI Keydets,team1_home,84,69,15,153,0.9074,0.0926,80,61,,,backtest
2026-02-27,Utah Valley Wolverines,Tarleton State Texans,team1_home,82,68,14,150,0.8901,0.1099,79,72,,,backtest
2026-02-27,Texas Southern Tigers,Alcorn State Braves,team1_home,80,70,10,150,0.8092,0.1908,92,87,,,backtest
2026-02-27,Southern Jaguars,Florida A&M Rattlers,team1_home,77,73,4,150,0.6515,0.3485,71,82,,,backtest
2026-02-27,SIU Edwardsville Cougars,Western Illinois Leathernecks,team1_home,80,64,16,144,0.956,0.044,67,47,,,backtest
2026-02-27,Southeast Missouri State Redhawks,Tennessee State Tigers,team1_home,74,76,-2,150,0.4489,0.5511,71,79,,,backtest
2026-02-27,Little Rock Trojans,Morehead State Eagles,team1_home,73,76,-3,149,0.4155,0.5845,70,76,,,backtest
2026-02-27,Memphis Tigers,Wichita State Shockers,team1_home,73,79,-6,152,0.3217,0.6783,82,88,,,backtest
2026-02-27,UC Santa Barbara Gauchos,UC Riverside Highlanders,team1_home,83,69,14,152,0.9045,0.0955,70,59,,,backtest
2026-02-27,St. Thomas-Minnesota Tommies,North Dakota State Bison,team1_home,79,75,4,154,0.637,0.363,84,62,,,backtest
2026-02-27,UC Davis Aggies,Hawai'i Rainbow Warriors,team1_home,74,77,-3,151,0.3874,0.6126,73,77,,,backtest
2026-02-27,Montana State Bobcats,Portland State Vikings,team1_home,77,73,4,150,0.6272,0.3728,84,69,,,backtest
2026-02-27,Montana Grizzlies,Sacramento State Hornets,team1_home,81,73,8,154,0.7526,0.2474,81,73,,,backtest
2026-02-27,Idaho Vandals,Northern Arizona Lumberjacks,team1_home,82,69,13,151,0.899,0.101,78,58,,,backtest
2026-02-27,Eastern Washington Eagles,Northern Colorado Bears,team1_home,78,80,-2,158,0.4464,0.5536,82,72,,,backtest
2026-02-27,UT Martin Skyhawks,Tennessee Tech Golden Eagles,team1_home,77,69,8,146,0.763,0.237,64,49,,,backtest
2026-02-27,Utah Tech Trailblazers,Abilene Christian Wildcats,team1_home,78,70,8,148,0.7777,0.2223,85,81,,,backtest
2026-02-27,Sam Houston Bearkats,Florida International Panthers,team1_home,82,73,9,155,0.7553,0.2447,100,67,,,backtest
2026-02-27,Prairie View A&M Panthers,Jackson State Tigers,team1_home,82,70,12,152,0.8463,0.1537,85,76,,,backtest
2026-02-27,Cal Poly Mustangs,Long Beach State Beach,team1_home,79,75,4,154,0.6538,0.3462,102,92,,,backtest
2026-02-27,Cal State Northridge Matadors,UC Irvine Anteaters,team1_home,75,76,-1,151,0.4849,0.5151,67,68,,,backtest
2026-02-27,UC San Diego Tritons,Cal State Bakersfield Roadrunners,team1_home,83,67,16,150,0.927,0.073,84,72,,,backtest
2026-02-27,California Baptist Lancers,UT Arlington Mavericks,team1_home,77,68,9,145,0.7889,0.2111,68,56,,,backtest
2026-02-28,Illinois Fighting Illini,Michigan Wolverines,team1_home,79,78,1,157,0.5353,0.4647,70,84,,,backtest
2026-02-27,Western Michigan Broncos,Miami (OH) RedHawks,team1_home,73,82,-9,155,0.2159,0.7841,67,69,,,backtest
2026-02-27,Cornell Big Red,Yale Bulldogs,team1_home,80,78,2,158,0.5642,0.4358,72,69,,,backtest
2026-02-27,Niagara Purple Eagles,Quinnipiac Bobcats,team1_home,71,76,-5,147,0.3105,0.6895,78,76,,,backtest
2026-02-28,George Washington Revolutionaries,Dayton Flyers,team1_home,79,74,5,153,0.6398,0.3602,66,68,,,backtest
2026-02-28,Iona Gaels,Rider Broncs,team1_home,82,65,17,147,0.9534,0.0466,80,58,,,backtest
2026-02-28,Columbia Lions,Brown Bears,team1_home,79,69,10,148,0.8367,0.1633,80,62,,,backtest
2026-02-28,Fairfield Stags,Siena Saints,team1_home,74,74,0,148,0.5005,0.4995,72,58,,,backtest
2026-02-28,Sacred Heart Pioneers,Mount St. Mary's Mountaineers,team1_home,77,72,5,149,0.6603,0.3397,77,69,,,backtest
2026-02-28,Canisius Golden Griffins,Merrimack Warriors,team1_home,68,75,-7,143,0.2433,0.7567,67,62,,,backtest
2026-02-28,Saint Peter's Peacocks,Manhattan Jaspers,team1_home,78,71,7,149,0.7693,0.2307,75,65,,,backtest
2026-02-28,Princeton Tigers,Harvard Crimson,team1_home,72,75,-3,147,0.3824,0.6176,56,58,,,backtest
2026-02-28,Pennsylvania Quakers,Dartmouth Big Green,team1_home,80,71,9,151,0.7848,0.2152,80,71,,,backtest
2026-02-28,Troy Trojans,UL Monroe Warhawks,team1_home,86,68,18,154,0.9524,0.0476,80,65,,,backtest
2026-02-28,Georgia State Panthers,Old Dominion Monarchs,team1_home,74,76,-2,150,0.4554,0.5446,73,81,,,backtest
2026-02-28,Kent State Golden Flashes,Akron Zips,team1_home,77,82,-5,159,0.3654,0.6346,70,92,,,backtest
2026-02-28,Texas State Bobcats,App State Mountaineers,team1_home,74,73,1,147,0.5454,0.4546,60,57,,,backtest
2026-02-28,James Madison Dukes,Coastal Carolina Chanticleers,team1_home,78,72,6,150,0.7016,0.2984,68,69,,,backtest
2026-02-28,South Alabama Jaguars,Southern Miss Golden Eagles,team1_home,78,71,7,149,0.7256,0.2744,55,68,,,backtest
2026-02-28,Marshall Thundering Herd,Georgia Southern Eagles,team1_home,81,77,4,158,0.6611,0.3389,82,99,,,backtest
2026-02-28,Arkansas State Red Wolves,Louisiana Ragin' Cajuns,team1_home,82,68,14,150,0.8871,0.1129,81,58,,,backtest
2026-02-28,Duke Blue Devils,Virginia Cavaliers,team1_home,81,71,10,152,0.8051,0.1949,77,51,,,backtest
2026-02-28,Arizona Wildcats,Kansas Jayhawks,team1_home,82,70,12,152,0.8632,0.1368,84,61,,,backtest
2026-02-28,Iowa State Cyclones,Texas Tech Red Raiders,team1_home,82,72,10,154,0.7967,0.2033,73,82,,,backtest
2026-02-28,Houston Cougars,Colorado Buffaloes,team1_home,83,70,13,153,0.8896,0.1104,102,62,,,backtest
2026-02-28,UConn Huskies,Seton Hall Pirates,team1_home,79,68,11,147,0.8259,0.1741,71,67,,,backtest
2026-03-01,Florida Gators,Arkansas Razorbacks,team1_home,83,77,6,160,0.6985,0.3015,111,77,,,backtest
2026-03-01,Saint Mary's Gaels,Gonzaga Bulldogs,team1_home,75,76,-1,151,0.4732,0.5268,70,59,,,backtest
2026-02-28,USC Trojans,Nebraska Cornhuskers,team1_home,72,80,-8,152,0.2322,0.7678,67,82,,,backtest
2026-03-01,St. John's Red Storm,Villanova Wildcats,team1_home,79,74,5,153,0.6765,0.3235,89,57,,,backtest
2026-02-28,Tennessee Volunteers,Alabama Crimson Tide,team1_home,82,78,4,160,0.6428,0.3572,69,71,,,backtest
2026-03-01,North Carolina Tar Heels,Virginia Tech Hokies,team1_home,81,73,8,154,0.7439,0.2561,89,82,,,backtest
2026-02-28,West Virginia Mountaineers,BYU Cougars,team1_home,74,76,-2,150,0.4276,0.5724,79,71,,,backtest
2026-03-01,Saint Louis Billikens,Duquesne Dukes,team1_home,85,70,15,155,0.9077,0.0923,91,76,,,backtest
2026-02-28,Clemson Tigers,Louisville Cardinals,team1_home,76,76,0,152,0.4837,0.5163,80,75,,,backtest
2026-02-28,Kentucky Wildcats,Vanderbilt Commodores,team1_home,79,80,-1,159,0.4638,0.5362,91,77,,,backtest
2026-02-28,Rhode Island Rams,Saint Joseph's Hawks,team1_home,74,72,2,146,0.5742,0.4258,55,61,,,backtest
2026-02-28,Penn State Nittany Lions,Iowa Hawkeyes,team1_home,72,79,-7,151,0.2763,0.7237,71,69,,,backtest
2026-02-28,American University Eagles,Boston University Terriers,team1_home,77,75,2,152,0.5401,0.4599,65,68,,,backtest
2026-02-28,Notre Dame Fighting Irish,NC State Wolfpack,team1_home,76,80,-4,156,0.365,0.635,96,90,,,backtest
2026-02-28,Georgia Tech Yellow Jackets,Florida State Seminoles,team1_home,75,79,-4,154,0.3745,0.6255,71,80,,,backtest
2026-02-28,Holy Cross Crusaders,Loyola Maryland Greyhounds,team1_home,76,75,1,151,0.532,0.468,62,76,,,backtest
2026-02-28,VCU Rams,Fordham Rams,team1_home,80,69,11,149,0.8487,0.1513,82,63,,,backtest
2026-02-28,Lafayette Leopards,Army Black Knights,team1_home,77,73,4,150,0.643,0.357,83,77,,,backtest
2026-02-28,Robert Morris Colonials,Cleveland State Vikings,team1_home,83,73,10,156,0.8022,0.1978,83,64,,,backtest
2026-02-28,Wagner Seahawks,Chicago State Cougars,team1_home,79,68,11,147,0.8357,0.1643,80,61,,,backtest
2026-02-28,Central Connecticut Blue Devils,Saint Francis Red Flash,team1_home,81,69,12,150,0.8795,0.1205,69,64,,,backtest
2026-02-28,New Haven Chargers,Le Moyne Dolphins,team1_home,71,73,-2,144,0.4203,0.5797,66,59,,,backtest
2026-02-28,Long Island University Sharks,Fairleigh Dickinson Knights,team1_home,80,67,13,147,0.8875,0.1125,74,60,,,backtest
2026-02-28,UMass Lowell River Hawks,UMBC Retrievers,team1_home,71,79,-8,150,0.227,0.773,60,84,,,backtest
2026-02-28,Mississippi State Bulldogs,Missouri Tigers,team1_home,76,80,-4,156,0.3484,0.6516,64,88,,,backtest
2026-02-28,Middle Tennessee Blue Raiders,New Mexico State Aggies,team1_home,77,74,3,151,0.5774,0.4226,86,85,,,backtest
2026-02-28,Xavier Musketeers,Georgetown Hoyas,team1_home,77,76,1,153,0.5516,0.4484,91,84,,,backtest
2026-02-28,IU Indianapolis Jaguars,Purdue Fort Wayne Mastodons,team1_home,79,78,1,157,0.5242,0.4758,81,87,,,backtest
2026-02-28,Lehigh Mountain Hawks,Bucknell Bison,team1_home,79,70,9,149,0.8142,0.1858,89,79,,,backtest
2026-02-28,George Mason Patriots,St. Bonaventure Bonnies,team1_home,79,73,6,152,0.731,0.269,71,58,,,backtest
2026-02-28,Cincinnati Bearcats,Oklahoma State Cowboys,team1_home,79,74,5,153,0.6541,0.3459,91,68,,,backtest
2026-02-28,Northwestern Wildcats,Oregon Ducks,team1_home,79,71,8,150,0.7883,0.2117,63,62,,,backtest
2026-02-28,Minnesota Golden Gophers,UCLA Bruins,team1_home,74,76,-2,150,0.4377,0.5623,78,73,,,backtest
2026-02-28,South Carolina Upstate Spartans,Gardner-Webb Runnin' Bulldogs,team1_home,82,67,15,149,0.9168,0.0832,71,61,,,backtest
2026-02-28,UNC Asheville Bulldogs,Charleston Southern Buccaneers,team1_home,77,76,1,153,0.5207,0.4793,75,92,,,backtest
2026-02-28,New Mexico Lobos,San Diego State Aztecs,team1_home,79,74,5,153,0.6672,0.3328,81,76,,,backtest
2026-02-28,South Dakota Coyotes,South Dakota State Jackrabbits,team1_home,76,78,-2,154,0.463,0.537,75,70,,,backtest
2026-02-28,Green Bay Phoenix,Youngstown State Penguins,team1_home,78,76,2,154,0.5659,0.4341,85,63,,,backtest
2026-02-28,Bowling Green Falcons,Massachusetts Minutemen,team1_home,79,74,5,153,0.6579,0.3421,81,62,,,backtest
2026-02-28,Buffalo Bulls,Central Michigan Chippewas,team1_home,82,72,10,154,0.8217,0.1783,70,75,,,backtest
2026-02-28,Stonehill Skyhawks,Mercyhurst Lakers,team1_home,70,73,-3,143,0.3779,0.6221,72,75,,,backtest
2026-02-28,UAlbany Great Danes,New Hampshire Wildcats,team1_home,78,69,9,147,0.7847,0.2153,84,61,,,backtest
2026-02-28,Binghamton Bearcats,Maine Black Bears,team1_home,72,71,1,143,0.5568,0.4432,74,67,,,backtest
2026-02-28,North Carolina A&T Aggies,William & Mary Tribe,team1_home,75,79,-4,154,0.3698,0.6302,88,91,,,backtest
2026-02-28,Towson Tigers,Campbell Fighting Camels,team1_home,77,72,5,149,0.6667,0.3333,71,67,,,backtest
2026-02-28,Wofford Terriers,The Citadel Bulldogs,team1_home,82,71,11,153,0.8643,0.1357,90,93,,,backtest
2026-02-28,Chattanooga Mocs,VMI Keydets,team1_home,83,70,13,153,0.8773,0.1227,86,79,,,backtest
2026-02-28,West Georgia Wolves,North Alabama Lions,team1_home,80,72,8,152,0.7458,0.2542,75,63,,,backtest
2026-02-28,Stetson Hatters,Florida Gulf Coast Eagles,team1_home,75,78,-3,153,0.3918,0.6082,78,63,,,backtest
2026-02-28,Bellarmine Knights,Austin Peay Governors,team1_home,78,78,0,156,0.4991,0.5009,111,97,,,backtest
2026-02-28,UT Martin Skyhawks,Tennessee State Tigers,team1_home,73,73,0,146,0.504,0.496,42,67,,,backtest
2026-02-28,Miami Hurricanes,Boston College Eagles,team1_home,83,67,16,150,0.9435,0.0565,76,54,,,backtest
2026-02-28,Longwood Lancers,Radford Highlanders,team1_home,78,76,2,154,0.5793,0.4207,90,74,,,backtest
2026-02-28,Oakland Golden Grizzlies,Detroit Mercy Titans,team1_home,81,77,4,158,0.6382,0.3618,89,95,,,backtest
2026-02-28,Monmouth Hawks,Elon Phoenix,team1_home,78,73,5,151,0.6583,0.3417,73,57,,,backtest
2026-02-28,Montana State Bobcats,Sacramento State Hornets,team1_home,83,71,12,154,0.8523,0.1477,82,61,,,backtest
2026-02-28,Louisiana Tech Bulldogs,Florida International Panthers,team1_home,75,74,1,149,0.552,0.448,76,84,,,backtest
2026-02-28,Western Kentucky Hilltoppers,UTEP Miners,team1_home,80,70,10,150,0.8265,0.1735,97,65,,,backtest
2026-02-28,Arizona State Sun Devils,Utah Utes,team1_home,80,74,6,154,0.6797,0.3203,73,60,,,backtest
2026-02-28,Southern Jaguars,Bethune-Cookman Wildcats,team1_home,77,75,2,152,0.5614,0.4386,79,82,,,backtest
2026-02-28,Georgia Bulldogs,South Carolina Gamecocks,team1_home,84,73,11,157,0.8322,0.1678,87,68,,,backtest
2026-02-28,Wyoming Cowboys,Air Force Falcons,team1_home,86,63,23,149,0.9893,0.0107,66,62,,,backtest
2026-02-28,Evansville Purple Aces,Valparaiso Beacons,team1_home,70,78,-8,148,0.2136,0.7864,80,79,,,backtest
2026-02-28,Portland Pilots,San Diego Toreros,team1_home,76,75,1,151,0.5525,0.4475,87,74,,,backtest
2026-02-28,Morgan State Bears,Howard Bison,team1_home,70,80,-10,150,0.1823,0.8177,59,84,,,backtest
2026-02-28,Loyola Chicago Ramblers,Richmond Spiders,team1_home,72,79,-7,151,0.2675,0.7325,69,66,,,backtest
2026-02-28,Washington Huskies,Wisconsin Badgers,team1_home,77,79,-2,156,0.4263,0.5737,73,90,,,backtest
2026-02-28,Winthrop Eagles,Presbyterian Blue Hose,team1_home,81,71,10,152,0.7923,0.2077,74,70,,,backtest
2026-02-28,California Golden Bears,Pittsburgh Panthers,team1_home,79,72,7,151,0.7533,0.2467,56,72,,,backtest
2026-02-28,Navy Midshipmen,Colgate Raiders,team1_home,80,70,10,150,0.8328,0.1672,85,69,,,backtest
2026-02-28,Ohio Bobcats,Toledo Rockets,team1_home,77,80,-3,157,0.4073,0.5927,67,79,,,backtest
2026-02-28,Bryant Bulldogs,NJIT Highlanders,team1_home,72,72,0,144,0.4743,0.5257,69,52,,,backtest
2026-02-28,Hampton Pirates,Northeastern Huskies,team1_home,77,73,4,150,0.6216,0.3784,76,65,,,backtest
2026-02-28,Montana Grizzlies,Portland State Vikings,team1_home,75,75,0,150,0.502,0.498,74,68,,,backtest
2026-02-28,Idaho Vandals,Northern Colorado Bears,team1_home,79,76,3,155,0.5744,0.4256,67,76,,,backtest
2026-02-28,Eastern Washington Eagles,Northern Arizona Lumberjacks,team1_home,82,72,10,154,0.8194,0.1806,88,57,,,backtest
2026-02-28,Eastern Kentucky Colonels,Lipscomb Bisons,team1_home,77,79,-2,156,0.4201,0.5799,77,80,,,backtest
2026-02-28,Utah Valley Wolverines,Abilene Christian Wildcats,team1_home,82,67,15,149,0.9255,0.0745,74,67,,,backtest
2026-02-28,Texas A&M Aggies,Texas Longhorns,team1_home,82,79,3,161,0.6113,0.3887,70,76,,,backtest
2026-02-28,Delaware State Hornets,North Carolina Central Eagles,team1_home,71,73,-2,144,0.4367,0.5633,60,74,,,backtest
2026-02-28,Maryland Eastern Shore Hawks,South Carolina State Bulldogs,team1_home,74,70,4,144,0.6422,0.3578,69,57,,,backtest
2026-02-28,Mercer Bears,East Tennessee State Buccaneers,team1_home,77,78,-1,155,0.4751,0.5249,82,76,,,backtest
2026-02-28,Houston Christian Huskies,Stephen F. Austin Lumberjacks,team1_home,69,79,-10,148,0.1815,0.8185,56,77,,,backtest
2026-02-28,SIU Edwardsville Cougars,Eastern Illinois Panthers,team1_home,78,66,12,144,0.8692,0.1308,77,50,,,backtest
2026-02-28,Northern Illinois Huskies,Ball State Cardinals,team1_home,72,74,-2,146,0.4231,0.5769,43,79,,,backtest
2026-02-28,Nicholls Colonels,SE Louisiana Lions,team1_home,76,70,6,146,0.7062,0.2938,68,60,,,backtest
2026-02-28,Coppin State Eagles,Norfolk State Spartans,team1_home,69,78,-9,147,0.2012,0.7988,69,75,,,backtest
2026-02-28,San José State Spartans,Colorado State Rams,team1_home,73,78,-5,151,0.348,0.652,73,85,,,backtest
2026-02-28,Incarnate Word Cardinals,Lamar Cardinals,team1_home,74,74,0,148,0.5211,0.4789,72,60,,,backtest
2026-02-28,North Dakota State Bison,North Dakota Fighting Hawks,team1_home,84,70,14,154,0.898,0.102,96,63,,,backtest
2026-02-28,Southeast Missouri State Redhawks,Tennessee Tech Golden Eagles,team1_home,78,71,7,149,0.7252,0.2748,89,73,,,backtest
2026-02-28,Kennesaw State Owls,Delaware Blue Hens,team1_home,81,71,10,152,0.8213,0.1787,90,82,,,backtest
2026-02-28,Prairie View A&M Panthers,Alcorn State Braves,team1_home,81,69,12,150,0.8537,0.1463,72,51,,,backtest
2026-02-28,Creighton Bluejays,Providence Friars,team1_home,79,79,0,158,0.5173,0.4827,76,79,,,backtest
2026-02-28,Western Carolina Catamounts,Furman Paladins,team1_home,76,77,-1,153,0.4794,0.5206,86,67,,,backtest
2026-02-28,UT Rio Grande Valley Vaqueros,East Texas A&M Lions,team1_home,81,67,14,148,0.908,0.092,63,55,,,backtest
2026-02-28,Sam Houston Bearkats,Missouri State Bears,team1_home,81,73,8,154,0.7666,0.2334,86,81,,,backtest
2026-02-28,Texas Southern Tigers,Jackson State Tigers,team1_home,80,71,9,151,0.7988,0.2012,82,57,,,backtest
2026-02-28,Alabama A&M Bulldogs,Alabama State Hornets,team1_home,78,71,7,149,0.7116,0.2884,88,89,,,backtest
2026-02-28,Wake Forest Demon Deacons,Syracuse Orange,team1_home,78,75,3,153,0.5966,0.4034,88,83,,,backtest
2026-02-28,Grambling Tigers,Florida A&M Rattlers,team1_home,75,70,5,145,0.6662,0.3338,59,66,,,backtest
2026-02-28,Pacific Tigers,San Francisco Dons,team1_home,76,73,3,149,0.6194,0.3806,61,72,,,backtest
2026-02-28,Princeton Tigers,Dartmouth Big Green,team1_home,76,73,3,149,0.6218,0.3782,82,61,,,backtest
2026-02-28,Stanford Cardinal,SMU Mustangs,team1_home,77,78,-1,155,0.473,0.527,95,75,,,backtest
2026-02-28,Cornell Big Red,Brown Bears,team1_home,84,70,14,154,0.8938,0.1062,86,80,,,backtest
2026-02-28,Columbia Lions,Yale Bulldogs,team1_home,74,79,-5,153,0.351,0.649,54,60,,,backtest
2026-02-28,Pennsylvania Quakers,Harvard Crimson,team1_home,75,73,2,148,0.5536,0.4464,64,61,,,backtest
2026-02-28,Samford Bulldogs,UNC Greensboro Spartans,team1_home,82,74,8,156,0.7321,0.2679,87,78,,,backtest
2026-02-28,New Orleans Privateers,McNeese Cowboys,team1_home,71,80,-9,151,0.2086,0.7914,63,66,,,backtest
2026-02-28,Idaho State Bengals,Weber State Wildcats,team1_home,78,78,0,156,0.5022,0.4978,73,83,,,backtest
2026-02-28,LSU Tigers,Oklahoma Sooners,team1_home,80,78,2,158,0.558,0.442,67,83,,,backtest
2026-02-28,North Florida Ospreys,Jacksonville Dolphins,team1_home,76,78,-2,154,0.4413,0.5587,61,85,,,backtest
2026-02-28,Jacksonville State Gamecocks,Liberty Flames,team1_home,74,77,-3,151,0.3961,0.6039,78,81,,,backtest
2026-02-28,Kansas State Wildcats,TCU Horned Frogs,team1_home,75,79,-4,154,0.3533,0.6467,68,77,,,backtest
2026-02-28,Arkansas-Pine Bluff Golden Lions,Mississippi Valley State Delta Devils,team1_home,83,67,16,150,0.937,0.063,69,70,,,backtest
2026-02-28,Texas A&M-Corpus Christi Islanders,Northwestern State Demons,team1_home,77,68,9,145,0.7888,0.2112,71,59,,,backtest
2026-03-01,Northern Kentucky Norse,Wright State Raiders,team1_home,79,78,1,157,0.5119,0.4881,91,92,,,backtest
2026-03-01,Hofstra Pride,Stony Brook Seawolves,team1_home,80,69,11,149,0.8618,0.1382,67,58,,,backtest
2026-03-01,Cal State Fullerton Titans,Hawai'i Rainbow Warriors,team1_home,74,79,-5,153,0.3683,0.6317,85,87,,,backtest
2026-03-01,Pepperdine Waves,Washington State Cougars,team1_home,73,78,-5,151,0.3279,0.6721,88,79,,,backtest
2026-03-01,Santa Clara Broncos,Oregon State Beavers,team1_home,83,70,13,153,0.8811,0.1189,93,72,,,backtest
2026-03-01,UCF Knights,Baylor Bears,team1_home,80,78,2,158,0.5909,0.4091,86,87,,,backtest
2026-03-01,Fresno State Bulldogs,Boise State Broncos,team1_home,74,77,-3,151,0.4058,0.5942,53,69,,,backtest
2026-03-01,UC Riverside Highlanders,Cal State Northridge Matadors,team1_home,75,78,-3,153,0.3892,0.6108,95,84,,,backtest
2026-03-01,Kansas City Roos,Oral Roberts Golden Eagles,team1_home,72,78,-6,150,0.3157,0.6843,70,94,,,backtest
2026-03-01,St. Thomas-Minnesota Tommies,Omaha Mavericks,team1_home,84,71,13,155,0.8836,0.1164,68,53,,,backtest
2026-03-01,Auburn Tigers,Ole Miss Rebels,team1_home,82,75,7,157,0.722,0.278,79,85,,,backtest
2026-03-01,Southern Utah Thunderbirds,Utah Tech Trailblazers,team1_home,74,78,-4,152,0.3786,0.6214,81,67,,,backtest
2026-03-01,Loyola Marymount Lions,Seattle U Redhawks,team1_home,74,72,2,146,0.5843,0.4157,66,71,,,backtest
2026-03-01,California Baptist Lancers,Tarleton State Texans,team1_home,80,68,12,148,0.8513,0.1487,82,67,,,backtest
2026-03-01,Cal State Bakersfield Roadrunners,Long Beach State Beach,team1_home,75,77,-2,152,0.438,0.562,87,88,,,backtest
2026-03-01,UNLV Rebels,Nevada Wolf Pack,team1_home,76,78,-2,154,0.4594,0.5406,85,83,,,backtest
2026-03-01,Utah State Aggies,Grand Canyon Lopes,team1_home,80,72,8,152,0.755,0.245,74,69,,,backtest
2026-03-01,UC San Diego Tritons,Cal Poly Mustangs,team1_home,82,72,10,154,0.7966,0.2034,80,64,,,backtest
2026-03-01,UC Irvine Anteaters,UC Santa Barbara Gauchos,team1_home,76,74,2,150,0.5568,0.4432,64,60,,,backtest
2026-03-01,Ohio State Buckeyes,Purdue Boilermakers,team1_home,79,77,2,156,0.5533,0.4467,82,74,,,backtest
2026-03-01,Indiana Hoosiers,Michigan State Spartans,team1_home,76,77,-1,153,0.4641,0.5359,64,77,,,backtest
2026-03-01,Davidson Wildcats,La Salle Explorers,team1_home,80,67,13,147,0.895,0.105,71,64,,,backtest
2026-03-01,South Florida Bulls,Tulane Green Wave,team1_home,85,70,15,155,0.9072,0.0928,90,62,,,backtest
2026-03-01,UAB Blazers,North Texas Mean Green,team1_home,77,71,6,148,0.7134,0.2866,58,62,,,backtest
2026-03-01,Maryland Terrapins,Rutgers Scarlet Knights,team1_home,75,74,1,149,0.5358,0.4642,65,69,,,backtest
2026-03-01,Indiana State Sycamores,UIC Flames,team1_home,73,76,-3,149,0.3887,0.6113,79,63,,,backtest
2026-03-01,Canisius Golden Griffins,Quinnipiac Bobcats,team1_home,70,76,-6,146,0.2758,0.7242,63,67,,,backtest
2026-03-01,Bradley Braves,Murray State Racers,team1_home,79,77,2,156,0.5449,0.4551,87,78,,,backtest
2026-03-01,Temple Owls,Rice Owls,team1_home,80,71,9,151,0.7819,0.2181,74,80,,,backtest
2026-03-01,East Carolina Pirates,Memphis Tigers,team1_home,75,76,-1,151,0.4695,0.5305,84,68,,,backtest
2026-03-01,Florida Atlantic Owls,Charlotte 49ers,team1_home,78,74,4,152,0.6601,0.3399,77,76,,,backtest
2026-03-01,Siena Saints,Rider Broncs,team1_home,83,63,20,146,0.9819,0.0181,76,61,,,backtest
2026-03-01,Fairfield Stags,Mount St. Mary's Mountaineers,team1_home,77,69,8,146,0.7757,0.2243,47,69,,,backtest
2026-03-01,Niagara Purple Eagles,Merrimack Warriors,team1_home,69,75,-6,144,0.2791,0.7209,66,73,,,backtest
2026-03-01,Marist Red Foxes,Saint Peter's Peacocks,team1_home,75,69,6,144,0.7343,0.2657,56,63,,,backtest
2026-03-01,Manhattan Jaspers,Iona Gaels,team1_home,74,77,-3,151,0.4011,0.5989,65,69,,,backtest
2026-03-01,Drake Bulldogs,Northern Iowa Panthers,team1_home,71,76,-5,147,0.3432,0.6568,53,75,,,backtest
2026-03-01,Evansville Purple Aces,Southern Illinois Salukis,team1_home,69,78,-9,147,0.2001,0.7999,67,81,,,backtest
2026-03-01,Marquette Golden Eagles,DePaul Blue Demons,team1_home,76,73,3,149,0.6158,0.3842,51,62,,,backtest
2026-03-01,Illinois State Redbirds,Belmont Bruins,team1_home,76,77,-1,153,0.4482,0.5518,81,74,,,backtest
2026-03-02,UNC Wilmington Seahawks,Charleston Cougars,team1_home,80,71,9,151,0.7981,0.2019,76,79,,,backtest
2026-03-02,UTSA Roadrunners,Wichita State Shockers,team1_home,67,84,-17,151,0.0638,0.9362,67,84,,,backtest
2026-03-03,NC State Wolfpack,Duke Blue Devils,team1_home,74,80,-6,154,0.3092,0.6908,64,93,,,backtest
2026-03-03,Arizona Wildcats,Iowa State Cyclones,team1_home,79,75,4,154,0.6367,0.3633,73,57,,,backtest
2026-03-02,Morgan State Bears,Norfolk State Spartans,team1_home,74,76,-2,150,0.4417,0.5583,90,84,,,backtest
2026-03-03,Cleveland State Vikings,IU Indianapolis Jaguars,team1_home,82,80,2,162,0.5775,0.4225,101,93,,,backtest
2026-03-03,Delaware State Hornets,South Carolina State Bulldogs,team1_home,72,71,1,143,0.5383,0.4617,59,61,,,backtest
2026-03-03,Maryland Eastern Shore Hawks,North Carolina Central Eagles,team1_home,73,72,1,145,0.5428,0.4572,73,77,,,backtest
2026-03-03,Howard Bison,Coppin State Eagles,team1_home,85,62,23,147,0.9884,0.0116,90,70,,,backtest
2026-03-03,Incarnate Word Cardinals,Stephen F. Austin Lumberjacks,team1_home,70,79,-9,149,0.2077,0.7923,68,76,,,backtest
2026-03-03,UT Rio Grande Valley Vaqueros,Northwestern State Demons,team1_home,80,67,13,147,0.8918,0.1082,74,62,,,backtest
2026-03-03,Nicholls Colonels,McNeese Cowboys,team1_home,70,80,-10,150,0.184,0.816,65,75,,,backtest
2026-03-03,New Orleans Privateers,SE Louisiana Lions,team1_home,78,70,8,148,0.7441,0.2559,78,82,,,backtest
2026-03-03,Texas A&M-Corpus Christi Islanders,East Texas A&M Lions,team1_home,78,68,10,146,0.8121,0.1879,84,71,,,backtest
2026-03-03,Northern Arizona Lumberjacks,Montana State Bobcats,team1_home,72,79,-7,151,0.2428,0.7572,65,76,,,backtest
2026-03-03,Northern Colorado Bears,Montana Grizzlies,team1_home,81,74,7,155,0.734,0.266,85,57,,,backtest
2026-03-03,Houston Christian Huskies,Lamar Cardinals,team1_home,73,73,0,146,0.4878,0.5122,75,53,,,backtest
2026-03-03,Eastern Washington Eagles,Idaho Vandals,team1_home,77,78,-1,155,0.4797,0.5203,81,85,,,backtest
2026-03-03,Portland State Vikings,Weber State Wildcats,team1_home,78,74,4,152,0.634,0.366,84,60,,,backtest
2026-03-03,Sacramento State Hornets,Idaho State Bengals,team1_home,76,78,-2,154,0.4542,0.5458,83,65,,,backtest
2026-03-04,Florida Gators,Mississippi State Bulldogs,team1_home,87,69,18,156,0.9375,0.0625,108,74,,,backtest
2026-03-04,UCLA Bruins,Nebraska Cornhuskers,team1_home,75,76,-1,151,0.4642,0.5358,72,52,,,backtest
2026-03-04,Texas Tech Red Raiders,TCU Horned Frogs,team1_home,79,74,5,153,0.6576,0.3424,65,73,,,backtest
2026-03-04,Illinois Fighting Illini,Oregon Ducks,team1_home,83,68,15,151,0.9224,0.0776,80,54,,,backtest
2026-03-04,Virginia Cavaliers,Wake Forest Demon Deacons,team1_home,84,70,14,154,0.8913,0.1087,75,70,,,backtest
2026-03-04,Arizona State Sun Devils,Kansas Jayhawks,team1_home,74,78,-4,152,0.3545,0.6455,70,60,,,backtest
2026-03-03,Georgia Bulldogs,Alabama Crimson Tide,team1_home,83,80,3,163,0.5889,0.4111,98,88,,,backtest
2026-03-04,North Carolina Tar Heels,Clemson Tigers,team1_home,77,74,3,151,0.609,0.391,67,63,,,backtest
2026-03-04,St. John's Red Storm,Georgetown Hoyas,team1_home,82,70,12,152,0.8398,0.1602,72,69,,,backtest
2026-03-04,Miami (OH) RedHawks,Toledo Rockets,team1_home,83,75,8,158,0.7591,0.2409,74,72,,,backtest
2026-03-03,South Carolina Gamecocks,Tennessee Volunteers,team1_home,73,80,-7,153,0.254,0.746,59,78,,,backtest
2026-03-04,Ole Miss Rebels,Vanderbilt Commodores,team1_home,75,81,-6,156,0.2934,0.7066,86,89,,,backtest
2026-03-03,Louisiana Ragin' Cajuns,Georgia State Panthers,neutral,72,73,-1,145,0.4757,0.5243,84,75,,,backtest
2026-03-03,Maine Black Bears,UMass Lowell River Hawks,team1_home,73,72,1,145,0.508,0.492,56,67,,,backtest
2026-03-03,NJIT Highlanders,UMBC Retrievers,team1_home,68,79,-11,147,0.1649,0.8351,52,91,,,backtest
2026-03-03,New Hampshire Wildcats,Bryant Bulldogs,team1_home,74,70,4,144,0.6557,0.3443,88,83,,,backtest
2026-03-03,Buffalo Bulls,Eastern Michigan Eagles,team1_home,80,71,9,151,0.7846,0.2154,72,67,,,backtest
2026-03-03,Stony Brook Seawolves,Towson Tigers,team1_home,73,72,1,145,0.5375,0.4625,57,69,,,backtest
2026-03-04,Lafayette Leopards,Holy Cross Crusaders,team1_home,76,72,4,148,0.6352,0.3648,77,82,,,backtest
2026-03-04,Bucknell Bison,Army Black Knights,team1_home,75,74,1,149,0.5313,0.4687,65,55,,,backtest
2026-03-04,VCU Rams,George Mason Patriots,team1_home,80,73,7,153,0.723,0.277,70,65,,,backtest
2026-03-04,Richmond Spiders,Dayton Flyers,team1_home,76,76,0,152,0.4944,0.5056,60,65,,,backtest
2026-03-04,UCF Knights,Oklahoma State Cowboys,team1_home,82,77,5,159,0.668,0.332,104,111,,,backtest
2026-03-04,Xavier Musketeers,Seton Hall Pirates,team1_home,74,76,-2,150,0.4552,0.5448,68,77,,,backtest
2026-03-04,Massachusetts Minutemen,Ohio Bobcats,team1_home,81,75,6,156,0.7063,0.2937,94,82,,,backtest
2026-03-04,Western Michigan Broncos,Ball State Cardinals,team1_home,76,73,3,149,0.6242,0.3758,71,74,,,backtest
2026-03-04,Central Michigan Chippewas,Akron Zips,team1_home,72,82,-10,154,0.2054,0.7946,64,77,,,backtest
2026-03-04,Vermont Catamounts,UAlbany Great Danes,team1_home,80,69,11,149,0.8553,0.1447,69,56,,,backtest
2026-03-04,Elon Phoenix,UNC Wilmington Seahawks,team1_home,74,79,-5,153,0.3319,0.6681,57,76,,,backtest
2026-03-04,Campbell Fighting Camels,North Carolina A&T Aggies,team1_home,79,75,4,154,0.6458,0.3542,90,72,,,backtest
2026-03-04,William & Mary Tribe,Hampton Pirates,team1_home,81,70,11,151,0.8234,0.1766,94,85,,,backtest
2026-03-04,Hofstra Pride,Drexel Dragons,team1_home,78,68,10,146,0.8375,0.1625,62,51,,,backtest
2026-03-04,Northeastern Huskies,Monmouth Hawks,team1_home,74,77,-3,151,0.3987,0.6013,83,89,,,backtest
2026-03-04,Oklahoma Sooners,Missouri Tigers,team1_home,81,77,4,158,0.6291,0.3709,80,64,,,backtest
2026-03-04,Texas A&M Aggies,Kentucky Wildcats,team1_home,81,78,3,159,0.6066,0.3934,96,85,,,backtest
2026-03-04,Green Bay Phoenix,Purdue Fort Wayne Mastodons,team1_home,80,74,6,154,0.7106,0.2894,64,56,,,backtest
2026-03-04,Kansas State Wildcats,West Virginia Mountaineers,team1_home,74,76,-2,150,0.4382,0.5618,65,63,,,backtest
2026-03-04,Northern Illinois Huskies,Kent State Golden Flashes,team1_home,71,82,-11,153,0.154,0.846,76,102,,,backtest
2026-03-04,Old Dominion Monarchs,UL Monroe Warhawks,neutral,81,73,8,154,0.7746,0.2254,87,80,,,backtest
2026-03-04,Jackson State Tigers,Arkansas-Pine Bluff Golden Lions,team1_home,75,77,-2,152,0.4183,0.5817,81,78,,,backtest
2026-03-04,Fresno State Bulldogs,San José State Spartans,team1_home,80,71,9,151,0.7719,0.2281,82,68,,,backtest
2026-03-04,Utah Utes,Colorado Buffaloes,team1_home,77,79,-2,156,0.4094,0.5906,78,92,,,backtest
2026-03-04,Cincinnati Bearcats,BYU Cougars,team1_home,75,77,-2,152,0.4318,0.5682,90,68,,,backtest
2026-03-04,Alabama State Hornets,Southern Jaguars,team1_home,76,76,0,152,0.5214,0.4786,64,71,,,backtest
2026-03-04,Boise State Broncos,San Diego State Aztecs,team1_home,77,75,2,152,0.5687,0.4313,86,77,,,backtest
2026-03-04,Virginia Tech Hokies,Boston College Eagles,team1_home,80,69,11,149,0.8263,0.1737,72,63,,,backtest
2026-03-04,Louisville Cardinals,Syracuse Orange,team1_home,84,71,13,155,0.8778,0.1222,77,62,,,backtest
2026-03-04,Air Force Falcons,Grand Canyon Lopes,team1_home,64,83,-19,147,0.0259,0.9741,60,86,,,backtest
2026-03-04,Alcorn State Braves,Mississippi Valley State Delta Devils,team1_home,78,68,10,146,0.8327,0.1673,67,64,,,backtest
2026-03-04,Alabama A&M Bulldogs,Grambling Tigers,team1_home,75,72,3,147,0.6264,0.3736,77,63,,,backtest
2026-03-04,Wyoming Cowboys,Nevada Wolf Pack,team1_home,77,76,1,153,0.5319,0.4681,83,73,,,backtest
2026-03-04,Auburn Tigers,LSU Tigers,team1_home,81,78,3,159,0.5931,0.4069,88,74,,,backtest
2026-03-04,UNLV Rebels,Utah State Aggies,team1_home,76,80,-4,156,0.3414,0.6586,92,65,,,backtest
2026-03-05,Houston Cougars,Baylor Bears,team1_home,82,71,11,153,0.8434,0.1566,77,64,,,backtest
2026-03-05,Northwestern Wildcats,Purdue Boilermakers,team1_home,75,78,-3,153,0.4032,0.5968,66,70,,,backtest
2026-03-05,Arkansas Razorbacks,Texas Longhorns,team1_home,82,79,3,161,0.5861,0.4139,105,85,,,backtest
2026-03-05,SMU Mustangs,Miami Hurricanes,team1_home,78,79,-1,157,0.4715,0.5285,69,77,,,backtest
2026-03-05,Saint Louis Billikens,Loyola Chicago Ramblers,team1_home,86,65,21,151,0.973,0.027,79,65,,,backtest
2026-03-04,Bellarmine Knights,Jacksonville Dolphins,neutral,78,77,1,155,0.5462,0.4538,82,79,,,backtest
2026-03-04,Florida Gulf Coast Eagles,North Alabama Lions,neutral,80,72,8,152,0.7795,0.2205,69,58,,,backtest
2026-03-04,Eastern Kentucky Colonels,Stetson Hatters,neutral,79,76,3,155,0.5871,0.4129,76,92,,,backtest
2026-03-04,James Madison Dukes,Louisiana Ragin' Cajuns,neutral,78,70,8,148,0.7673,0.2327,87,72,,,backtest
2026-03-04,Butler Bulldogs,Creighton Bluejays,team1_home,79,76,3,155,0.5937,0.4063,59,76,,,backtest
2026-03-04,La Salle Explorers,Fordham Rams,team1_home,70,75,-5,145,0.3265,0.6735,87,84,,,backtest
2026-03-04,Indiana Hoosiers,Minnesota Golden Gophers,team1_home,79,72,7,151,0.7159,0.2841,77,47,,,backtest
2026-03-05,SIU Edwardsville Cougars,Eastern Illinois Panthers,neutral,76,68,8,144,0.7956,0.2044,71,77,,,backtest
2026-03-05,Le Moyne Dolphins,Stonehill Skyhawks,team1_home,77,68,9,145,0.7953,0.2047,71,81,,,backtest
2026-03-05,Mercyhurst Lakers,Fairleigh Dickinson Knights,team1_home,77,68,9,145,0.8094,0.1906,70,61,,,backtest
2026-03-05,Central Connecticut Blue Devils,Wagner Seahawks,team1_home,76,72,4,148,0.6682,0.3318,60,70,,,backtest
2026-03-05,Long Island University Sharks,Chicago State Cougars,team1_home,82,66,16,148,0.9405,0.0595,79,75,,,backtest
2026-03-05,Oakland Golden Grizzlies,Northern Kentucky Norse,team1_home,80,80,0,160,0.4984,0.5016,84,85,,,backtest
2026-03-05,Detroit Mercy Titans,Milwaukee Panthers,team1_home,80,75,5,155,0.6548,0.3452,84,63,,,backtest
2026-03-05,Robert Morris Colonials,Youngstown State Penguins,team1_home,80,73,7,153,0.7368,0.2632,68,53,,,backtest
2026-03-05,Wright State Raiders,Cleveland State Vikings,team1_home,83,74,9,157,0.7931,0.2069,90,61,,,backtest
2026-03-05,George Washington Revolutionaries,St. Bonaventure Bonnies,team1_home,82,74,8,156,0.7375,0.2625,91,82,,,backtest
2026-03-05,Rhode Island Rams,Duquesne Dukes,team1_home,76,73,3,149,0.5964,0.4036,64,52,,,backtest
2026-03-05,Davidson Wildcats,Saint Joseph's Hawks,team1_home,76,71,5,147,0.6468,0.3532,67,70,,,backtest
2026-03-05,Charlotte 49ers,UAB Blazers,team1_home,76,76,0,152,0.498,0.502,74,80,,,backtest
2026-03-05,Providence Friars,Marquette Golden Eagles,team1_home,82,75,7,157,0.7148,0.2852,56,78,,,backtest
2026-03-05,Georgia Tech Yellow Jackets,California Golden Bears,team1_home,74,78,-4,152,0.3648,0.6352,65,76,,,backtest
2026-03-05,South Carolina Upstate Spartans,Gardner-Webb Runnin' Bulldogs,neutral,80,69,11,149,0.8525,0.1475,64,65,,,backtest
2026-03-05,West Georgia Wolves,North Florida Ospreys,neutral,81,76,5,157,0.6489,0.3511,93,85,,,backtest
2026-03-05,Penn State Nittany Lions,Ohio State Buckeyes,team1_home,75,79,-4,154,0.3572,0.6428,62,94,,,backtest
2026-03-05,Oral Roberts Golden Eagles,Kansas City Roos,neutral,79,71,8,150,0.7893,0.2107,84,62,,,backtest
2026-03-05,North Texas Mean Green,Rice Owls,team1_home,77,70,7,147,0.7291,0.2709,62,58,,,backtest
2026-03-05,Wisconsin Badgers,Maryland Terrapins,team1_home,84,69,15,153,0.9063,0.0937,78,45,,,backtest
2026-03-05,DePaul Blue Demons,Villanova Wildcats,team1_home,72,76,-4,148,0.3659,0.6341,57,76,,,backtest
2026-03-05,Georgia Southern Eagles,Old Dominion Monarchs,neutral,80,76,4,156,0.6239,0.3761,88,84,,,backtest
2026-03-05,Pittsburgh Panthers,Florida State Seminoles,team1_home,76,77,-1,153,0.4527,0.5473,74,75,,,backtest
2026-03-05,Notre Dame Fighting Irish,Stanford Cardinal,team1_home,76,76,0,152,0.4738,0.5262,78,86,,,backtest
2026-03-05,New Mexico Lobos,Colorado State Rams,team1_home,79,74,5,153,0.6829,0.3171,74,82,,,backtest
2026-03-05,Washington Huskies,USC Trojans,team1_home,80,74,6,154,0.712,0.288,91,72,,,backtest
2026-03-06,Iowa Hawkeyes,Michigan Wolverines,team1_home,75,78,-3,153,0.3964,0.6036,68,71,,,backtest
2026-03-06,Michigan State Spartans,Rutgers Scarlet Knights,team1_home,84,67,17,151,0.9394,0.0606,91,87,,,backtest
2026-03-05,Southern Illinois Salukis,Drake Bulldogs,neutral,76,73,3,149,0.5888,0.4112,63,67,,,backtest
2026-03-05,North Carolina Central Eagles,South Carolina State Bulldogs,team1_home,77,71,6,148,0.7028,0.2972,64,80,,,backtest
2026-03-05,Southern Miss Golden Eagles,James Madison Dukes,neutral,75,77,-2,152,0.4373,0.5627,86,80,,,backtest
2026-03-05,Iona Gaels,Sacred Heart Pioneers,neutral,77,74,3,151,0.5908,0.4092,80,91,,,backtest
2026-03-06,North Dakota State Bison,Oral Roberts Golden Eagles,neutral,83,69,14,152,0.8995,0.1005,76,65,,,backtest
2026-03-06,Lehigh Mountain Hawks,Holy Cross Crusaders,team1_home,78,71,7,149,0.7437,0.2563,69,66,,,backtest
2026-03-06,Colgate Raiders,Loyola Maryland Greyhounds,team1_home,81,73,8,154,0.7524,0.2476,90,77,,,backtest
2026-03-06,Boston University Terriers,American University Eagles,team1_home,78,73,5,151,0.6671,0.3329,75,73,,,backtest
2026-03-06,Navy Midshipmen,Bucknell Bison,team1_home,84,64,20,148,0.9746,0.0254,74,69,,,backtest
2026-03-06,UT Martin Skyhawks,Eastern Illinois Panthers,neutral,76,67,9,143,0.8022,0.1978,66,63,,,backtest
2026-03-06,Valparaiso Beacons,Indiana State Sycamores,neutral,77,72,5,149,0.6439,0.3561,63,62,,,backtest
2026-03-06,Temple Owls,Tulane Green Wave,team1_home,79,71,8,150,0.7531,0.2469,89,60,,,backtest
2026-03-06,East Carolina Pirates,Tulsa Golden Hurricane,team1_home,71,82,-11,153,0.1779,0.8221,66,93,,,backtest
2026-03-06,Florida International Panthers,Middle Tennessee Blue Raiders,team1_home,78,75,3,153,0.5824,0.4176,67,73,,,backtest
2026-03-06,Liberty Flames,Louisiana Tech Bulldogs,team1_home,79,69,10,148,0.8199,0.1801,71,76,,,backtest
2026-03-06,Delaware Blue Hens,Sam Houston Bearkats,team1_home,72,79,-7,151,0.2629,0.7371,83,80,,,backtest
2026-03-06,Florida A&M Rattlers,Bethune-Cookman Wildcats,team1_home,75,74,1,149,0.5127,0.4873,81,77,,,backtest
2026-03-06,Norfolk State Spartans,Howard Bison,team1_home,71,77,-6,148,0.3243,0.6757,76,84,,,backtest
2026-03-06,Alabama State Hornets,Grambling Tigers,team1_home,74,73,1,147,0.5151,0.4849,63,65,,,backtest
2026-03-06,Texas Southern Tigers,Prairie View A&M Panthers,team1_home,77,76,1,153,0.5311,0.4689,59,70,,,backtest
2026-03-06,Maryland Eastern Shore Hawks,Delaware State Hornets,team1_home,73,67,6,140,0.7273,0.2727,56,57,,,backtest
2026-03-06,Tarleton State Texans,UT Arlington Mavericks,team1_home,73,73,0,146,0.509,0.491,60,65,,,backtest
2026-03-06,Missouri State Bears,Western Kentucky Hilltoppers,team1_home,77,75,2,152,0.5597,0.4403,87,74,,,backtest
2026-03-06,Arkansas State Red Wolves,Georgia Southern Eagles,neutral,79,77,2,156,0.5659,0.4341,77,80,,,backtest
2026-03-06,Fairfield Stags,Manhattan Jaspers,neutral,79,72,7,151,0.7207,0.2793,71,60,,,backtest
2026-03-06,Jackson State Tigers,Mississippi Valley State Delta Devils,team1_home,79,69,10,148,0.8324,0.1676,85,77,,,backtest
2026-03-06,Morgan State Bears,Coppin State Eagles,team1_home,79,69,10,148,0.8366,0.1634,70,66,,,backtest
2026-03-06,Southern Utah Thunderbirds,Utah Valley Wolverines,team1_home,71,81,-10,152,0.1639,0.8361,88,92,,,backtest
2026-03-06,Portland Pilots,Pepperdine Waves,neutral,76,74,2,150,0.5838,0.4162,77,68,,,backtest
2026-03-06,Alcorn State Braves,Arkansas-Pine Bluff Golden Lions,team1_home,74,76,-2,150,0.4084,0.5916,48,83,,,backtest
2026-03-06,UTEP Miners,Kennesaw State Owls,team1_home,73,78,-5,151,0.3307,0.6693,78,71,,,backtest
2026-03-06,New Mexico State Aggies,Jacksonville State Gamecocks,team1_home,77,72,5,149,0.6477,0.3523,77,75,,,backtest
2026-03-06,Memphis Tigers,South Florida Bulls,team1_home,74,82,-8,156,0.2448,0.7552,89,96,,,backtest
2026-03-06,Alabama A&M Bulldogs,Southern Jaguars,team1_home,78,74,4,152,0.6246,0.3754,85,88,,,backtest
2026-03-06,St. Thomas-Minnesota Tommies,South Dakota State Jackrabbits,neutral,81,73,8,154,0.7462,0.2538,80,67,,,backtest
2026-03-06,Northern Iowa Panthers,Evansville Purple Aces,neutral,81,64,17,145,0.9551,0.0449,68,59,,,backtest
2026-03-06,Cal State Bakersfield Roadrunners,Cal State Northridge Matadors,team1_home,73,79,-6,152,0.2988,0.7012,84,86,,,backtest
2026-03-06,Long Beach State Beach,UC Davis Aggies,team1_home,75,77,-2,152,0.4224,0.5776,70,76,,,backtest
2026-03-06,UC Irvine Anteaters,Cal Poly Mustangs,team1_home,80,71,9,151,0.7822,0.2178,107,85,,,backtest
2026-03-06,Cal State Fullerton Titans,UC San Diego Tritons,team1_home,76,77,-1,153,0.4758,0.5242,75,71,,,backtest
2026-03-06,California Baptist Lancers,Abilene Christian Wildcats,team1_home,80,66,14,146,0.8949,0.1051,87,48,,,backtest
2026-03-06,Loyola Marymount Lions,San Diego Toreros,neutral,77,74,3,151,0.6058,0.3942,62,66,,,backtest
2026-03-06,Hawai'i Rainbow Warriors,UC Riverside Highlanders,team1_home,83,67,16,150,0.9261,0.0739,93,74,,,backtest
2026-03-07,Seton Hall Pirates,St. John's Red Storm,team1_home,73,75,-2,148,0.4244,0.5756,65,72,,,backtest
2026-03-07,Ohio Bobcats,Miami (OH) RedHawks,team1_home,74,82,-8,156,0.2509,0.7491,108,110,,,backtest
2026-03-06,High Point Panthers,Gardner-Webb Runnin' Bulldogs,neutral,87,64,23,151,0.9837,0.0163,81,59,,,backtest
2026-03-06,Central Arkansas Bears,Bellarmine Knights,neutral,79,78,1,157,0.56,0.44,86,73,,,backtest
2026-03-06,Belmont Bruins,Drake Bulldogs,neutral,82,73,9,155,0.8045,0.1955,79,100,,,backtest
2026-03-06,North Carolina A&T Aggies,Northeastern Huskies,neutral,78,76,2,154,0.5453,0.4547,72,88,,,backtest
2026-03-06,Winthrop Eagles,Charleston Southern Buccaneers,neutral,80,77,3,157,0.6049,0.3951,86,81,,,backtest
2026-03-06,Lipscomb Bisons,Florida Gulf Coast Eagles,neutral,78,76,2,154,0.5499,0.4501,53,77,,,backtest
2026-03-06,Murray State Racers,UIC Flames,neutral,78,76,2,154,0.5751,0.4249,79,92,,,backtest
2026-03-06,Chattanooga Mocs,The Citadel Bulldogs,neutral,80,72,8,152,0.7666,0.2334,85,88,,,backtest
2026-03-06,Austin Peay Governors,Stetson Hatters,neutral,82,71,11,153,0.8288,0.1712,69,60,,,backtest
2026-03-06,Texas State Bobcats,Southern Miss Golden Eagles,neutral,75,74,1,149,0.5237,0.4763,77,81,,,backtest
2026-03-06,Merrimack Warriors,Sacred Heart Pioneers,neutral,76,73,3,149,0.6241,0.3759,70,48,,,backtest
2026-03-06,UNC Asheville Bulldogs,Longwood Lancers,neutral,74,76,-2,150,0.431,0.569,85,82,,,backtest
2026-03-06,Akron Zips,Northern Illinois Huskies,team1_home,87,65,22,152,0.9771,0.0229,94,55,,,backtest
2026-03-06,Eastern Michigan Eagles,Bowling Green Falcons,team1_home,73,76,-3,149,0.3855,0.6145,69,77,,,backtest
2026-03-07,South Dakota Coyotes,Omaha Mavericks,neutral,77,78,-1,155,0.4758,0.5242,62,76,,,backtest
2026-03-07,Bradley Braves,Valparaiso Beacons,neutral,76,74,2,150,0.587,0.413,90,84,,,backtest
2026-03-07,Dayton Flyers,VCU Rams,team1_home,76,77,-1,153,0.4437,0.5563,62,68,,,backtest
2026-03-07,Brown Bears,Pennsylvania Quakers,team1_home,71,76,-5,147,0.3321,0.6679,61,82,,,backtest
2026-03-07,Kent State Golden Flashes,Western Michigan Broncos,team1_home,84,73,11,157,0.8413,0.1587,86,78,,,backtest
2026-03-07,Ball State Cardinals,Central Michigan Chippewas,team1_home,75,73,2,148,0.5614,0.4386,85,69,,,backtest
2026-03-07,Toledo Rockets,Buffalo Bulls,team1_home,80,77,3,157,0.6111,0.3889,99,78,,,backtest
2026-03-07,Harvard Crimson,Columbia Lions,team1_home,77,72,5,149,0.6548,0.3452,81,71,,,backtest
2026-03-07,UNC Greensboro Spartans,VMI Keydets,neutral,81,73,8,154,0.7878,0.2122,84,70,,,backtest
2026-03-07,Tennessee State Tigers,UT Martin Skyhawks,neutral,75,72,3,147,0.606,0.394,68,55,,,backtest
2026-03-07,West Virginia Mountaineers,UCF Knights,team1_home,76,74,2,150,0.5766,0.4234,77,62,,,backtest
2026-03-07,Saint Peter's Peacocks,Fairfield Stags,neutral,73,74,-1,147,0.4467,0.5533,55,74,,,backtest
2026-03-07,South Alabama Jaguars,Georgia Southern Eagles,neutral,77,76,1,153,0.5552,0.4448,85,94,,,backtest
2026-03-07,Washington State Cougars,Portland Pilots,neutral,79,73,6,152,0.6888,0.3112,68,74,,,backtest
2026-03-07,North Dakota Fighting Hawks,Denver Pioneers,neutral,77,81,-4,158,0.4008,0.5992,83,67,,,backtest
2026-03-07,Radford Highlanders,Presbyterian Blue Hose,neutral,77,75,2,152,0.5812,0.4188,85,91,,,backtest
2026-03-07,San Diego State Aztecs,UNLV Rebels,team1_home,80,73,7,153,0.7244,0.2756,89,86,,,backtest
2026-03-07,Illinois State Redbirds,Northern Iowa Panthers,neutral,72,74,-2,146,0.448,0.552,52,74,,,backtest
2026-03-07,Morehead State Eagles,Southeast Missouri State Redhawks,neutral,74,75,-1,149,0.4697,0.5303,66,61,,,backtest
2026-03-07,Seattle U Redhawks,San Diego Toreros,neutral,76,72,4,148,0.6397,0.3603,58,56,,,backtest
2026-03-07,Duke Blue Devils,North Carolina Tar Heels,team1_home,83,69,14,152,0.8841,0.1159,76,61,,,backtest
2026-03-08,Colorado Buffaloes,Arizona Wildcats,team1_home,73,82,-9,155,0.2314,0.7686,79,89,,,backtest
2026-03-07,Marquette Golden Eagles,UConn Huskies,team1_home,71,80,-9,151,0.2122,0.7878,68,62,,,backtest
2026-03-07,Kentucky Wildcats,Florida Gators,team1_home,76,81,-5,157,0.3558,0.6442,77,84,,,backtest
2026-03-07,Iowa State Cyclones,Arizona State Sun Devils,team1_home,85,68,17,153,0.9465,0.0535,86,65,,,backtest
2026-03-07,Oklahoma State Cowboys,Houston Cougars,team1_home,73,81,-8,154,0.2284,0.7716,75,82,,,backtest
2026-03-08,BYU Cougars,Texas Tech Red Raiders,team1_home,80,77,3,157,0.6038,0.3962,82,76,,,backtest
2026-03-07,Virginia Cavaliers,Virginia Tech Hokies,team1_home,82,71,11,153,0.8286,0.1714,76,72,,,backtest
2026-03-07,Kansas Jayhawks,Kansas State Wildcats,team1_home,82,71,11,153,0.8324,0.1676,104,85,,,backtest
2026-03-07,Purdue Boilermakers,Wisconsin Badgers,team1_home,80,77,3,157,0.6182,0.3818,93,97,,,backtest
2026-03-08,Alabama Crimson Tide,Auburn Tigers,team1_home,82,79,3,161,0.5894,0.4106,96,84,,,backtest
2026-03-07,Missouri Tigers,Arkansas Razorbacks,team1_home,79,80,-1,159,0.4902,0.5098,84,88,,,backtest
2026-03-07,Miami Hurricanes,Louisville Cardinals,team1_home,79,77,2,156,0.5677,0.4323,89,92,,,backtest
2026-03-07,Tennessee Volunteers,Vanderbilt Commodores,team1_home,79,78,1,157,0.5613,0.4387,82,86,,,backtest
2026-03-07,George Mason Patriots,Saint Louis Billikens,team1_home,74,79,-5,153,0.3209,0.6791,86,57,,,backtest
2026-03-07,Stony Brook Seawolves,Campbell Fighting Camels,neutral,75,76,-1,151,0.4859,0.5141,89,96,,,backtest
2026-03-07,East Tennessee State Buccaneers,The Citadel Bulldogs,neutral,82,68,14,150,0.9004,0.0996,83,76,,,backtest
2026-03-07,Mercyhurst Lakers,Stonehill Skyhawks,team1_home,76,67,9,143,0.8223,0.1777,56,51,,,backtest
2026-03-07,High Point Panthers,UNC Asheville Bulldogs,neutral,84,70,14,154,0.8978,0.1022,75,71,,,backtest
2026-03-07,St. Bonaventure Bonnies,Davidson Wildcats,team1_home,76,74,2,150,0.5745,0.4255,63,68,,,backtest
2026-03-07,DePaul Blue Demons,Butler Bulldogs,team1_home,76,75,1,151,0.5467,0.4533,71,81,,,backtest
2026-03-07,Villanova Wildcats,Xavier Musketeers,team1_home,82,72,10,154,0.8152,0.1848,91,78,,,backtest
2026-03-07,Boston College Eagles,Notre Dame Fighting Irish,team1_home,74,74,0,148,0.4831,0.5169,77,69,,,backtest
2026-03-07,Clemson Tigers,Georgia Tech Yellow Jackets,team1_home,82,68,14,150,0.9051,0.0949,79,76,,,backtest
2026-03-07,Delaware Blue Hens,Louisiana Tech Bulldogs,team1_home,73,73,0,146,0.4848,0.5152,38,81,,,backtest
2026-03-07,UMass Lowell River Hawks,UAlbany Great Danes,team1_home,76,73,3,149,0.6102,0.3898,81,76,,,backtest
2026-03-07,UMBC Retrievers,New Hampshire Wildcats,team1_home,84,64,20,148,0.9715,0.0285,84,69,,,backtest
2026-03-07,Saint Joseph's Hawks,La Salle Explorers,team1_home,79,68,11,147,0.8618,0.1382,88,76,,,backtest
2026-03-07,Ole Miss Rebels,South Carolina Gamecocks,team1_home,78,74,4,152,0.6241,0.3759,61,64,,,backtest
2026-03-07,Long Island University Sharks,Wagner Seahawks,team1_home,79,70,9,149,0.7825,0.2175,64,56,,,backtest
2026-03-07,Vermont Catamounts,Bryant Bulldogs,team1_home,82,64,18,146,0.9593,0.0407,77,57,,,backtest
2026-03-07,Dartmouth Big Green,Cornell Big Red,team1_home,77,81,-4,158,0.3672,0.6328,90,111,,,backtest
2026-03-07,Loyola Chicago Ramblers,George Washington Revolutionaries,team1_home,71,81,-10,152,0.1715,0.8285,68,62,,,backtest
2026-03-07,Fordham Rams,Rhode Island Rams,team1_home,74,71,3,145,0.6167,0.3833,61,49,,,backtest
2026-03-07,Duquesne Dukes,Richmond Spiders,team1_home,78,76,2,154,0.5544,0.4456,79,77,,,backtest
2026-03-07,TCU Horned Frogs,Cincinnati Bearcats,team1_home,77,72,5,149,0.6789,0.3211,73,63,,,backtest
2026-03-07,Florida State Seminoles,SMU Mustangs,team1_home,78,80,-2,158,0.4598,0.5402,91,78,,,backtest
2026-03-07,Yale Bulldogs,Princeton Tigers,team1_home,82,68,14,150,0.9072,0.0928,78,53,,,backtest
2026-03-07,Florida International Panthers,Western Kentucky Hilltoppers,team1_home,78,76,2,154,0.5463,0.4537,92,67,,,backtest
2026-03-07,Liberty Flames,Sam Houston Bearkats,team1_home,79,76,3,155,0.6205,0.3795,79,72,,,backtest
2026-03-07,NC State Wolfpack,Stanford Cardinal,team1_home,81,74,7,155,0.7255,0.2745,84,85,,,backtest
2026-03-07,Drexel Dragons,Northeastern Huskies,neutral,77,72,5,149,0.6391,0.3609,84,77,,,backtest
2026-03-07,Wofford Terriers,UNC Greensboro Spartans,neutral,80,76,4,156,0.6242,0.3758,72,75,,,backtest
2026-03-07,Winthrop Eagles,Presbyterian Blue Hose,neutral,79,73,6,152,0.7063,0.2937,73,71,,,backtest
2026-03-07,Missouri State Bears,Middle Tennessee Blue Raiders,team1_home,77,74,3,151,0.5857,0.4143,63,75,,,backtest
2026-03-07,UTEP Miners,Jacksonville State Gamecocks,team1_home,72,74,-2,146,0.4244,0.5756,61,64,,,backtest
2026-03-07,UIC Flames,Drake Bulldogs,neutral,77,73,4,150,0.6382,0.3618,72,51,,,backtest
2026-03-07,Mississippi State Bulldogs,Georgia Bulldogs,team1_home,76,83,-7,159,0.2856,0.7144,96,102,,,backtest
2026-03-07,NJIT Highlanders,Maine Black Bears,team1_home,73,69,4,142,0.6456,0.3544,60,58,,,backtest
2026-03-07,Utah State Aggies,New Mexico Lobos,team1_home,80,74,6,154,0.6894,0.3106,94,90,,,backtest
2026-03-07,Wichita State Shockers,Florida Atlantic Owls,team1_home,80,72,8,152,0.7426,0.2574,88,70,,,backtest
2026-03-07,Colorado State Rams,Boise State Broncos,team1_home,78,75,3,153,0.6135,0.3865,67,78,,,backtest
2026-03-07,Wake Forest Demon Deacons,California Golden Bears,team1_home,77,77,0,154,0.499,0.501,80,73,,,backtest
2026-03-07,New Mexico State Aggies,Kennesaw State Owls,team1_home,78,76,2,154,0.5462,0.4538,79,76,,,backtest
2026-03-07,Syracuse Orange,Pittsburgh Panthers,team1_home,78,73,5,151,0.6689,0.3311,69,71,,,backtest
2026-03-07,Central Arkansas Bears,Florida Gulf Coast Eagles,neutral,79,75,4,154,0.6052,0.3948,73,63,,,backtest
2026-03-07,San José State Spartans,Wyoming Cowboys,team1_home,73,79,-6,152,0.2965,0.7035,78,88,,,backtest
2026-03-07,Baylor Bears,Utah Utes,team1_home,82,73,9,155,0.79,0.21,101,75,,,backtest
2026-03-07,Ohio State Buckeyes,Indiana Hoosiers,team1_home,80,75,5,155,0.6624,0.3376,91,78,,,backtest
2026-03-07,Towson Tigers,Hampton Pirates,neutral,74,70,4,144,0.6358,0.3642,74,68,,,backtest
2026-03-07,Samford Bulldogs,Furman Paladins,neutral,76,77,-1,153,0.4621,0.5379,81,86,,,backtest
2026-03-07,Bradley Braves,Northern Iowa Panthers,neutral,72,75,-3,147,0.3895,0.6105,69,73,,,backtest
2026-03-07,Quinnipiac Bobcats,Marist Red Foxes,neutral,71,74,-3,145,0.3978,0.6022,75,77,,,backtest
2026-03-07,LSU Tigers,Texas A&M Aggies,team1_home,80,81,-1,161,0.4618,0.5382,91,94,,,backtest
2026-03-07,App State Mountaineers,Southern Miss Golden Eagles,neutral,75,73,2,148,0.5883,0.4117,73,86,,,backtest
2026-03-08,Cal Poly Mustangs,Cal State Bakersfield Roadrunners,team1_home,82,72,10,154,0.7941,0.2059,108,76,,,backtest
2026-03-08,Abilene Christian Wildcats,UT Arlington Mavericks,team1_home,71,73,-2,144,0.4576,0.5424,57,64,,,backtest
2026-03-08,Idaho State Bengals,Northern Arizona Lumberjacks,neutral,79,73,6,152,0.7118,0.2882,73,65,,,backtest
2026-03-08,North Dakota State Bison,Omaha Mavericks,neutral,81,71,10,152,0.8141,0.1859,74,50,,,backtest
2026-03-08,Grand Canyon Lopes,Fresno State Bulldogs,team1_home,79,69,10,148,0.8098,0.1902,85,60,,,backtest
2026-03-08,Cal State Northridge Matadors,Cal State Fullerton Titans,team1_home,78,76,2,154,0.5834,0.4166,77,90,,,backtest
2026-03-08,Georgetown Hoyas,Providence Friars,team1_home,78,78,0,156,0.5137,0.4863,80,79,,,backtest
2026-03-08,UC Irvine Anteaters,UC Davis Aggies,team1_home,78,72,6,150,0.6976,0.3024,79,69,,,backtest
2026-03-08,William & Mary Tribe,Elon Phoenix,neutral,80,76,4,156,0.6106,0.3894,72,62,,,backtest
2026-03-08,Mercer Bears,Western Carolina Catamounts,neutral,80,76,4,156,0.6358,0.3642,73,77,,,backtest
2026-03-08,Texas Longhorns,Oklahoma Sooners,team1_home,81,78,3,159,0.5894,0.4106,85,88,,,backtest
2026-03-08,Southern Utah Thunderbirds,California Baptist Lancers,team1_home,70,79,-9,149,0.2253,0.7747,75,82,,,backtest
2026-03-08,Siena Saints,Mount St. Mary's Mountaineers,neutral,77,69,8,146,0.7741,0.2259,63,58,,,backtest
2026-03-08,San Francisco Dons,Portland Pilots,neutral,79,72,7,151,0.7334,0.2666,82,65,,,backtest
2026-03-08,Tennessee State Tigers,Morehead State Eagles,neutral,79,73,6,152,0.6805,0.3195,93,67,,,backtest
2026-03-08,USC Trojans,UCLA Bruins,team1_home,75,79,-4,154,0.3474,0.6526,68,89,,,backtest
2026-03-08,Minnesota Golden Gophers,Northwestern Wildcats,team1_home,76,73,3,149,0.5932,0.4068,67,66,,,backtest
2026-03-08,UC Santa Barbara Gauchos,UC San Diego Tritons,team1_home,77,74,3,151,0.6228,0.3772,63,64,,,backtest
2026-03-08,Utah Tech Trailblazers,Utah Valley Wolverines,team1_home,74,78,-4,152,0.3599,0.6401,101,104,,,backtest
2026-03-08,Coastal Carolina Chanticleers,Georgia Southern Eagles,neutral,75,78,-3,153,0.3996,0.6004,72,96,,,backtest
2026-03-08,Idaho Vandals,Sacramento State Hornets,neutral,81,73,8,154,0.7751,0.2249,68,45,,,backtest
2026-03-08,Nevada Wolf Pack,Air Force Falcons,team1_home,86,62,24,148,0.9939,0.0061,74,59,,,backtest
2026-03-08,St. Thomas-Minnesota Tommies,North Dakota Fighting Hawks,neutral,83,72,11,155,0.8316,0.1684,66,67,,,backtest
2026-03-08,Oregon Ducks,Washington Huskies,team1_home,74,78,-4,152,0.3668,0.6332,85,79,,,backtest
2026-03-08,Pacific Tigers,Seattle U Redhawks,neutral,74,72,2,146,0.5693,0.4307,61,58,,,backtest
2026-03-08,Hawai'i Rainbow Warriors,Long Beach State Beach,team1_home,82,68,14,150,0.897,0.103,75,84,,,backtest
2026-03-08,Michigan Wolverines,Michigan State Spartans,team1_home,81,73,8,154,0.7629,0.2371,90,80,,,backtest
2026-03-08,Nebraska Cornhuskers,Iowa Hawkeyes,team1_home,77,72,5,149,0.6539,0.3461,84,75,,,backtest
2026-03-08,Maryland Terrapins,Illinois Fighting Illini,team1_home,70,81,-11,151,0.1776,0.8224,72,78,,,backtest
2026-03-08,UNC Wilmington Seahawks,Campbell Fighting Camels,neutral,81,71,10,152,0.8059,0.1941,70,85,,,backtest
2026-03-08,Lehigh Mountain Hawks,Colgate Raiders,team1_home,76,75,1,151,0.5107,0.4893,76,69,,,backtest
2026-03-08,UIC Flames,Northern Iowa Panthers,neutral,71,75,-4,146,0.3814,0.6186,69,84,,,backtest
2026-03-08,High Point Panthers,Winthrop Eagles,neutral,83,74,9,157,0.7669,0.2331,91,76,,,backtest
2026-03-08,Rutgers Scarlet Knights,Penn State Nittany Lions,team1_home,77,75,2,152,0.5722,0.4278,74,62,,,backtest
2026-03-08,Navy Midshipmen,Boston University Terriers,team1_home,80,70,10,150,0.8173,0.1827,72,73,,,backtest
2026-03-08,Tulane Green Wave,Memphis Tigers,team1_home,77,74,3,151,0.579,0.421,95,96,,,backtest
2026-03-08,South Florida Bulls,Charlotte 49ers,team1_home,83,72,11,155,0.8342,0.1658,83,60,,,backtest
2026-03-08,Monmouth Hawks,Drexel Dragons,neutral,74,72,2,146,0.5645,0.4355,65,57,,,backtest
2026-03-08,Tulsa Golden Hurricane,Temple Owls,team1_home,82,72,10,154,0.8149,0.1851,78,76,,,backtest
2026-03-08,Rice Owls,UTSA Roadrunners,team1_home,82,69,13,151,0.8911,0.1089,80,71,,,backtest
2026-03-08,UAB Blazers,East Carolina Pirates,team1_home,82,70,12,152,0.8651,0.1349,90,83,,,backtest
2026-03-08,Green Bay Phoenix,Northern Kentucky Norse,neutral,76,80,-4,156,0.3896,0.6104,76,96,,,backtest
2026-03-08,East Tennessee State Buccaneers,Western Carolina Catamounts,neutral,81,73,8,154,0.7473,0.2527,69,67,,,backtest
2026-03-08,Charleston Cougars,Towson Tigers,neutral,74,73,1,147,0.537,0.463,56,81,,,backtest
2026-03-08,Troy Trojans,Southern Miss Golden Eagles,neutral,79,73,6,152,0.6695,0.3305,78,70,,,backtest
2026-03-08,New Orleans Privateers,Houston Christian Huskies,neutral,76,73,3,149,0.6006,0.3994,73,60,,,backtest
2026-03-08,Merrimack Warriors,Marist Red Foxes,neutral,71,73,-2,144,0.4278,0.5722,58,57,,,backtest
2026-03-08,Furman Paladins,UNC Greensboro Spartans,neutral,79,74,5,153,0.6691,0.3309,81,75,,,backtest
2026-03-08,Portland State Vikings,Idaho State Bengals,neutral,77,74,3,151,0.6243,0.3757,85,78,,,backtest
2026-03-09,Hofstra Pride,William & Mary Tribe,neutral,78,75,3,153,0.6118,0.3882,92,61,,,backtest
2026-03-09,Oregon State Beavers,San Francisco Dons,neutral,74,77,-3,151,0.3821,0.6179,78,77,,,backtest
2026-03-09,Nicholls Colonels,Northwestern State Demons,neutral,75,72,3,147,0.6003,0.3997,61,47,,,backtest
2026-03-09,Siena Saints,Fairfield Stags,neutral,75,72,3,147,0.6116,0.3884,76,61,,,backtest
2026-03-09,Marshall Thundering Herd,Georgia Southern Eagles,neutral,80,78,2,158,0.5627,0.4373,78,82,,,backtest
2026-03-09,North Dakota State Bison,North Dakota Fighting Hawks,neutral,82,71,11,153,0.8312,0.1688,70,62,,,backtest
2026-03-09,Montana State Bobcats,Idaho Vandals,neutral,76,76,0,152,0.503,0.497,74,78,,,backtest
2026-03-09,Santa Clara Broncos,Pacific Tigers,neutral,79,73,6,152,0.6923,0.3077,76,68,,,backtest
2026-03-10,Gonzaga Bulldogs,Oregon State Beavers,neutral,84,67,17,151,0.9479,0.0521,65,56,,,backtest
2026-03-10,Saint Mary's Gaels,Santa Clara Broncos,neutral,79,75,4,154,0.6571,0.3429,71,76,,,backtest
2026-03-09,Alabama State Hornets,Alcorn State Braves,neutral,77,71,6,148,0.6997,0.3003,65,77,,,backtest
2026-03-09,Monmouth Hawks,Campbell Fighting Camels,neutral,77,74,3,151,0.6064,0.3936,74,64,,,backtest
2026-03-09,Texas A&M-Corpus Christi Islanders,New Orleans Privateers,neutral,75,74,1,149,0.5494,0.4506,74,61,,,backtest
2026-03-09,Troy Trojans,Georgia Southern Eagles,neutral,79,76,3,155,0.5975,0.4025,77,61,,,backtest
2026-03-09,East Tennessee State Buccaneers,Furman Paladins,neutral,78,74,4,152,0.6317,0.3683,61,76,,,backtest
2026-03-09,Wright State Raiders,Northern Kentucky Norse,neutral,80,77,3,157,0.5841,0.4159,103,90,,,backtest
2026-03-09,Montana Grizzlies,Northern Colorado Bears,neutral,75,80,-5,155,0.3507,0.6493,95,89,,,backtest
2026-03-10,Hofstra Pride,Towson Tigers,neutral,76,70,6,146,0.7218,0.2782,68,65,,,backtest
2026-03-10,Grambling Tigers,Mississippi Valley State Delta Devils,neutral,80,65,15,145,0.9311,0.0689,77,52,,,backtest
2026-03-10,UT Rio Grande Valley Vaqueros,Nicholls Colonels,neutral,78,71,7,149,0.7434,0.2566,86,68,,,backtest
2026-03-10,Robert Morris Colonials,Detroit Mercy Titans,neutral,80,74,6,154,0.7021,0.2979,64,70,,,backtest
2026-03-10,Eastern Washington Eagles,Weber State Wildcats,neutral,78,79,-1,157,0.4436,0.5564,84,79,,,backtest
2026-03-11,Gonzaga Bulldogs,Santa Clara Broncos,neutral,82,73,9,155,0.775,0.225,79,68,,,backtest
2026-03-10,Arizona State Sun Devils,Baylor Bears,neutral,76,81,-5,157,0.3369,0.6631,83,79,,,backtest
2026-03-10,Prairie View A&M Panthers,Alcorn State Braves,neutral,79,71,8,150,0.7857,0.2143,65,56,,,backtest
2026-03-10,Stanford Cardinal,Pittsburgh Panthers,neutral,78,73,5,151,0.6575,0.3425,63,64,,,backtest
2026-03-10,Cincinnati Bearcats,Utah Utes,neutral,78,72,6,150,0.7259,0.2741,73,66,,,backtest
2026-03-10,SMU Mustangs,Syracuse Orange,neutral,81,75,6,156,0.706,0.294,86,69,,,backtest
2026-03-10,Oregon Ducks,Maryland Terrapins,neutral,76,73,3,149,0.5888,0.4112,60,70,,,backtest
2026-03-10,UMBC Retrievers,UMass Lowell River Hawks,team1_home,82,68,14,150,0.9049,0.0951,91,69,,,backtest
2026-03-10,Florida International Panthers,Missouri State Bears,neutral,76,76,0,152,0.5057,0.4943,72,75,,,backtest
2026-03-10,Hofstra Pride,Monmouth Hawks,neutral,77,71,6,148,0.6861,0.3139,75,69,,,backtest
2026-03-10,Stephen F. Austin Lumberjacks,Texas A&M-Corpus Christi Islanders,neutral,78,69,9,147,0.7799,0.2201,60,58,,,backtest
2026-03-10,Long Island University Sharks,Mercyhurst Lakers,team1_home,77,70,7,147,0.731,0.269,79,70,,,backtest
2026-03-10,Wright State Raiders,Detroit Mercy Titans,neutral,81,75,6,156,0.7101,0.2899,66,63,,,backtest
2026-03-10,BYU Cougars,Kansas State Wildcats,neutral,83,74,9,157,0.7878,0.2122,105,91,,,backtest
2026-03-10,Vermont Catamounts,NJIT Highlanders,team1_home,80,66,14,146,0.9112,0.0888,63,54,,,backtest
2026-03-10,Virginia Tech Hokies,Wake Forest Demon Deacons,neutral,79,76,3,155,0.5911,0.4089,89,95,,,backtest
2026-03-10,Northwestern Wildcats,Penn State Nittany Lions,neutral,79,74,5,153,0.6926,0.3074,76,66,,,backtest
2026-03-11,Jackson State Tigers,Grambling Tigers,neutral,70,78,-8,148,0.2291,0.7709,68,65,,,backtest
2026-03-11,Merrimack Warriors,Siena Saints,neutral,71,74,-3,145,0.3961,0.6039,54,64,,,backtest
2026-03-11,Portland State Vikings,Montana Grizzlies,neutral,77,74,3,151,0.5929,0.4071,72,75,,,backtest
2026-03-11,Jacksonville State Gamecocks,New Mexico State Aggies,neutral,74,75,-1,149,0.4523,0.5477,63,68,,,backtest
2026-03-11,McNeese Cowboys,UT Rio Grande Valley Vaqueros,neutral,78,72,6,150,0.6972,0.3028,84,80,,,backtest
2026-03-11,Colorado Buffaloes,Oklahoma State Cowboys,neutral,80,79,1,159,0.5098,0.4902,83,92,,,backtest
2026-03-11,Eastern Washington Eagles,Idaho Vandals,neutral,76,79,-3,155,0.3877,0.6123,68,81,,,backtest
2026-03-11,Iowa State Cyclones,Arizona State Sun Devils,neutral,84,69,15,153,0.9028,0.0972,91,42,,,backtest
2026-03-11,Louisville Cardinals,SMU Mustangs,neutral,81,77,4,158,0.6333,0.3667,62,58,,,backtest
2026-03-11,La Salle Explorers,St. Bonaventure Bonnies,neutral,71,80,-9,151,0.2019,0.7981,80,99,,,backtest
2026-03-11,Iowa Hawkeyes,Maryland Terrapins,neutral,81,68,13,149,0.8981,0.1019,75,64,,,backtest
2026-03-11,NC State Wolfpack,Pittsburgh Panthers,neutral,81,73,8,154,0.7718,0.2282,98,88,,,backtest
2026-03-11,Kentucky Wildcats,LSU Tigers,neutral,81,77,4,158,0.6464,0.3536,87,82,,,backtest
2026-03-11,Bethune-Cookman Wildcats,Prairie View A&M Panthers,neutral,76,76,0,152,0.5227,0.4773,67,71,,,backtest
2026-03-11,Richmond Spiders,Loyola Chicago Ramblers,neutral,80,71,9,151,0.8166,0.1834,67,75,,,backtest
2026-03-11,Washington Huskies,USC Trojans,neutral,79,75,4,154,0.6148,0.3852,83,79,,,backtest
2026-03-11,UNLV Rebels,Wyoming Cowboys,neutral,76,79,-3,155,0.4292,0.5708,73,70,,,backtest
2026-03-11,Auburn Tigers,Mississippi State Bulldogs,neutral,82,76,6,158,0.6837,0.3163,79,61,,,backtest
2026-03-11,UCF Knights,Cincinnati Bearcats,neutral,76,76,0,152,0.5175,0.4825,66,65,,,backtest
2026-03-11,Butler Bulldogs,Providence Friars,neutral,79,81,-2,160,0.4437,0.5563,81,91,,,backtest
2026-03-11,Stephen F. Austin Lumberjacks,McNeese Cowboys,neutral,74,75,-1,149,0.4529,0.5471,59,76,,,backtest
2026-03-11,Nevada Wolf Pack,Air Force Falcons,neutral,85,63,22,148,0.986,0.014,80,45,,,backtest
2026-03-11,Morgan State Bears,Delaware State Hornets,neutral,75,69,6,144,0.7018,0.2982,70,75,,,backtest
2026-03-11,Liberty Flames,Missouri State Bears,neutral,79,73,6,152,0.6961,0.3039,69,77,,,backtest
2026-03-11,Indiana Hoosiers,Northwestern Wildcats,neutral,78,75,3,153,0.6202,0.3798,61,74,,,backtest
2026-03-11,Marquette Golden Eagles,Xavier Musketeers,neutral,77,77,0,154,0.5004,0.4996,87,89,,,backtest
2026-03-11,Texas Longhorns,Ole Miss Rebels,neutral,81,75,6,156,0.7022,0.2978,66,76,,,backtest
2026-03-11,Lehigh Mountain Hawks,Boston University Terriers,team1_home,76,76,0,152,0.49,0.51,74,60,,,backtest
2026-03-11,West Virginia Mountaineers,BYU Cougars,neutral,73,78,-5,151,0.3343,0.6657,48,68,,,backtest
2026-03-11,Memphis Tigers,Tulane Green Wave,neutral,76,75,1,151,0.5179,0.4821,69,81,,,backtest
2026-03-11,Florida State Seminoles,California Golden Bears,neutral,77,77,0,154,0.4872,0.5128,95,89,,,backtest
2026-03-12,Abilene Christian Wildcats,Tarleton State Texans,neutral,73,74,-1,147,0.4335,0.5665,84,78,,,backtest
2026-03-12,Florida A&M Rattlers,Jackson State Tigers,neutral,78,71,7,149,0.7116,0.2884,70,60,,,backtest
2026-03-12,Colorado State Rams,Fresno State Bulldogs,neutral,79,72,7,151,0.7109,0.2891,67,63,,,backtest
2026-03-12,Sam Houston Bearkats,New Mexico State Aggies,neutral,79,75,4,154,0.6436,0.3564,69,61,,,backtest
2026-03-12,UC San Diego Tritons,Cal Poly Mustangs,neutral,80,73,7,153,0.7156,0.2844,72,69,,,backtest
2026-03-12,Minnesota Golden Gophers,Rutgers Scarlet Knights,neutral,77,71,6,148,0.7012,0.2988,67,72,,,backtest
2026-03-12,DePaul Blue Demons,Georgetown Hoyas,neutral,73,75,-2,148,0.4538,0.5462,56,63,,,backtest
2026-03-12,Clemson Tigers,Wake Forest Demon Deacons,neutral,79,72,7,151,0.7207,0.2793,71,62,,,backtest
2026-03-12,Oklahoma Sooners,South Carolina Gamecocks,neutral,80,75,5,155,0.68,0.32,86,74,,,backtest
2026-03-12,Florida Atlantic Owls,Temple Owls,neutral,75,75,0,150,0.4983,0.5017,63,59,,,backtest
2026-03-12,TCU Horned Frogs,Oklahoma State Cowboys,neutral,80,75,5,155,0.6469,0.3531,95,88,,,backtest
2026-03-12,Boise State Broncos,San José State Spartans,neutral,81,71,10,152,0.8108,0.1892,74,84,,,backtest
2026-03-12,UC Davis Aggies,UC Santa Barbara Gauchos,neutral,75,78,-3,153,0.3743,0.6257,79,73,,,backtest
2026-03-12,Montana Grizzlies,Idaho Vandals,neutral,75,78,-3,153,0.3796,0.6204,66,77,,,backtest
