Team,season_off_eff,season_def_eff,season_possessions,last5_off_eff,last5_def_eff,last5_possessions,away_off_eff,home_off_eff,neutral_off_eff,away_def_eff,home_def_eff,neutral_def_eff,away_possessions,home_possessions,neutral_possessions,off_eff,def_eff,possessions,Elo,Power_Rating,Elo_Normalized,Overall_Rating,SOS_Rating,quality_win,bad_loss,Resume_Score,Recent_Form,Tournament_Score,Tournament_Rank,projected_seed,tournament_status,bubble_status
Duke Blue Devils,123.26106538000496,92.71277308593075,67.17338709677419,127.09719728093782,91.65537971092347,64.94500000000001,124.28641291270947,125.19152579880546,115.21391955165362,93.80958330524976,89.16080451938616,100.95569630306274,66.19090909090909,68.19,66.285,123.01302648098546,93.68486322474872,66.48303225806453,1717.3926950715784,29.328163256236735,8.695707802863135,23.138426620224653,3.845041529957828,10,0,18.0,4.893525275940135,14.785109301582787,1,1 Seed,Lock,Safe
Michigan Wolverines,121.92737733395695,96.6760679737652,72.49274193548388,116.62052805431645,107.3179926236558,65.845,118.07058848389975,125.86335403337303,118.60438270583454,103.05845900650878,93.81174100226589,91.22778861622723,69.56818181818181,73.80833333333334,74.97999999999999,120.10221581982847,98.51930723260715,71.20389516129032,1716.4121129154134,21.582908587221326,8.656484516616537,17.70498136603989,4.631857161152084,12,0,21.6,-15.9487739295311,13.32931044403639,2,1 Seed,Lock,Safe
Miami (OH) RedHawks,123.67158036427307,101.87759918534697,73.21129032258065,113.77817674810747,105.0651271185637,72.97,118.85047818012644,128.55055303092703,113.10344827586208,106.1179813171335,98.44542094407505,97.42710120068611,72.07321428571429,74.2515625,72.5,119.61300964697,102.00690647095202,73.04427419354839,1713.9456941276571,17.60610317601798,8.557827765106286,14.891620552744472,-5.324262140532293,4,0,7.2,-13.080931549382328,5.336139980131215,38,10 Seed,Likely In,Safe
Arizona Wildcats,120.63025340203255,94.64146587857202,71.71532258064516,120.56322622806124,100.78750305917664,67.3,118.4037022411222,123.48640205321605,114.05799953677854,105.45405175700039,88.87252235096138,92.12801117484634,70.785,72.4014705882353,71.125,119.62765852875161,95.80095696816433,70.5229435483871,1711.3183350833528,23.82670156058728,8.452733403334115,19.21451111341133,3.3142093852570476,9,0,16.2,-6.213064354575934,12.343941548807587,3,1 Seed,Lock,Safe
Gonzaga Bulldogs,120.85440413403384,93.36105230006282,70.46136363636363,114.69045608205292,96.8559773008282,63.36,118.7829012140407,121.79217769381975,121.68545735942665,99.56530005707558,83.29765407099882,104.4746142832919,69.4525,71.92666666666668,68.975,119.43807510484751,95.90181784773853,68.46306818181817,1696.1386703668834,23.536257257108986,7.845546814675336,18.82904412437889,1.0728686347520684,4,0,7.2,-9.658873052746301,9.012863672937604,8,2 Seed,Lock,Safe
Virginia Cavaliers,119.39902793973157,100.09111041854807,67.90483870967742,114.31332432795989,110.03852985796443,65.85499999999999,111.1417526740731,126.00919321363905,111.94901368977095,103.35410848567199,96.73700585213717,106.18855965798461,70.38250000000001,66.05735294117646,69.5625,117.01009989929454,103.49258266431764,67.64102822580645,1682.0475745369529,13.517517234976907,7.281902981478115,11.646832958927268,1.3724800233349912,3,0,5.4,-15.033123051188042,5.800543169289774,31,8–9 Seed,Lock,Safe
High Point Panthers,124.31415987620997,97.53152012413413,72.34485294117647,115.06493155985314,102.54996331143487,72.045,117.24085954663072,129.4317630274027,120.24885219688774,108.20779825917741,89.7388517825203,103.84316682894264,73.06666666666666,72.15694444444445,71.9,121.39205664522243,99.73287792668059,72.20316176470588,1676.711663146268,21.65917871854184,7.0684665258507176,17.2819650607345,-5.551714809215739,0,0,0.0,-14.267671503657567,4.234097129964734,57,Bubble / First Four,Bubble,Bubble
Florida Gators,121.11919213350733,98.22001390113469,72.44032258064516,130.99671794048473,101.25365003184702,73.41,122.21122511271392,124.87568053894437,109.90791615457046,101.7128915639963,93.15542055772951,105.06003448821157,70.595,72.76833333333335,74.69583333333334,121.90688218841113,100.00442602187431,73.02106854838709,1669.4782662471043,21.902456166536822,6.7791306498841735,17.36545851154103,3.9434628671714997,9,0,16.2,6.8438896762650785,12.241917043256874,4,1 Seed,Lock,Safe
UConn Huskies,116.62134600786803,97.35279297620505,66.9782258064516,110.6999774837652,99.78312364740263,65.655,114.66471423117038,118.51679014087756,113.05481243537201,100.95317285614605,93.7137846690015,104.77244715724161,65.94318181818181,67.14411764705882,69.83333333333333,114.60602384096791,99.07332377115992,67.07568548387096,1669.053347735629,15.532700069807987,6.762133909425156,12.901530221693138,2.7704724394942177,4,0,7.2,-8.351699195300412,7.394433582615558,20,5–6 Seed,Lock,Safe
Saint Mary's Gaels,118.6901446561905,96.41406656463242,66.009375,119.4687338672607,102.11108578508119,64.285,112.50584642800091,126.00764336626229,106.17924549832563,99.14318101747952,91.39165572408604,108.03203451679596,64.6775,66.425,67.26,117.00815708527833,99.58101656256913,65.76587500000001,1668.2910621992798,17.427140522709195,6.731642487971194,14.218491112287793,1.2764694310059175,4,0,7.2,-4.918430009378568,7.495231144446268,18,5–6 Seed,Lock,Safe
McNeese Cowboys,117.69709486103574,97.96012227381537,67.97272727272727,108.34036019054695,95.51608815206738,69.78,109.51963619757056,127.27427398076911,113.77787758348472,104.14936219307697,91.62994766223422,98.35473941231015,66.12857142857142,68.90535714285714,70.525,114.77002860178088,97.40830631415258,68.80738636363637,1666.2453959132793,17.361722287628297,6.64981583653117,14.148150352299158,-2.5861826572701734,4,0,7.2,-6.912700548740801,6.133916308256814,28,7 Seed,Lock,Safe
St. John's Red Storm,114.31843301738601,99.01912904034486,71.45725806451614,103.67877219659545,93.61052312415718,67.375,113.00932151141413,115.07656823373557,114.36913711283019,104.36215567330638,91.14913335913107,119.10904410309965,68.3625,73.78529411764706,69.3,111.666123426505,100.68046482071117,70.11310483870969,1662.6115621389797,10.98565860579383,6.504462485559189,9.641299769723437,2.546556494342746,1,0,1.8,-5.231054904602885,4.792719927888753,48,11–12 Seed,Likely In,Bubble
Houston Cougars,118.80826169142294,96.60805330482718,65.36129032258064,114.62969401902076,104.59644381387405,66.56,115.21081634081601,122.09868107625257,115.42997802445433,107.22782687409287,86.93496684396598,106.47329017989186,63.4388888888889,65.7140625,67.30416666666667,117.25687722327709,100.0849364633486,65.95239919354839,1658.8456080828132,17.17194075992849,6.353824323312528,13.9265058289437,2.4617782967816804,4,0,7.2,-12.166958181449047,7.557359725310009,17,5–6 Seed,Lock,Safe
Saint Louis Billikens,122.30849009737685,96.3094914994089,71.89274193548388,113.37643406549589,113.92256750554911,66.85499999999999,111.07678203609444,130.07544205003447,104.68098685354144,102.11103569841687,92.63845870419739,102.17658205887848,71.7125,72.1171052631579,70.6625,117.43135060283129,101.59282408486439,70.44877016129033,1656.0197743561082,15.838526517966898,6.240790974244328,12.959205854850127,-1.6833914401293513,4,0,7.2,-26.545132038021165,5.396636410741115,37,10 Seed,Likely In,Safe
Akron Zips,124.18544392099035,102.45290305983943,72.05887096774192,124.51604092576903,94.77152088366694,70.675,114.18406100193944,130.55236003236212,130.31365726049893,102.20715529678745,98.47926064988977,118.0913053863066,69.88958333333333,73.15333333333334,74.4625,125.18732517311129,102.87831786476639,72.07344758064515,1655.7592168403753,22.309007308344903,6.230368673615012,17.485415717925935,-3.0663542100129306,1,0,1.8,8.011979180951172,6.260527265762474,27,7 Seed,Lock,Safe
Stephen F. Austin Lumberjacks,114.36691648034746,99.17514229279845,66.7,109.10345690584668,106.29204106604757,63.39000000000001,114.12578163331442,117.1450746562531,93.95016242584991,101.4342025000132,95.91133037007644,108.3426861204639,65.25,68.4734375,63.3875,109.98853847854764,102.32949856026055,65.37562500000001,1650.378090377802,7.6590399182870925,6.0151236151120795,7.165865027334588,-2.5676267731192652,3,0,5.4,-12.38035834774989,2.9000815433094145,87,Outside Field,Locked Out,Out
Michigan State Spartans,116.83486426426678,100.52568192236834,67.3741935483871,120.34066364057026,113.27539142980102,64.85,114.01769726294333,117.94163718760447,119.17399684339021,108.96249327945839,97.39907322048636,92.72174051264162,65.5075,68.28676470588235,68.1625,118.06218399521117,102.54251808776749,66.86139112903226,1649.434680188285,15.519665907443681,5.977387207531401,12.656982297469995,4.202750991299958,7,0,12.6,-9.243910131129212,9.147532402734146,7,2 Seed,Lock,Safe
Nebraska Cornhuskers,115.05706828088384,96.46628793343761,67.67500000000001,112.61732961687986,100.22273600398451,66.92,112.17724044928225,115.30277218007548,123.18227099107268,103.78906983000554,89.8779925660019,111.58678714949203,64.885,67.96666666666667,75.22500000000001,115.66591402141115,99.67347483348249,68.61875,1646.4294856077688,15.992439187928667,5.857179424310752,12.95186125884329,2.9652286278104616,6,0,10.8,-6.196186734550878,8.471670824683288,11,3 Seed,Lock,Safe
Iowa State Cyclones,119.3418430495763,95.73893423720365,68.5359375,110.4709153620202,95.53248289003807,68.975,105.88148405567861,125.52364976682532,125.24441819872509,101.71191697571851,93.16850397734322,92.53243164369937,67.8275,68.33088235294117,70.65,118.00949740005959,95.2063460113866,68.9628125,1645.484308641535,22.803151388672987,5.819372345661404,17.70801767576951,1.524239069687185,4,0,7.2,-8.664476340390522,8.759192424362412,10,3 Seed,Lock,Safe
VCU Rams,118.20544157405581,103.77340137877172,69.91532258064517,115.26303257606256,104.83456337424268,66.885,114.91753716355088,123.05189653991283,105.82776899542584,108.01827198162005,101.18301072719895,104.17038514083518,67.3625,70.30441176470588,74.64375,115.613188437763,104.09823944194898,69.8670060483871,1644.8585484495927,11.514948995814024,5.794341937983709,9.798766878464928,2.1893128282300376,3,0,5.4,-4.0035709934642085,5.701294482039508,34,8–9 Seed,Lock,Safe
Santa Clara Broncos,117.71984944105822,105.24604964948317,70.35588235294118,118.43787517303993,121.49262755920935,64.155,120.08960250010756,119.40207522417326,111.30726564152467,110.18938096111218,96.94234725534471,114.0184110850029,71.52954545454546,71.10666666666665,67.334375,116.93746830412361,110.62354834224267,68.3524356617647,1641.9993643481205,6.313919961880941,5.679974573924819,6.1237363454941045,2.2772307450390286,4,1,5.0,-15.528552177744473,3.909479664878525,67,Bubble / First Four,Bubble,Bubble
North Carolina Tar Heels,116.02286085834577,103.44375193431786,68.63548387096773,111.27281908082924,106.75763753989227,66.52000000000001,110.18511392746682,120.3348981250067,109.60979369464333,115.96159935654319,95.73158870444664,107.9905732394608,68.3725,69.4388888888889,64.69166666666666,113.87339033941127,104.95424653148291,67.51504032258063,1639.6907257968214,8.919143807928364,5.587629031872857,7.9196893751117114,4.021365889599417,7,0,12.6,-8.063927383090942,7.353957310737252,21,5–6 Seed,Lock,Safe
North Dakota State Bison,115.88996686165922,100.6104830581294,69.64411764705882,110.87289731251515,96.92879588066987,67.92,116.23329666720089,118.79590146682223,106.72336055057784,110.40725111280345,94.06496160931603,89.54763895078472,68.42833333333333,72.52142857142857,65.235,113.26070852771099,98.03063464766282,68.5517205882353,1637.1343932388163,15.230073880048167,5.485375729552652,12.306664434899512,-5.077914026093448,1,1,-0.40000000000000013,-1.3353823716845312,2.808035894747963,89,Outside Field,Locked Out,Out
Utah State Aggies,121.67956607830772,103.2600442450217,68.46693548387097,112.26586718824574,123.25130513070353,68.01,114.63912488066366,125.98974769096624,126.63770862377041,106.27442140847701,101.23221888420917,101.82125785770275,67.75833333333334,68.64666666666668,69.91875,120.06986273761163,108.04204150834431,68.57047379032258,1636.871412874502,12.027821229267317,5.474856514980083,10.061931814981145,0.8788716769124245,8,0,14.4,-29.404959775743805,6.942648126230186,24,5–6 Seed,Lock,Safe
Illinois Fighting Illini,125.44103985316048,103.43951971711394,67.16290322580646,123.54593905433043,109.37878962555392,68.35499999999999,125.67794758929566,127.22910583599611,117.24949008577114,112.72301504909096,98.58735522418047,100.85248048213869,66.515,67.51470588235294,67.2875,123.73853218834456,104.53628130897764,67.47961693548388,1634.4550278689078,19.20225087936693,5.378201114756312,15.055035949983743,3.994540018434753,8,0,14.4,-7.8343707072700255,10.478960497036136,5,2 Seed,Lock,Safe
Alabama Crimson Tide,122.59189771973388,111.04827021612694,75.1459677419355,125.53464203694416,114.19672725680918,70.735,117.65439203739304,126.65194946205598,120.6709445011633,115.83668895675684,108.65146692450593,109.05958054412963,75.5125,73.92666666666668,77.58333333333333,123.03944081625085,111.5370810254979,74.4088306451613,1632.5901953703055,11.502359790752948,5.303607814812222,9.64273419797073,4.8077589294766945,9,0,16.2,-0.20571272347196157,9.425634300372325,6,2 Seed,Lock,Safe
Villanova Wildcats,115.58492454945859,104.64928878594897,67.33548387096775,105.7344064695194,107.51282565216279,69.82000000000001,109.07338824844355,121.50868453464302,104.30218248148111,104.7296161059579,105.19404339276011,99.53691070800065,68.76041666666667,66.24264705882354,68.075,111.42988371927717,104.59831629081017,68.06754032258064,1632.4182174552045,6.831567428466997,5.296728698208181,6.371115809389352,2.246801953823149,1,0,1.8,-12.714054946153013,3.2413728102937083,76,Outside Field,Work To Do,Needs Work
Tulsa Golden Hurricane,124.39055278279743,104.6736333680037,69.06854838709677,130.73778629961691,102.35125391224453,67.25,121.12128994488442,128.37519763777067,119.25592309038683,110.71416075247491,102.57424531236441,94.42475642323743,69.13958333333333,70.17,64.725,125.2071667081407,102.55570696234898,67.96237903225806,1632.3408888401832,22.651459745791726,5.293635553607328,17.444112488136405,-1.7847706691267518,3,0,5.4,8.669612972578662,7.617087692896446,15,4 Seed,Lock,Safe
Miami Hurricanes,118.50241332683625,102.2210841055962,69.69677419354838,121.93501632304033,112.8450203880906,67.025,114.24167900659992,124.11029001110425,99.05760095534936,108.21958338833929,98.54505591882537,104.28225561707761,67.815,70.60833333333333,70.5,116.44384222016421,105.18624390294202,69.14931451612902,1631.718956923946,11.25759831722219,5.2687582769578425,9.460946305142885,0.5225431283259439,1,0,1.8,-7.191333286290316,3.9899146295118273,64,Bubble / First Four,Bubble,Bubble
UNC Wilmington Seahawks,114.90338881122815,100.94569211757772,67.0140625,114.61408289094632,105.18960311050765,67.13000000000001,113.54759424113023,116.89840885203807,96.61835748792271,105.10942705292176,96.86976586337481,120.18381053375752,68.10961538461538,65.92083333333333,72.45,112.08830763266187,104.89238762823717,67.85843750000001,1631.6567197465329,7.195920004424693,5.266268789861315,6.617024640055679,-1.8331816117165936,2,0,3.6,-4.53321691321176,2.699874667885512,92,Outside Field,Locked Out,Out
South Florida Bulls,118.03881014374926,101.9072962925685,74.88870967741936,120.26608193979158,93.78356531533628,71.66499999999999,115.87661853360447,124.28009070363986,101.12058287459392,105.82877583214861,95.98960025526704,112.33421781370875,74.56458333333333,73.78,80.01875,116.05789400238655,101.44040177643149,74.85228830645161,1630.4075196051836,14.617492225955061,5.216300784207342,11.797134793430745,1.0598781096247691,6,0,10.8,10.351002773274544,7.904195123669356,12,3 Seed,Lock,Safe
Belmont Bruins,118.75543755910367,104.2476001999108,70.89296875,121.8535508399076,111.8662726057541,70.02000000000001,115.10582041535395,121.89041123216585,120.11211586462491,102.81229225252494,104.99798793271607,107.1937652903518,70.34464285714286,71.13833333333334,72.22500000000001,119.73346762513283,106.59419306493778,70.87453124999999,1630.122440824484,13.139274560195048,5.204897632979364,10.758961482030342,-0.5922697362589491,4,0,7.2,-4.5205591250393695,5.589667691818818,35,8–9 Seed,Lock,Safe
Arkansas Razorbacks,123.09268910343528,108.67147786656247,73.38225806451612,122.67947767091339,117.10996104533164,75.92999999999999,113.38637714780809,129.26165491352089,118.4332674283455,113.39070602999384,103.39431982893761,124.6036655475405,75.09,72.93055555555556,70.39999999999999,122.29047299404132,113.17092681340148,73.57185483870967,1629.876203706775,9.119546180639844,5.195048148270998,7.94219677092919,4.494345264592401,7,0,12.6,-8.851694611291066,7.4919953817680085,19,5–6 Seed,Lock,Safe
Utah Valley Wolverines,113.95101239004488,96.88732694953634,71.20241935483871,115.13651403431545,103.85782650771182,71.74,108.0685915262013,119.8943031023087,109.72504923871459,109.72919314087274,90.8608144318568,71.37180270880985,72.54423076923077,70.22,70.3,113.61349332841297,94.80262320297123,71.20145161290323,1629.533732800753,18.81087012544174,5.1813493120301155,14.72201388141825,-3.86081399660148,4,0,7.2,-5.784997913904903,5.950599114576241,29,8–9 Seed,Lock,Safe
Yale Bulldogs,121.58743719477756,105.2084724565354,66.84642857142858,109.91273299949312,100.27206379013174,64.85499999999999,114.56327107270185,126.38902667408047,128.25516712309602,104.72515813540178,102.95537028984414,113.4177219200101,67.54375,66.53958333333334,65.67500000000001,119.66892063520422,105.2057577094557,66.17285714285714,1627.049830429704,14.46316292574852,5.081993217188155,11.648812013180411,0.4972386402646863,3,0,5.4,-6.7382955288807835,5.745582601886678,33,8–9 Seed,Lock,Safe
Navy Midshipmen,113.5862292424642,96.33675103437373,65.84545454545454,123.38961169547508,103.18167683767953,63.17999999999999,105.03915520502395,120.7963111701908,112.13005111886979,98.12416844241525,95.2709250665887,92.8843499042558,66.07857142857144,65.58529411764707,66.425,115.81864813717775,97.53012231568249,65.26602272727273,1624.4574162971287,18.288525821495256,4.978296651885148,14.295457070612223,-6.00852325794916,0,2,-4.4,2.9584566497050844,2.327663565352524,103,Outside Field,Locked Out,Out
Vanderbilt Commodores,121.30899459411422,104.75760876598537,71.73225806451612,116.3762585784309,117.66980225674236,69.525,116.93050509304368,125.18132383098089,118.17053000177422,111.2096280987772,101.27569895631879,97.51971708637302,71.42291666666667,71.1828125,75.89999999999999,119.60504090134239,106.89997338673277,71.80560483870967,1622.4215980453948,12.705067514609624,4.896863921815793,10.362606436771474,3.124509914915916,7,0,12.6,-17.84492950644031,7.670489814738234,14,4 Seed,Lock,Safe
Kansas Jayhawks,110.96950092555728,100.40253208874356,68.85483870967742,102.10051741542006,107.75210149653326,70.525,103.65381866285394,116.50854220637721,110.44687806104476,107.89058491138739,94.55251629943616,101.47886324684927,68.80681818181819,69.58,66.785,108.67386161834608,102.40137411440683,68.96190322580645,1618.2482270090766,6.272487503939246,4.729929080363063,5.809719976866391,5.119400229356813,7,0,12.6,-16.218552917926928,6.6788262872412885,25,7 Seed,Lock,Safe
Louisville Cardinals,119.30853823353537,101.87439706833639,71.2046875,114.73806891433358,111.21497702380819,66.325,115.4327789090371,123.82082611435101,110.78965288243916,116.91698402689212,92.97217633349638,98.34172105537812,68.97954545454546,73.24558823529412,68.65,116.8880881010705,103.67964065526058,69.6015625,1617.5044285452425,13.20844744580991,4.7001771418097,10.655966354609847,2.573392771940273,1,0,1.8,-13.911049274673587,4.9066139997318245,45,11–12 Seed,Likely In,Safe
Texas Tech Red Raiders,118.98590369562386,106.50845804105747,68.30725806451613,126.04832398881179,115.53949254372314,63.85,113.77949736851417,124.52669544719923,111.668182744802,111.70133639719211,100.50420831558137,115.33630045031173,66.92,68.7078125,69.8,119.65385062629755,110.09039302811202,67.41685483870967,1617.2298741207258,9.563457598185536,4.6891949648290305,8.101178808178584,5.412625613217488,6,0,10.8,-1.9686142094777495,7.589184660018519,16,4 Seed,Lock,Safe
Liberty Flames,119.62428465902235,107.48839235108734,65.37890625,116.6866592459422,120.79753231734875,62.629999999999995,114.18642286763084,126.66898033715661,107.75908732065987,110.2246729046367,103.47748571631931,115.32317722951134,64.84166666666667,65.8421875,65.1375,117.11009870499794,111.9908950744163,64.65546875,1615.184120331253,5.119203630581637,4.607364813250124,4.965651985382183,-2.2607045242099866,2,0,3.6,-16.246765379341568,1.5869531059890296,123,Outside Field,Locked Out,Out
Wisconsin Badgers,119.41146461042482,108.07233735893784,69.86370967741935,128.96594119270793,110.90916641738252,65.41,116.90544661658261,124.20998573802274,101.408577531458,120.34529858315237,100.61652470381068,105.32108458253849,69.5909090909091,68.97500000000001,75.89999999999999,119.09965069415057,108.3688567070891,69.65572580645161,1614.7438845306908,10.730793987061475,4.589755381227633,8.888482405311322,3.17752543488644,7,1,10.399999999999999,6.717647523838437,7.301030940216811,22,5–6 Seed,Lock,Safe
Hofstra Pride,114.66884894624376,100.10142364375241,66.10367647058824,112.74939853337455,95.99291659484126,64.55499999999999,114.14337768410645,115.92746890685913,113.43476333203367,109.54264787566497,88.33476982952136,96.24123040940427,65.84264705882353,66.39166666666667,66.3,114.00387350089495,98.49526789637241,65.74595588235293,1614.0692323637736,15.508605604522543,4.562769294550944,12.224854711531062,-2.774284519247394,0,0,0.0,2.18905663604194,3.740873416561565,69,Outside Field,Bubble,Needs Work
TCU Horned Frogs,111.48399086044246,101.95230312595096,69.34609375,118.95625294585732,106.30714267525691,62.765,108.95562380164333,112.20129124675486,115.36897860979428,111.00087146137298,96.21862529541667,108.10370160126142,72.005,68.83947368421053,63.69166666666666,113.93480454419895,103.963722784574,66.85265625,1613.2973295008153,9.971081759624951,4.531893180032612,8.33932518574725,1.8254190160714767,4,1,5.0,3.1174225361089043,5.1376585790728475,40,10 Seed,Likely In,Safe
Purdue Boilermakers,124.33738191648278,107.33197098793032,66.13951612903226,127.49012139595479,126.08368838878104,63.23,120.01112180141602,126.55506692168825,127.63345397556343,109.0235164070797,108.61930037443112,93.83477126087821,64.92727272727274,66.88382352941177,66.36666666666666,125.61997759521289,109.9953203790852,65.44620967741935,1611.6351573985678,15.624657216127687,4.465406295942712,12.276881940072194,4.2121666838962355,7,0,12.6,-15.598977921378719,8.807464550670904,9,3 Seed,Lock,Safe
California Baptist Lancers,107.33299010237819,98.91441235475912,67.93548387096774,106.95463340959051,93.1758278307504,68.1,103.75909393429274,110.85521173674832,108.10810810810811,106.34613126054745,92.36337093343396,85.70425008781174,69.08166666666666,66.63166666666667,70.3,107.35466863004078,95.49824188371483,68.33129032258064,1609.433534453958,11.856426746325951,4.377341378158317,9.61270113587566,-0.4097683546511431,2,1,1.4,5.360227831221039,4.005014282693667,62,Bubble / First Four,Bubble,Bubble
Clemson Tigers,112.75605103621471,99.95874964456604,65.44609375,112.75033326366272,106.69956610238918,60.685,107.37070114060585,116.69600487701851,111.99596851598206,104.80991632055238,96.07493440464677,101.7143917251378,66.36818181818181,65.54375,63.105000000000004,112.64060921504182,101.9073000711076,63.90465625,1608.0681720285422,10.733309143934221,4.322726881141689,8.81013446509646,0.9986422798921147,3,0,5.4,-6.746534230375133,4.846954110875837,46,11–12 Seed,Likely In,Bubble
Tennessee State Tigers,111.3383388830919,101.62878888944111,72.23359375,116.61782243934067,85.19867738900437,66.37,105.37882850782442,117.67517966850856,119.76153453460755,105.71203878542897,98.373665570531,91.51086608781695,71.49264705882354,73.28333333333333,72.23333333333333,113.92168911988142,96.0035725940883,70.76765625,1607.5201086304646,17.918116525793124,4.300804345218585,13.832922871620763,-3.5998036005638885,0,0,0.0,21.709595056685515,4.6517767938275,51,Bubble / First Four,Likely In,Bubble
Kent State Golden Flashes,114.53957018189926,107.83455997411004,74.56612903225808,118.04975589726966,111.8719826685513,70.92,103.3391303652649,122.28078092012132,115.94191780681803,104.81354903626963,109.24690311683104,113.95570888802405,72.75,75.60882352941177,76.6,115.62746875447968,109.76208798480745,73.95967741935483,1605.6927289306864,5.865380769672228,4.227709157227455,5.374079285938796,-1.1312300934924435,4,0,7.2,-0.5272369790708638,3.5168387303698863,72,Outside Field,Work To Do,Needs Work
BYU Cougars,119.11415166494216,106.94969228232723,70.89090909090909,115.90999088970746,114.90250475550025,67.875,112.16078719567666,125.65173755227906,112.17719739903676,119.47413665594058,102.66285959088967,101.25771462402993,71.54722222222223,71.03382352941176,69.7,117.27256833124767,108.08409875187587,69.95829545454545,1601.0891319773964,9.188469579371798,4.043565279095856,7.644998289289015,3.7234069740408393,7,0,12.6,-11.15697324840771,7.049389932409691,23,5–6 Seed,Lock,Safe
Georgia Bulldogs,121.07022402184359,107.20314046223035,74.71774193548387,133.1751883886921,121.30819659588019,69.005,118.61259235892074,124.6474857895573,107.79875895863752,117.74530568654014,101.78637488626799,104.5631831703052,69.84,76.69999999999999,79.08333333333333,122.1057453540748,110.33341090185404,73.94439516129032,1599.5747225982586,11.772334452220761,3.9829889039303454,9.435530787733637,2.659196716494383,3,0,5.4,-2.0000917668013187,5.768087135036437,32,8–9 Seed,Lock,Safe
UMBC Retrievers,113.08512300051629,99.6708115400897,67.48790322580645,127.59983958227869,92.13221981660043,65.74,111.46693681564356,114.60217254883447,113.08512300051629,104.03245369504936,95.581772019815,99.6708115400897,67.80666666666667,67.1890625,67.48790322580645,116.71380214595689,97.78616360921738,67.05092741935484,1598.7076771501452,18.927638536739508,3.9483070860058067,14.433839101519396,-5.396640879612753,0,2,-4.4,22.053308305251676,3.146669960209044,78,Outside Field,Work To Do,Needs Work
UCLA Bruins,117.2110964248499,106.74242820549689,66.62661290322582,128.24308592136148,112.45793333999015,63.964999999999996,113.65390505619976,121.66488040492284,102.34569710657945,118.85842645925709,98.82603274610256,113.85414011599569,62.775,68.49583333333334,68.25,117.73928390123723,109.23806127569503,66.2047177419355,1598.334140950287,8.501222625542198,3.9333656380114825,7.130865529282983,2.6310439313812566,3,0,5.4,5.316484362018329,5.118628644406245,42,11–12 Seed,Likely In,Safe
Wichita State Shockers,114.28618069051085,102.50074874423154,68.56612903225808,115.77905538343097,101.9077588919225,73.03,110.57998041392737,117.7447268282691,108.27715359068695,109.04160403557512,95.85914661126586,116.15335809611055,72.53636363636363,66.89117647058823,63.5,113.75804529876729,104.40039268393613,68.92217741935485,1596.8431093303411,9.357652614831153,3.873724373213645,7.712474142345901,0.8860064196066886,4,0,7.2,2.085864545229171,5.130278587710438,41,11–12 Seed,Likely In,Safe
UC Irvine Anteaters,106.25596094925632,94.84439295647135,72.490625,107.62767221714323,99.67202583997559,71.5,102.55158248911876,110.94974850556731,98.5939461044251,98.84470587214405,92.69974642827876,91.42204032222367,71.59375,73.9,69.54375,105.44958653950336,95.53794828221027,71.8009375,1596.566642587563,9.911638257293092,3.8626657035025165,8.096946491155919,-1.0735478480491703,3,0,5.4,-3.455921615617328,3.99264636554555,63,Bubble / First Four,Bubble,Bubble
Wright State Raiders,116.73890499382132,105.9309350147786,69.22573529411765,119.28225030121209,104.23447261903782,71.0,114.62115619979792,119.32607305304306,113.80235353601624,111.48735381016306,103.23162724555807,97.28070030781515,69.27321428571429,68.3109375,72.71875,116.93425860199824,104.20928420979888,70.19325367647059,1595.803696360247,12.724974392199357,3.832147854409877,10.057126430862512,-2.3748521445880586,0,1,-2.2,4.239807703131547,2.5487369344186943,94,Outside Field,Locked Out,Out
Merrimack Warriors,106.38161936601671,103.26817149284558,64.53455882352942,103.40399967857029,96.70640900376024,61.42999999999999,104.26374278417437,115.04631456555181,96.49699514875557,107.15691605664465,100.66747780609593,97.01800032112256,63.669117647058826,65.95681818181818,64.37916666666668,104.15452081156593,100.6902051948158,63.735110294117646,1595.4586427264128,3.4643156167501274,3.8183457090565116,3.5705246444420426,-0.032327368171126025,2,1,1.4,3.5841428016389187,1.819425767902204,116,Outside Field,Locked Out,Out
George Mason Patriots,113.19844523277747,104.00980444014672,65.13548387096775,114.16103080941886,111.46684451967988,61.725,107.77480887706903,114.18189049666006,130.97389700443495,114.3649309399561,98.4111163147047,105.42170913279904,63.504999999999995,66.19342105263158,63.2375,116.10540939268644,106.08585016392786,63.99816532258065,1595.436010272697,10.019559228758581,3.817440410907884,8.158923583403372,1.1379219243503578,3,0,5.4,-6.49445450289177,4.654060967552893,50,Bubble / First Four,Likely In,Bubble
Dayton Flyers,109.34543028155612,101.16698327621263,69.01290322580645,108.21595488885832,100.08776827349394,64.63,101.2066134060436,115.34434622833858,105.19390179333476,104.65935022373486,97.148003923823,111.13585413217244,70.57954545454545,66.98382352941177,74.76666666666667,108.44033216014847,102.39251015392693,68.78024193548387,1595.1508132794172,6.047822006221537,3.8060325311766885,5.3752851637080825,2.3379481230765453,3,1,3.2,-0.050260389979101205,3.633414483749734,70,Outside Field,Work To Do,Needs Work
Saint Joseph's Hawks,106.802617761559,101.50830998205576,68.97016129032258,111.78275625567053,96.60822562043003,67.225,100.34924674267435,112.30564774246555,104.725289537057,106.32439357744323,97.77106663745272,100.10171336886137,69.50576923076923,69.396875,62.075,107.73605315141158,100.07229939967016,67.49959677419355,1594.0106828210835,7.6637537517414245,3.7604273128433396,6.492755820071999,-2.0242038508016305,1,0,1.8,9.880222855737259,2.5441499943404495,95,Outside Field,Locked Out,Out
St. Thomas-Minnesota Tommies,118.01548616735458,102.40318994393554,69.9340909090909,116.25436614896319,100.2069565902458,65.075,115.93462761314228,122.40758552656675,108.82811851005204,107.74838421351205,96.75620105356187,104.87121833931901,69.21428571428571,70.85166666666667,69.0125,116.19710101416135,102.22433586482063,68.58107954545454,1593.6885410741838,13.972765149340717,3.747541642967353,10.905198097428705,-3.5451232102760284,1,0,1.8,0.43511333529835383,3.404011900158903,74,Outside Field,Work To Do,Needs Work
New Mexico Lobos,114.64891730528022,100.37020659322559,70.74032258064516,110.97544065409322,112.77690950622335,69.61999999999999,112.4586112397821,117.85653934369385,100.52596637175336,103.73466516264553,97.4983070918551,104.59460093835494,69.30624999999999,71.12794117647059,76.05,111.61210550245444,104.10554147324443,71.25669354838709,1593.3349007990078,7.506564029210011,3.7333960319603103,6.3746136300351,0.13644274355664146,5,0,9.0,-16.08017956418476,4.306108057875238,54,Bubble / First Four,Bubble,Bubble
Hawai'i Rainbow Warriors,110.21509655379565,96.57616688363463,72.74916666666667,112.83288246520041,108.05795249040273,72.885,108.17813650262914,111.39438921499732,110.21509655379565,103.40205416961003,92.62433740228043,96.57616688363463,71.51818181818182,73.46184210526316,72.74916666666667,110.86954303164686,99.44661328532665,72.783125,1591.364547473003,11.422929746320207,3.6545818989201235,9.092425392100182,-3.245883087343949,2,1,1.4,-8.863999695363333,2.4432185000766657,101,Outside Field,Locked Out,Out
Sam Houston Bearkats,116.35295818536954,104.32735515682747,70.82578125,118.64069686561633,108.35210297628994,67.35499999999999,110.29297906800278,121.59508748454786,122.18958370937129,111.84656487872935,96.96685045284758,101.08032849922414,72.02166666666668,70.61785714285715,65.81666666666666,117.8003866840315,104.84648811305257,69.20671875,1590.9967437528849,12.953898570978922,3.6398697501153947,10.159689924719862,-2.9007158417738914,1,2,-2.6000000000000005,-1.7370091392156866,2.1287655253273754,107,Outside Field,Locked Out,Out
Winthrop Eagles,115.70822178763412,104.37544925649506,72.25220588235294,104.52589824452646,106.84311269886288,75.30499999999999,111.74143662657502,123.06717720719634,105.81901846340263,110.30901012798228,96.62334228000972,107.77358018824489,71.3515625,72.5375,74.85624999999999,111.42926040322247,105.50208475684948,73.40601102941176,1590.906556524739,5.927175646372987,3.6362622609895605,5.239901630757959,-2.6376507108672023,2,0,3.6,-13.64998698547548,1.6357837086106661,122,Outside Field,Locked Out,Out
Long Island University Sharks,108.90072444168752,103.23903889957256,68.1514705882353,116.61868904769888,98.34500306092079,63.39000000000001,105.47438375857676,113.24075597362781,108.90072444168752,106.61949286366014,98.95713054506162,103.23903889957256,69.91973684210525,65.91166666666666,68.1514705882353,110.83021559319036,102.01552993990961,66.96110294117648,1589.3933122678216,8.814685653280748,3.5757324907128623,7.242999704510382,-2.22691464179781,0,1,-2.2,12.612000444663138,1.7976233034477227,118,Outside Field,Locked Out,Out
Tennessee Volunteers,117.33164279109326,101.93400635262961,68.36854838709678,112.35023658998064,108.27105852105815,65.42,107.11080988984557,123.87098043268489,115.09154006744801,106.92745867262951,96.35706511825708,113.15237579871305,68.13250000000001,69.30882352941177,64.9625,115.7502758322683,105.20102481164926,67.12050403225807,1589.313507996319,10.549251020619039,3.5725403198527603,8.456237810389155,3.4990649830896206,8,0,14.4,-11.318458369541162,7.7376245077773875,13,4 Seed,Lock,Safe
Texas A&M Aggies,118.20356968161526,107.57230097552137,74.88951612903226,112.24832660140393,112.53502283220966,75.015,111.23042967493808,123.35469881014326,110.1956775615879,114.49963600379446,104.76085016913161,94.77501557752721,74.03863636363636,74.78472222222223,80.5125,115.51357509355832,106.89338862999432,75.76433467741936,1588.2449635906478,8.620186463563996,3.5297985436259114,7.0930700875825705,1.602351018981995,3,0,5.4,-10.917964936899622,4.275151581838756,56,Bubble / First Four,Bubble,Bubble
Charleston Cougars,108.81513044108803,106.68452359736149,69.1890625,112.49090433696215,109.9003548751147,65.25,112.27472340139174,107.94078303758286,103.13514954687457,110.46136936293838,101.31283375260863,113.7351632942356,69.01666666666667,70.28166666666667,66.325,108.88207678092454,108.54607737133091,67.7746875,1585.8946938548345,0.33599940959362584,3.4357877541933792,1.265935912973552,0.6776350307882023,2,0,3.6,0.4599426181209054,1.6699724273566825,121,Outside Field,Locked Out,Out
San Diego State Aztecs,111.46290418962279,100.17301304349579,71.16000000000001,114.60292546483731,118.23614388215178,70.61,110.63971202560174,115.05207039426733,99.16421978109726,102.06410098183805,94.38134721039361,118.61195653004884,68.795,72.9921875,69.74375,110.40310684714758,107.45463727614273,70.8100625,1585.603419358321,2.94846957100485,3.4241367743328373,3.0911697320032463,1.8886021518192113,6,0,10.8,-14.923109563441471,4.160568257374969,61,Bubble / First Four,Bubble,Bubble
Ohio State Buckeyes,118.95185770965816,107.80866392072542,67.46612903225805,122.3624598736724,112.58802428149338,62.45,114.78365388329799,124.05583179220417,105.31275193855136,112.33133569949928,104.85847711512324,107.94325929696704,64.44090909090909,68.78970588235293,71.05833333333334,117.75864238499568,109.02369331735365,66.75092741935482,1585.5418103600111,8.734949067642034,3.4216724144004456,7.140966071669557,2.9688146835807427,3,0,5.4,-1.3687581967537028,5.0296468236472585,43,11–12 Seed,Likely In,Safe
UC San Diego Tritons,108.70398029027098,100.57843119346482,69.70606060606062,106.56877313377466,98.30950889366285,68.63499999999999,103.89692192544278,108.33859336309702,122.2984928203462,101.82101989963544,98.99179692740695,102.10760335559485,68.99807692307692,70.29333333333334,69.785,110.20935538065818,100.24057644283383,69.45013636363636,1585.4847704440874,9.968778937824354,3.419390817763497,8.003962501806097,-1.3791690712942781,3,0,5.4,0.13371514330565049,3.961644470858071,66,Bubble / First Four,Bubble,Bubble
Siena Saints,109.72949413625031,101.83451748806391,64.49705882352941,104.08378076159241,94.4390688383401,64.995,105.56150918506296,116.34322024421341,105.8713580993458,103.27088629043678,102.78303498178964,94.7719918367838,65.459375,63.638461538461534,63.65,107.73934538705015,98.92627647794095,64.49448529411765,1584.526259850478,8.813068909109205,3.381050394019121,7.18346335458218,-1.357018426590093,0,0,0.0,1.7497352750659019,2.3072319596430244,104,Outside Field,Locked Out,Out
Central Arkansas Bears,114.02663136195541,105.82314626146179,71.12058823529412,121.74858065030458,114.43503737150247,70.80499999999999,104.48193065905089,123.34864991983613,118.32160898804256,114.16172805175925,96.15138963300615,109.70949318882005,71.7421875,70.40666666666667,71.375,116.60136532795576,108.55907107807569,71.07985294117647,1581.507669737456,8.042294249880072,3.260306789498236,6.607698011765521,-3.1201790640635787,0,1,-2.2,-0.8899418216915223,0.8586579613772625,144,Outside Field,Locked Out,Out
Austin Peay Governors,114.69742828209944,103.59876727514381,71.15887096774195,114.93096562044244,119.10806515647224,69.78999999999999,105.95030173552998,126.16964745634148,110.10501602208191,105.84749961789568,99.64454223647425,111.311371284481,72.4171875,69.95769230769231,68.9,114.06695077768256,108.63298234687649,70.47782258064517,1581.1810803969406,5.433968430806075,3.2472432158776248,4.77795086632754,-4.632799241484718,0,1,-2.2,-15.275760542985424,-0.7544088628496968,223,Outside Field,Locked Out,Out
Northern Iowa Panthers,109.17426575202936,95.63605452097976,64.00642857142857,120.380179845644,98.03743137522771,62.335,102.13986497766034,111.72649221840025,116.01175897938317,96.18569908461943,94.38353678176647,98.08556565480472,64.97500000000001,63.98088235294117,62.14166666666667,113.0013682595361,96.60382540461549,63.30885714285714,1580.6862185028635,16.3975428549206,3.2274487401145415,12.446514620478784,0.28684408639544073,1,0,1.8,8.804537239366681,5.490619750899403,36,8–9 Seed,Likely In,Safe
UCF Knights,114.74799543993609,109.93409005318766,71.17177419354839,110.63225489231164,113.49619930311437,74.905,107.3307934802671,119.64656115655752,105.29763093037747,115.52582949553486,108.55410995422278,95.08520378161809,70.14750000000001,71.90657894736842,69.3125,112.3015056265962,108.59728442493389,71.82618951612903,1580.4002549391291,3.704221201662307,3.216010197565165,3.557757900433164,3.8296375522292156,5,0,9.0,-7.677849797551161,4.722951845453223,49,Bubble / First Four,Likely In,Bubble
Troy Trojans,113.66586442332455,103.4904628477413,70.55984848484849,117.33154448404574,102.95476808625203,62.629999999999995,110.39599976724968,119.69454685485549,107.15210514514837,109.96349718249824,97.11915083534929,98.3050895489875,72.23125,68.82692307692308,69.50625,113.60522054677843,102.5787331625559,68.41934659090909,1579.920218620568,11.02648738422252,3.19680874482272,8.67758379240258,-2.166427153663655,2,0,3.6,4.201374822210454,3.605453731873289,71,Outside Field,Work To Do,Needs Work
Robert Morris Colonials,115.10397057503346,106.07063166848019,67.39166666666667,115.08534471005646,98.94703467243562,64.075,111.62216175187093,119.1192585451588,99.07120743034056,113.46187386282675,99.08758741766809,113.91375101708705,69.69333333333334,65.52499999999999,64.6,112.69439963708527,105.46620032176006,66.14375,1579.8411201524375,7.228199315325213,3.1936448060975,6.0178329625568985,-1.961184674318286,2,1,1.4,7.104971131067572,2.196561944632476,106,Outside Field,Locked Out,Out
Colorado State Rams,118.66212834308425,110.69680024730029,64.34453125,115.06839480669002,109.4720213486864,65.195,114.9524001981784,121.64634644180106,116.18095382202881,119.91492879941335,106.0413001436943,105.13282216931485,63.61136363636364,65.26176470588236,62.4625,117.39151878082738,109.556008810949,64.27484375,1577.793183198521,7.835509969878387,3.1117273279408435,6.418375177297124,-1.1916294982043951,3,0,5.4,-2.368954637780334,3.355057280622359,75,Outside Field,Work To Do,Needs Work
Kentucky Wildcats,116.71942055803382,106.36698337229089,69.80625,116.162866549219,112.02308835467689,71.125,108.03345729353721,124.60672527218247,102.9414575056064,116.29095515419154,98.73318901103966,115.90912854316976,71.4875,68.70833333333333,70.54375,114.51358759796601,109.21233139351922,70.2465625,1575.70574775029,5.301256204446787,3.028229910011596,4.619348316116229,4.433830132690565,6,0,10.8,-6.212658991200811,5.828771402703854,30,8–9 Seed,Lock,Safe
Bradley Braves,110.53135151544944,104.64143056791676,70.1280303030303,113.6136980281331,107.55981473642164,71.96000000000001,105.86051480127448,113.82402901450179,110.31407882729731,114.8235553038579,97.6655563456715,104.57653314467863,71.39318181818182,69.359375,69.85833333333333,111.26934724039754,105.36129199655726,70.54556818181818,1574.0908837856737,5.9080552438402805,2.9636353514269467,5.02472927611628,0.3213729474078305,2,0,3.6,0.16396234417877054,2.941646968432067,85,Outside Field,Locked Out,Needs Work
Iowa Hawkeyes,118.18246734311019,103.2179303960228,63.7859375,112.30880930258517,107.30808250032665,64.735,113.43321532457712,122.5182959568678,109.58141972851915,115.6205654105053,97.3462899679467,92.97144457804349,62.79318181818182,64.50416666666666,63.11666666666667,115.42389569079027,102.70349554940185,63.922812500000006,1573.8397079983854,12.720400141388424,2.953588319935416,9.79035659495252,2.1836259657015065,4,2,2.8,-9.96381014482887,4.821183711311325,47,11–12 Seed,Likely In,Bubble
Howard Bison,110.642207807362,96.92068268712437,70.21774193548387,126.56755039973197,93.239170544507,70.96000000000001,102.79051108174279,119.3776831626211,100.98885017541647,99.84750333901098,95.20109566458424,92.83572830831633,68.975,71.24499999999999,70.46666666666665,113.17553981066266,95.38756149464882,70.44064516129032,1573.5301406036017,17.787978316013835,2.9412056241440676,13.333946508452904,-6.111346612026344,1,2,-2.6000000000000005,19.606854734987337,2.8881270698336805,88,Outside Field,Locked Out,Out
Grand Canyon Lopes,108.81364599183956,98.75429508996031,69.34112903225805,113.04387086025409,96.90986593518227,68.025,106.32707038778553,112.79590923543114,95.36493149301873,100.76012827778968,96.91085522786909,101.84573261976959,69.7840909090909,69.54705882352941,66.55,107.85389503412007,98.75690343073718,68.59342741935482,1572.9905112208437,9.09699160338289,2.919620448833748,7.243780257018146,-0.31354079418016,3,0,5.4,6.074654023192565,4.204520800510474,59,Bubble / First Four,Bubble,Bubble
East Tennessee State Buccaneers,115.587408927149,102.90901965193562,67.17720588235295,111.12786001602277,115.63762817898176,64.425,113.4680057411277,118.17770470147569,110.79961440739707,109.30831404151432,95.67744582495347,114.02456418680048,65.89464285714286,68.79264705882352,64.00833333333333,113.75435252140464,107.75850346392687,66.01382352941177,1572.2309511734038,5.99584905747777,2.8892380469361525,5.063865754315285,-2.1413321141420187,1,0,1.8,-17.188157438172368,1.154451610775063,132,Outside Field,Locked Out,Out
Boise State Broncos,113.96447516513336,106.9094556761863,68.76935483870967,120.76455195133835,101.71703090938126,63.09375,114.51852626257946,115.84773707157548,104.90778702138812,112.59024122354687,103.40238871996844,105.31556324581626,69.02499999999999,67.6015625,72.7375,114.30599114012281,105.37226561992954,67.9456754032258,1571.7327865242803,8.933725520193278,2.869311460971212,7.114401302426657,2.0604223318969423,8,2,10.0,11.992501553010015,6.312864840742311,26,7 Seed,Lock,Safe
UAB Blazers,110.27134643722725,102.45376695803569,71.76451612903226,111.373487081237,104.6895823707014,68.47,108.93313778030723,110.23479642399008,118.61127349126332,105.59324575810778,100.84564275098558,97.28594991752888,71.98958333333333,72.30441176470588,65.825,111.79787065633509,102.23754825512609,70.04995967741935,1571.3515766114162,9.560322401209007,2.85406306445665,7.548444600183299,-0.13437086508283,3,2,1.0,-1.1336747686559647,3.0165250228488794,83,Outside Field,Locked Out,Needs Work
Nevada Wolf Pack,113.00482685036215,105.20344612285304,67.5390625,108.12193385774853,95.43210793233797,69.815,108.58019016729162,116.62320998369363,110.19920249376587,113.0487561414489,101.79653614420202,93.12802926082533,68.21666666666667,66.81911764705882,68.90833333333333,111.3632599487193,100.94929904592011,68.31343749999999,1569.7388411591623,10.41396090279919,2.789553646366494,8.12663872586938,0.6263653918942564,5,1,6.8,4.888445197901447,5.171354614810349,39,10 Seed,Likely In,Safe
Vermont Catamounts,112.6567477541437,104.27975418839904,65.44318181818181,109.7447375727431,95.24985535382139,63.004999999999995,110.16275230238958,115.23425228132692,110.54870238401918,107.00878212539867,98.95211142641925,119.95838521295968,66.03928571428571,64.928125,65.40833333333333,111.61253840327487,104.37407413343873,64.82840909090908,1569.208400866131,7.238464269836143,2.7683360346452357,5.897425799278871,-4.205855499872006,2,1,1.4,6.1178886531770615,1.3782755071875665,126,Outside Field,Locked Out,Out
NC State Wolfpack,119.37452900478068,108.70325169886583,70.4046875,116.20622660027644,133.1656696946468,68.325,117.99963472765947,119.64660337063091,121.1992647151324,117.42285425381321,101.2834581722867,116.49134457934005,70.815,70.125,70.535,118.85616376020738,115.9870701298822,69.9043125,1568.761902592194,2.8690936303251817,2.750476103687761,2.8335083723339554,3.401832681512799,5,1,6.8,-27.630720400285213,3.1378232667443835,79,Outside Field,Likely Out,Needs Work
Missouri Tigers,115.24949210768403,110.18729590819716,69.21693548387097,114.50166488403492,116.24782697840915,68.955,112.18866083065028,120.43267610625435,85.4354081442367,113.5272069819027,105.7292827398336,131.93990351808887,67.93409090909091,70.6861111111111,63.05,110.59042270725466,114.9653198172339,68.22641129032257,1568.6054191801206,-4.374897109979244,2.744216767204825,-2.239162946824023,2.2663281860884927,6,0,10.8,-6.8083582938611045,2.5363512021861614,96,Outside Field,Locked Out,Out
Furman Paladins,113.38930001363069,104.6561880913499,67.49779411764706,119.4818883811361,110.0747488437703,63.910000000000004,111.60398292214059,115.16877493777855,112.21466773221657,108.09746511179459,99.25032405574316,112.18927147874513,68.18333333333334,67.0328125,67.36666666666666,114.73625226329492,107.14079078756428,66.58117647058823,1568.3144211371375,7.59546147573063,2.7325768454855006,6.136596086657091,-2.880207415791862,0,1,-2.2,0.6740276150850235,0.8053444710197053,149,Outside Field,Locked Out,Out
California Golden Bears,111.00605370975431,104.85971857749591,70.0453125,103.52926139034575,107.59826742390014,70.825,109.73788947213038,110.56909821628297,121.71642983258744,110.46610064503234,100.75399395559714,117.88505445880159,72.10249999999999,69.07875,69.42500000000001,110.74341204832713,107.49815617129282,70.1471875,1567.7217701303916,3.2452558770343103,2.7088708052156654,3.0843403554887168,0.8574590034107481,4,0,7.2,-10.215341165812788,3.0178686458777824,82,Outside Field,Locked Out,Needs Work
Florida State Seminoles,112.07398956841688,108.22095971859484,71.94296875,119.8655783579264,114.93870850887444,69.11,111.14091426395152,113.82368530831961,107.20373976111001,110.72468296248654,102.7907819787306,124.41397619231557,69.37045454545455,73.14852941176471,73.89375,113.29134929469822,112.32934938722285,71.52734375,1567.0606501879229,0.9619999074753736,2.682426007516915,1.4781277374878359,2.765031317792216,2,0,3.6,1.073839999229918,2.4509662055939145,100,Outside Field,Locked Out,Out
Morehead State Eagles,111.04201727187395,109.63867894370216,67.68712121212121,110.35379752159017,106.47638159290548,64.30499999999999,104.03669120168334,121.2620380274893,106.45210839528755,113.66558882670684,103.74718656806868,112.3493232344207,68.30147058823529,66.8923076923077,67.65,110.18147600281503,109.25470124961076,66.83602272727273,1565.2720474395348,0.9267747532042705,2.6108818975813937,1.4320068965174073,-3.1802579261758517,1,1,-0.40000000000000013,2.4740776005128993,-0.5266796312241439,213,Outside Field,Locked Out,Out
Stanford Cardinal,111.66453409494555,107.1390557576756,67.9140625,128.38106960871258,115.02900526853372,62.725,110.76984058735741,112.68280079926667,109.31906769447083,113.53290207443101,104.10855656242913,104.79168634439623,65.9625,69.35277777777777,66.31875,115.49184801331609,108.75943772339824,66.3775,1563.5532708608243,6.732410289917851,2.5421308344329736,5.4753264532723875,2.185915208193921,4,0,7.2,8.826586002908911,4.917822253757345,44,11–12 Seed,Likely In,Safe
Seton Hall Pirates,105.7553545887196,98.08480861386307,66.48387096774194,100.00540392844559,102.21090511291054,63.44500000000001,102.44819090870082,106.31998542604477,114.68204667061252,100.38280980796758,95.52205924752094,104.18105064475209,67.50454545454545,65.19558823529412,70.04166666666667,105.65687073593503,100.03076904325829,66.25782258064515,1561.813134021434,5.626101692676741,2.4725253608573623,4.680028793130927,1.5356853692682377,0,0,0.0,-9.876047159321473,1.9731378168095295,111,Outside Field,Locked Out,Out
Southeast Missouri State Redhawks,105.4059691800761,100.02700878371081,70.86515151515152,104.28734139072542,102.53653348034535,68.94500000000001,104.61780597778002,106.80066055288204,102.37332832752679,107.42357157860884,93.2939062489582,96.70970748298357,69.85833333333333,72.23333333333333,69.05833333333334,104.67141610485602,100.15679476276036,70.11409090909092,1561.4202687267918,4.514621342095666,2.456810749071674,3.8972781641884677,-2.48647723065793,1,1,-0.40000000000000013,-3.6281524859852254,0.4372945887298241,163,Outside Field,Locked Out,Out
Fairfield Stags,109.7066149090497,105.52685223903194,67.62205882352941,97.7826075219842,95.43164617554797,66.41,112.68183477829363,107.89133306767238,104.51201871684249,114.15057047553469,98.898623854537,97.75881244049111,67.635,67.9796875,65.64999999999999,105.94642363345224,101.83784475337981,67.02323529411764,1559.095542928825,4.108578880072429,2.363821717152996,3.585151731196599,-3.327472944772935,1,2,-2.6000000000000005,-1.82880132358153,-0.4752962394424042,210,Outside Field,Locked Out,Out
South Alabama Jaguars,110.64420166780978,102.93373618673319,67.13125,113.14041992547857,108.38990621472485,66.27000000000001,109.50741279750976,110.46864020792812,115.23742782344574,109.21840394459113,94.04326986364424,112.0540311650417,67.69821428571429,67.18214285714285,64.96875,111.95724015557236,105.66582294047737,66.5915625,1558.525253390647,6.291417215094995,2.3410101356258837,5.106295091254261,-2.8740907092999626,1,1,-0.40000000000000013,-2.959951770322874,0.7793916121005999,152,Outside Field,Locked Out,Out
Illinois State Redbirds,110.86736573138258,101.73398011205222,67.859375,107.3383070725105,112.95760252842237,63.685,106.26008392934274,116.55890570703727,104.85022212931408,112.17211095533786,89.0994102691434,114.58617561689312,67.91250000000001,68.34666666666666,66.27,109.08252952635428,106.4677150418709,66.57737499999999,1556.8730376344934,2.614814484483375,2.2749215053797345,2.512846590752283,-0.07583676401106715,3,1,3.2,-14.752681075242222,1.3175756752094305,128,Outside Field,Locked Out,Out
UT Martin Skyhawks,104.07059706407895,94.41675946679051,67.08939393939393,94.11517068828304,99.36758584976045,62.404999999999994,108.73584994689713,100.39365344010179,101.53075056412968,102.54620221506725,83.07123828400896,108.50941428325277,67.82142857142857,67.855,61.65625,101.20076349513758,97.76836428500232,65.10332386363635,1555.9160805806046,3.4323992101352587,2.236643223224182,3.0736724140619356,-3.1283371600744894,0,0,0.0,-14.906252758765845,-0.3175221081785765,199,Outside Field,Locked Out,Out
Davidson Wildcats,110.78953724926937,102.97042738599556,65.21935483870968,102.69237391119786,98.21596474013926,64.60499999999999,106.67281346721474,115.07465864549133,94.86542548457211,101.75889338778339,103.24179355679777,107.19156883894254,62.58863636363637,67.06527777777778,63.075,106.37662965004691,102.41498294247353,64.74411290322581,1554.5394734552603,3.9616467075733794,2.181578938210414,3.4276263767644894,-0.7610159897225411,2,0,3.6,-3.342700692215203,1.8781813869487964,115,Outside Field,Locked Out,Out
Harvard Crimson,109.42194300759989,102.9880558270975,64.48214285714286,107.0582672215561,99.34993467703022,65.375,106.49258556205194,112.60794344063812,115.13029949436016,101.50014748970553,103.63404098991485,117.55485893416929,64.60499999999999,64.34583333333333,64.275,109.68727753410298,104.26354600564144,64.67428571428572,1553.757124906021,5.423731528461531,2.1502849962408437,4.441697568795324,-1.1033812309878892,1,3,-4.800000000000001,1.274445364023478,0.09759539817582058,177,Outside Field,Locked Out,Out
Arkansas State Red Wolves,112.89894085060362,105.75304428292408,73.525,113.9638528219477,103.71501473782776,75.05,111.68522593465919,114.48757251472772,108.48890454385347,112.95362478431126,97.10257790832608,120.30075187969925,73.2828125,73.95333333333333,70.975,112.5036633974271,107.42569303616627,73.52374999999999,1553.272655053073,5.077970361260839,2.1309062021229237,4.193851113519464,-0.8083633539882613,3,1,3.2,3.1029415164403957,2.237256441018792,105,Outside Field,Locked Out,Out
Portland State Vikings,108.86115878685209,100.18876427054447,70.1774193548387,105.7833430022691,103.54706595174034,71.61,103.0843292443575,115.50216486260429,105.70033782529606,105.67661683687899,93.62648325997198,104.96583709704298,71.25500000000001,68.43214285714285,74.3125,107.61758169647294,101.74490061481822,71.15582661290321,1552.8830381647497,5.872681081654719,2.115321526589987,4.7454732151352985,-4.46009139552923,3,1,3.2,-6.43611746577885,0.9515793394780787,139,Outside Field,Locked Out,Out
Idaho Vandals,113.33724021664042,104.40476189405797,69.5139705882353,113.92004377853408,97.29656039892132,68.725,106.46318349677412,123.8359838574167,108.03748825419424,108.46243867681046,100.73069467639912,100.97277095516291,70.378125,68.58846153846153,69.155,112.6879783127469,102.11291287943953,69.26288235294118,1550.4524650164274,10.575065433307373,2.018098600657095,8.007975383512289,-3.2576438209991214,2,1,1.4,7.69100505703031,2.5199535023526174,98,Outside Field,Locked Out,Out
Pennsylvania Quakers,109.25247873149608,104.79176830284823,69.54444444444445,107.2671618963839,95.95913992967942,70.495,109.30298535498383,109.20557972397172,109.25247873149608,110.58698335337144,99.41049718450525,104.79176830284823,69.42884615384615,69.65178571428571,69.54444444444445,108.75614952271805,102.58361120955603,69.78208333333333,1549.5460175601872,6.172538313162022,1.9818407024074896,4.915329029935662,0.04601307630150459,1,0,1.8,6.847311538056616,2.535475204642974,97,Outside Field,Locked Out,Out
Virginia Tech Hokies,112.68203887006555,107.72505614073049,69.93671875,117.14421766742052,114.58545612037486,67.96,108.31028144696499,116.59209723408189,108.13135527861111,111.83457809542344,103.12203763461946,115.15627515212202,69.88499999999999,69.16617647058824,72.66,113.11498103068612,110.55483898735031,69.85103124999999,1549.4170544611702,2.5601420433358157,1.9766821784468085,2.3851040838691135,3.2163911094440274,5,0,9.0,-2.3982211822894044,4.2328846831936655,58,Bubble / First Four,Bubble,Bubble
William & Mary Tribe,112.99868962906258,105.01978250940198,73.59765625,111.58376444141618,112.10961377947544,71.85499999999999,106.98344153363556,122.01418419704497,106.25551264097115,109.68678277282537,101.75725127041378,98.1217580482759,74.24333333333334,73.94423076923077,70.05,111.63348178393726,105.75753665775144,72.62984374999999,1549.3603086971957,5.875945126185812,1.9744123478878282,4.705485292696417,-2.3348917130778286,4,0,7.2,-8.504756457719864,2.6149197882858695,93,Outside Field,Locked Out,Out
Oklahoma Sooners,120.11626151263701,112.80418071460346,68.47734375,128.51213523098136,110.01962577045292,62.46,109.16534230499032,127.41889040827876,120.8398713034062,117.11535979595101,106.87622270562989,122.28905236435428,70.98409090909091,68.0078125,64.465,122.32377141083848,113.53077272602846,66.37115625000001,1549.118185871184,8.792998684810016,1.9647274348473638,6.744517309821219,0.7581470767675977,2,1,1.4,11.18042866249489,3.478376616690404,73,Outside Field,Work To Do,Needs Work
Coastal Carolina Chanticleers,104.03566702215748,103.2775944612668,70.296875,106.47057985089069,111.0812303352213,67.82000000000001,100.8172235901643,108.30003408850222,103.67405026285867,105.15140670662643,99.42777314247084,112.37402894788369,69.60147058823529,71.11346153846154,70.9,104.59015271544597,106.59296860274794,69.76812500000001,1549.112454742719,-2.0028158873019777,1.9644981897087563,-0.8126216641987575,-1.81640874867287,1,2,-2.6000000000000005,-5.3687230452213015,-1.7254362404291606,256,Outside Field,Locked Out,Out
UT Rio Grande Valley Vaqueros,112.7124708363559,102.73677616299403,67.29772727272727,107.91702882124302,101.09195867359111,69.315,113.73633117055664,111.84601700535771,111.01999189523656,107.38624731820467,98.1073541758564,100.26167182484122,68.3796875,64.94166666666666,76.3125,111.25973849140979,101.95430613992038,69.15426136363637,1548.836060435316,9.305432351489415,1.9534424174126435,7.0998353712663835,-2.1986910212628947,1,1,-0.40000000000000013,-3.150624525709958,1.737090718622788,120,Outside Field,Locked Out,Out
SMU Mustangs,118.62446884175935,109.10680265164115,70.91363636363637,110.27930071097019,116.537311140335,66.405,111.00070401826297,123.8788227829221,115.94522937114208,116.14192209583184,105.22307927634978,107.23697936892785,69.89090909090909,72.26388888888889,67.65,116.13629088846946,110.68395628140762,69.29693181818183,1548.4647386023971,5.452334607061843,1.9385895440958847,4.398211088172055,3.4158745142620788,4,0,7.2,-15.775676619483022,4.1797197793125465,60,Bubble / First Four,Bubble,Bubble
Northern Colorado Bears,116.55661804278984,107.41376037938808,70.91640625,114.36768268016206,109.13355448766015,69.865,113.08113334809728,121.15922470817601,112.45521041111705,110.94732818545705,102.0902172930082,114.58912241881602,70.64333333333335,70.05535714285715,76.3,115.39417305738196,108.92001321237028,71.46109374999999,1548.4281563692412,6.474159845011684,1.937126254769646,5.1130497679390725,-3.8440004959313763,2,2,-0.8000000000000003,-3.908729470899843,0.32649169608128786,168,Outside Field,Locked Out,Out
Cincinnati Bearcats,105.0796494668482,98.1723076585258,69.49545454545455,110.53545225082689,97.4417586587131,69.21000000000001,103.52170527877429,108.94241387159005,94.28958598592538,111.2810432861597,90.49751174546184,99.58410169028829,66.02250000000001,71.04444444444444,70.865,104.82509064070443,98.201439513337,69.62952272727273,1548.2279995642882,6.623651127367438,1.9291199825715284,5.215291783928665,2.7430081313836703,2,0,3.6,6.186351783791395,3.985121459039266,65,Bubble / First Four,Bubble,Bubble
Monmouth Hawks,106.81656863871571,103.28829291934598,67.8889705882353,112.80921757873107,101.90945398262517,65.55,104.55773354075005,107.67221434865144,111.19726594479263,105.17431353901453,100.84291995782408,104.47727535260162,68.61833333333334,67.7875,65.985,108.97183546963109,103.12193055015413,67.01863235294118,1548.2132651414895,5.8499049194769555,1.9285306056595801,4.673492625331742,-0.2392385052926072,0,2,-4.4,7.371487876736168,0.7545162556124998,153,Outside Field,Locked Out,Out
Texas State Bobcats,107.68380043289241,103.31745296497611,68.4390625,114.7327029150701,113.07290651533728,65.215,102.14584113745809,112.81534585594369,100.75688021733913,114.93710646586662,93.56000324646078,112.131054033001,69.58125,67.93235294117646,66.74166666666666,108.40698802110384,107.07835651277014,67.3784375,1545.803226568635,1.3286315083337001,1.832129062745398,1.4796807746572094,-3.278669084968826,1,2,-2.6000000000000005,-2.7065510681834724,-1.2743611479434187,238,Outside Field,Locked Out,Out
Seattle U Redhawks,103.26403888645918,97.21278104017726,69.54318181818182,104.33080015114308,98.93597147691511,65.935,99.75352280669146,106.32820167157463,100.77289528902169,105.52208921267912,91.11142336422272,98.21562664547854,68.85208333333334,71.5985294117647,62.88125,103.15705766301453,97.7940054901569,67.6418465909091,1545.5363535114236,5.363052172857621,1.8214541404569444,4.300572763137418,-2.368260906191332,0,0,0.0,-0.6564291720539472,0.8152906856254575,148,Outside Field,Locked Out,Out
UIC Flames,110.40401049597847,103.01656171665255,68.30220588235295,112.20883327239842,110.66852264307909,69.22,108.36659720765887,110.9699966683276,114.93148907835966,108.53251666735744,94.80765439786255,109.45363735714982,66.86833333333333,69.54464285714286,69.125,111.53433797744063,105.89511329433375,68.65507352941177,1545.431675530889,5.639224683106875,1.817267021235557,4.492637384545479,-0.30461050893010144,1,0,1.8,-5.847138150006586,1.8801568053707944,114,Outside Field,Locked Out,Out
Cal State Northridge Matadors,106.71383695233365,105.22327487333442,76.47890625,100.73384453263526,107.46178433524521,77.85999999999999,104.7728866080997,112.78017791129595,75.773407341871,112.897545680726,97.05347647710578,108.93973178961238,76.365,76.73,75.45,100.57777440583965,106.34037077625382,76.66984374999998,1544.418976500331,-5.7625963704141725,1.776759060013237,-3.5007897412859497,-0.6625771937594346,4,0,7.2,-8.218501881609185,0.11419114507458708,175,Outside Field,Locked Out,Out
Towson Tigers,106.32734051574347,102.16634252693775,64.93676470588235,116.84445156822717,101.22492810550808,61.77,101.68857120713486,107.78383701920316,112.02920479624004,111.45654721062277,93.13136397267397,102.98306236576457,64.22307692307692,66.53035714285714,63.074999999999996,109.81189792093889,102.05349689740436,63.86580882352941,1544.1734038220998,7.758401023534532,1.7669361528839909,5.960961562339369,-0.3644269655922846,0,0,0.0,11.458525473913369,2.458702934907655,99,Outside Field,Locked Out,Out
Murray State Racers,115.61567756061604,110.26270260247264,72.04609375,106.62183624248397,116.63149471141855,70.57000000000001,113.80181234371004,118.09679902793306,112.73829345665108,117.65256375444969,103.40076347755034,113.86947163615383,71.21818181818182,70.65666666666667,77.03750000000001,112.93560961548829,112.39591598476129,72.42578125,1543.9159127018736,0.539693630727001,1.7566365080749438,0.9047764939313838,1.9555924748635187,1,0,1.8,-15.36263342707798,1.0023662959732875,136,Outside Field,Locked Out,Out
Utah Tech Trailblazers,109.23824529443453,105.39386695215407,70.253125,109.72807581696536,114.40176896587602,69.205,103.57939407076925,115.19183011422929,112.83396134519354,111.43404094823836,97.67696927385728,111.09075873155726,68.721875,72.15178571428571,69.2125,109.9000603326811,108.50037622249503,69.83500000000001,1543.7056633499417,1.3996841101860582,1.7482265339976675,1.504246837329541,-2.184445533200641,2,0,3.6,-8.518071491191122,0.5329473396123384,159,Outside Field,Locked Out,Out
UC Davis Aggies,108.34406869862926,104.42329932301996,71.96129032258065,99.05033121917151,101.82740346481768,74.8375,104.99725542644968,111.48170614129762,108.34406869862926,112.90293243494905,96.47364328058644,104.42329932301996,72.37666666666668,71.571875,71.96129032258065,106.0206343287648,103.77432535846938,72.68034274193549,1542.6929314984277,2.2463089702954164,1.707717259937108,2.0847314571879236,-1.8372175572676688,3,2,1.0,-6.6978416212554635,0.242287952643625,172,Outside Field,Locked Out,Out
Marist Red Foxes,104.7858040347266,95.20827481892404,66.48629032258064,101.49809982851573,99.30846334479119,66.775,103.15504313862338,107.36771433976816,96.83680301963741,101.30650757836337,89.24345904817253,97.2567637834851,66.05714285714285,66.57,68.8625,102.7715278309105,96.54059529507498,66.9148991935484,1540.986072878672,6.230932535835521,1.639442915146883,4.853485649628929,-2.9733440385738907,0,1,-2.2,-7.387892732078015,0.046526784063825655,179,Outside Field,Locked Out,Out
Cal State Fullerton Titans,110.03313540523475,107.87445523924924,75.9078125,119.71256671997068,111.67519928342594,72.33,104.47650195757002,115.68500992543837,114.92308134512717,111.3720674782787,103.21317736700898,112.5225024326954,75.9515625,75.44821428571429,78.775,113.18648512490259,109.52184832931033,75.4434375,1539.990670624696,3.6646367955922585,1.5996268249878358,3.0451338044109315,-1.8441698243449653,3,0,5.4,5.87868727055924,2.1186103719060707,108,Outside Field,Locked Out,Out
Louisiana Tech Bulldogs,105.07342433986393,98.87001944303762,66.53790322580646,110.425480705265,98.65652472663713,65.59,97.02959798296392,111.69775192789925,105.07342433986393,105.70380110982543,93.24219924685944,98.87001944303762,65.6,67.31029411764706,66.53790322580646,106.4114384312142,98.8166457639375,66.30092741935485,1539.837919475156,7.5947926672766926,1.5935167790062406,5.794409900795556,-4.976559823358896,1,1,-0.40000000000000013,5.5655510818015586,0.59257117360657,158,Outside Field,Locked Out,Out
Georgia Southern Eagles,112.81299038441567,110.32065375401848,71.78513513513514,122.90754270714362,113.44551534693205,67.1,108.00935554881164,116.95584024106554,113.84087812945546,112.16678741354215,108.17458739751284,110.78721572710153,73.375,71.98035714285714,69.00833333333334,115.49081162685361,111.17185344820932,70.19733108108107,1539.610979266059,4.318958178644294,1.584439170642363,3.4986024762437147,-2.5544662160356135,0,6,-13.200000000000001,6.969690729814374,-2.75008678346472,297,Outside Field,Locked Out,Out
Western Kentucky Hilltoppers,110.17217883012616,106.00206635042183,71.6991935483871,118.25504447657465,108.1090563520365,71.985,103.4856182382584,116.35228623993731,103.9578483452711,110.58678336758574,102.34741179220798,107.15468925890661,69.37291666666667,72.08125,78.96666666666665,111.26074566901002,106.7017072870982,72.86076612903226,1539.2606052059175,4.559038381911819,1.5704242082367,3.6624541298092828,0.45460254676539036,3,0,5.4,5.97587564483382,3.1100846082367455,80,Outside Field,Likely Out,Needs Work
Texas Longhorns,120.01231441012773,110.49772037573355,69.73203125,105.72976262000898,118.42670090930463,72.41,118.59956654249385,123.08233498370225,110.84978360842916,117.94249777296892,103.90830439436033,118.02960045417244,69.76136363636364,69.45588235294117,70.825,115.06729684234324,113.60974752089216,70.56546875,1538.9469849100742,1.4575493214510828,1.5578793964029682,1.4876483439366484,2.187231318257099,5,1,6.8,-22.211532323689823,2.3892483863848337,102,Outside Field,Locked Out,Out
UNLV Rebels,112.01346712758921,109.78112905527409,71.56171875,112.03272412730409,110.50963398724753,71.865,113.90306621692167,114.12246990183264,97.90865876261806,114.86519337744288,104.02645716880681,117.5476236346369,70.28541666666666,72.4453125,71.85625,109.90256012277226,111.12822947517186,71.68171874999999,1538.392331453663,-1.2256693523996063,1.5356932581465208,-0.39726056923576814,0.7342518037833017,7,1,10.399999999999999,-0.709247932258549,2.7878734540238717,91,Outside Field,Locked Out,Out
North Texas Mean Green,104.70158069054825,99.46013217134099,67.26370967741936,109.23889626269276,108.03500725302358,63.5,97.21321886036598,111.05330284224931,95.6421133821828,102.66279365013872,98.15390095716309,91.34712861906681,68.05,66.99558823529412,64.825,104.47698948732956,100.3869004089205,65.95697580645161,1537.860383132791,4.090089078409065,1.5144153253116384,3.3173869524798367,-1.378913921906487,3,2,1.0,-4.0375595095380845,0.9315602936615678,140,Outside Field,Locked Out,Out
Oklahoma State Cowboys,112.159203680177,111.38739938170062,74.4628787878788,119.68812768279902,122.79069244566094,68.69500000000001,101.50882496102781,115.87497622882778,121.1352308719588,115.05195772285728,107.68370621898083,119.81854605172799,74.01,76.54342105263159,65.7125,115.38783875959976,115.50289464819481,71.70835227272728,1537.5878671718194,-0.11505588859505167,1.5035146868727771,0.37051528404529693,4.505359192803946,6,0,10.8,-3.8743690613382995,4.3274261225997055,52,Bubble / First Four,Likely In,Bubble
Southern Miss Golden Eagles,106.05695667479688,105.14046633180276,70.48642857142858,112.5745382358173,105.18106556502849,69.425,102.49249897899463,105.04648794063984,115.57166510066477,110.55575610214149,96.0015206187132,110.5086017196718,70.75333333333333,71.32115384615385,68.36428571428571,109.11355832893217,105.95583644828955,69.90275,1537.243053687228,3.157721880642626,1.4897221474891194,2.657321960696574,-0.8243021114832128,1,1,-0.40000000000000013,6.476982327794687,0.8197321194433109,147,Outside Field,Locked Out,Out
Detroit Mercy Titans,110.0960889483343,110.54386716135586,70.19375,111.37416647546749,106.30809004782267,66.995,105.05095077991729,116.93390030918995,102.59251476968079,114.73808566303515,107.46625896196204,98.53337654367809,69.809375,71.34107142857142,65.23750000000001,109.29007220331957,107.6833492903209,68.65062499999999,1537.0604906547949,1.6067229129986629,1.482419626191795,1.5694319269566024,-1.8594460055043824,1,0,1.8,5.513854640666381,0.6155610732130199,156,Outside Field,Locked Out,Out
Samford Bulldogs,113.48842716607994,108.69678027458855,69.5921875,118.85527649152587,110.99084048200098,69.35,112.39106476120615,118.40921565353851,96.01155958230883,115.82657251862344,100.21211554004097,112.6429211489695,69.875,68.925,71.29166666666667,112.20860935987575,109.86221645759879,69.78656249999999,1536.2705457365903,2.3463929022769605,1.4508218294636117,2.077721580432956,-2.6804086703988546,1,1,-0.40000000000000013,3.072789118033498,-0.11129484249016064,182,Outside Field,Locked Out,Out
Toledo Rockets,116.33708476614459,110.08798134661674,69.98548387096774,126.32724538719933,107.22897006411597,66.965,112.80405442425352,121.0574098138213,105.66585930180676,113.41795144345893,107.02926660188682,109.71855125419589,69.58928571428571,70.40333333333334,69.625,117.23394110175761,109.31781401212842,69.17629032258064,1535.9969489912903,7.916127089629185,1.4398779596516125,5.973252350635913,0.7911854509476178,3,0,5.4,12.849171903555515,4.288021003511139,55,Bubble / First Four,Bubble,Bubble
App State Mountaineers,110.44724450769478,102.0625933214202,64.90390625,112.3437721011729,116.06215031000718,65.44000000000001,104.95629104940122,116.96110479014239,103.50239256749332,105.3802492124404,97.5570906277033,109.10771263191036,64.14285714285714,64.91166666666666,68.41666666666667,109.87964861503407,106.61925046514047,65.56484375000001,1535.630226074917,3.2603981498936037,1.4252090429966757,2.709841417824525,-3.4983509431128548,2,1,1.4,-12.103029395108862,-0.13298289984167277,186,Outside Field,Locked Out,Out
Saint Peter's Peacocks,106.62549018452516,103.12634233862076,66.38275862068966,98.74728896547593,102.94651560810239,65.24,101.40994577908809,113.27528197810045,86.54602675059009,109.86909414969973,95.67380018165366,113.06340718105423,66.11428571428571,66.85357142857143,63.55,101.6440203646726,104.57194538235618,65.6721551724138,1535.1288789741832,-2.9279250176835774,1.4051551589673272,-1.6280009646883058,-2.872728208638215,1,2,-2.6000000000000005,-7.69837448853086,-2.4519265092048386,287,Outside Field,Locked Out,Out
Marshall Thundering Herd,115.15623887849164,110.07659898165234,70.5515625,119.54638156316415,123.70185925457581,71.64500000000001,108.22132732842398,121.27090181557156,108.29573064908018,111.51833063137823,108.7363813079736,112.67605633802815,70.70714285714286,70.33676470588235,72.025,115.22469831524805,113.87283265333959,71.04593750000001,1534.9200790964364,1.3518656619084624,1.3968031638574576,1.3653469124931608,0.27331992340971056,1,1,-0.40000000000000013,-9.235117588250958,0.22819856133482191,173,Outside Field,Locked Out,Out
Mercer Bears,116.40787172071276,107.26561065843316,70.93671875,121.49752979617138,123.28736622427407,67.255,105.59022919085862,128.44624292657758,108.91458411040655,111.52383910903355,102.26960275008335,114.07407407407408,70.25625,71.92333333333333,67.025,116.55629309803147,112.29231906223953,69.42953125,1533.0531997117755,4.2639740357919464,1.3221279884710202,3.3814202215956684,-4.495262862871734,0,0,0.0,-10.93209749038229,-0.5411692154893916,214,Outside Field,Locked Out,Out
Cornell Big Red,122.05222895208374,113.41776272465577,72.87037037037037,113.87049435053272,111.37776184139462,69.37,122.90481038676897,120.8121105016325,122.05222895208374,117.25249925105484,107.83996414080256,113.41776272465577,71.5703125,74.76136363636364,72.87037037037037,120.00679530169597,112.90776250384049,71.99527777777777,1532.7150736482276,7.099032797855486,1.3086029459291058,5.361903842277571,-1.605470324022204,1,0,1.8,-6.141733718289856,1.7625140923298224,119,Outside Field,Locked Out,Out
Indiana Hoosiers,115.90630530241494,107.40959853293376,67.27578125,111.7836039051584,115.80223934339286,62.21,106.1473435630964,122.34346766301876,113.06619084962664,116.75053602250028,100.72261385902806,113.28140244795723,67.48409090909091,66.70138888888889,69.95833333333333,114.44961278518255,110.38852932280204,66.41171875,1532.701550070674,4.061083462380509,1.308062002826964,3.2351770245144453,3.307771116924123,4,0,7.2,-12.515342207715634,3.8037063643712132,68,Bubble / First Four,Bubble,Bubble
West Virginia Mountaineers,106.55209695794518,100.13597243405817,64.8890625,105.7035840664483,106.9154203461054,66.235,97.31779972915432,113.55869033710606,97.95009580478953,110.40523824050727,91.42329261004488,113.01694134889769,64.725,63.981944444444444,68.45,105.04966856209761,103.76297974929591,65.7596875,1531.7156504778968,1.2866888128016996,1.2686260191158727,1.2812699746959515,2.0552477352148184,1,1,-0.40000000000000013,-7.627960803544113,0.832185204930599,146,Outside Field,Locked Out,Out
Northern Kentucky Norse,115.07660440844185,107.62039460455009,72.33749999999999,124.47786059007926,117.40049780016622,71.465,108.20142530845288,119.35632547460547,130.26281859596833,110.91754785317386,102.90023236269893,123.01312429560642,70.57,73.9235294117647,72.1125,119.70485058198017,112.37432985711256,72.085625,1531.4081903473946,7.330520724867611,1.2563276138957826,5.508262791576062,-2.752230292337692,0,0,0.0,-0.3788470139787279,1.1431674883532446,133,Outside Field,Locked Out,Out
Valparaiso Beacons,107.17977029485087,105.35181211896537,67.38181818181818,109.61028572818562,107.38173173858695,68.2,103.86195786130925,110.6278631681553,101.09566790655464,113.4611965861568,98.9734417201363,102.8022692386725,68.77857142857142,65.5264705882353,73.375,106.87478379494011,105.47686059182683,68.4853409090909,1531.2417753161544,1.3979232031132796,1.2496710126461767,1.3534475459731485,-0.5942233971773296,1,2,-2.6000000000000005,0.4005958137131671,-0.346507040139663,200,Outside Field,Locked Out,Out
Arizona State Sun Devils,108.21502349457745,110.83254038096527,70.55,98.0847825729762,108.67813883946333,68.31,105.16369051967654,108.65983712772959,112.05680324123863,119.863442777978,101.21911757500037,117.2413140555844,70.9090909090909,70.34166666666667,70.43214285714286,106.25873022617631,111.25525604678265,69.97232142857143,1531.0646563628952,-4.996525820606337,1.2425862545158088,-3.1247921980696933,3.966993127821595,3,0,5.4,-7.975839380099316,1.3176070758872744,127,Outside Field,Locked Out,Out
Duquesne Dukes,110.30316399363421,106.87477203768452,71.61693548387096,99.89363934948373,116.23061640084752,65.795,105.81526953138047,113.79385393227936,101.32547864506627,110.84732213332525,104.03135060509773,110.38575667655786,69.43958333333333,72.33194444444445,84.875,106.35413003031141,109.74038082430627,72.15016129032257,1531.0188287659314,-3.3862507939948614,1.2407531506372562,-1.998149610605226,-0.3934503790086222,1,1,-0.40000000000000013,-19.76536900731348,-1.5629615275990751,250,Outside Field,Locked Out,Out
Lehigh Mountain Hawks,105.83353153875461,106.79755905178088,69.20808823529411,117.69567821525727,104.22254316579794,65.67,98.30990522707536,111.79645718263225,111.57586090338924,111.28449667479232,102.76967906161461,107.38250679560842,69.01166666666667,69.72205882352941,66.3125,109.66041761257547,106.24154724185928,67.88922794117647,1530.9746483367696,3.418870370716192,1.2389859334707853,2.76490503954257,-1.3447174177904526,0,4,-8.8,14.437162562485597,-1.258877378156332,237,Outside Field,Locked Out,Out
Florida Atlantic Owls,111.02468467947868,104.6998290435617,70.55859375,108.65133797273816,108.7986401532524,62.705,101.08461753956698,117.98614634521658,117.22442163767454,109.98333577210876,99.48118058866797,107.09836388163531,71.70961538461539,72.66333333333334,58.925000000000004,111.36130854652292,106.08431204669542,66.85015625,1530.8583578845244,5.276996499827504,1.2343343153809747,4.064197844493545,-1.4026378675560127,2,2,-0.8000000000000003,-6.472157816431221,0.6591466391988938,155,Outside Field,Locked Out,Out
Kennesaw State Owls,114.10990377520244,104.26279238275163,72.9790322580645,107.73856204349931,104.77734686135747,68.78999999999999,106.68316341018846,121.01639257714812,106.98225829154806,109.5694355052522,98.7115057648669,112.64308185480117,72.02916666666667,72.5984375,78.80833333333334,111.4479215197285,105.64847442321052,72.8061693548387,1530.711599208899,5.79944709651798,1.2284639683559635,4.428152158069375,-3.327192146134744,0,2,-4.4,-6.885896210308971,-0.7887073901081825,224,Outside Field,Locked Out,Out
James Madison Dukes,110.43258124509873,109.46189488673643,67.59621212121213,115.32194994663121,103.9328554282611,68.81,106.8415356439747,111.22424385416471,124.42949620538911,114.80799475471426,103.60843433463063,111.99869830737639,68.78833333333334,66.185,68.69166666666666,113.75446066452541,108.4601555352136,68.06397727272727,1530.3917622798674,5.294305129311809,1.2156704911946963,4.070714737876675,0.7154484739265136,1,1,-0.40000000000000013,10.4184081600078,1.9711286683985343,112,Outside Field,Locked Out,Out
SIU Edwardsville Cougars,105.25795258830489,97.28376631606899,67.2734375,97.6575234768108,96.80546654962646,65.825,97.8571796669327,111.55513856238848,113.53485469296936,100.50480576000201,92.76099064278738,107.04678803618351,66.99666666666666,67.47,67.875,104.59938062613102,98.62864463247554,67.0015625,1530.1868600254884,5.970735993655481,1.2074744010195355,4.541757515864696,-5.93288573412942,1,2,-2.6000000000000005,-7.122129345051562,-1.1454646245488507,234,Outside Field,Locked Out,Out
Middle Tennessee Blue Raiders,109.82071607455693,105.44990737665779,68.84274193548387,113.75084385497647,102.62325803809065,68.58500000000001,104.89750787221905,113.46047407502665,112.9558282823392,108.85984187324665,98.9245150501686,123.30048619055196,68.04230769230769,69.69666666666667,68.04166666666667,111.27351485082914,107.42083186410014,68.65814516129032,1529.9554974651007,3.8526829867290076,1.1982198986040293,3.0563440602915137,-0.7119958956598985,2,2,-0.8000000000000003,6.756777118986676,0.9078830954719841,142,Outside Field,Locked Out,Out
Lipscomb Bisons,112.50551141893412,106.4202373244702,71.071875,110.63937226946587,110.42082908470863,64.9,106.12207689320125,122.34989617482358,83.20251177394034,115.16777466271151,94.56787876258313,123.64512244078682,72.59705882352942,69.74642857142858,63.7,107.64352668481799,110.0041180319773,68.423125,1529.8931779871282,-2.360591347159314,1.1957271194851273,-1.2936958071659814,-1.828558818266324,0,0,0.0,-5.866730909706689,-1.2532491517089386,236,Outside Field,Locked Out,Out
Fordham Rams,106.14842366489277,99.4958455891402,65.89112903225806,102.64608883148564,101.40564075298468,64.975,104.36904208989986,106.81804106700653,108.06199116885328,109.87091867427641,93.3085647869342,102.03595345192218,66.14,65.18472222222222,69.3,105.55987508213508,100.35431055951861,66.17342741935484,1529.7983834790432,5.20556452261647,1.1919353391617278,4.001475767580047,-2.351306628629209,2,2,-0.8000000000000003,-5.412129997251611,0.35419755839795697,166,Outside Field,Locked Out,Out
Bowling Green Falcons,111.8158345197663,99.59341147912767,72.73306451612903,107.92499149657631,108.92500862956881,71.55,105.17993785145148,116.53423465136768,111.52481341104351,104.57016311149748,97.86446356949375,84.42895891679714,72.33749999999999,73.54117647058824,68.2375,110.79947059766037,99.65164288238837,71.76296370967742,1529.2530756971742,11.147827715272001,1.170123027886966,8.15451630905649,-3.6839150420006614,0,1,-2.2,-13.222440173631128,0.8644625049353889,143,Outside Field,Locked Out,Out
Green Bay Phoenix,113.97685872530711,114.68000054724567,65.80227272727272,115.12114135102748,110.20398257951413,63.96,109.40044338023068,118.72366047215603,114.52461015537244,118.29543367994346,108.8034189426127,121.69016191584437,66.64,64.89107142857142,65.85,114.34509209624699,114.6125202606026,65.34886363636363,1529.0357955962747,-0.2674281643556071,1.1614318238509895,0.16122983210637187,-0.10527953077100581,0,1,-2.2,5.620300593451901,-0.36972159120942066,202,Outside Field,Locked Out,Out
Wyoming Cowboys,113.69533015724211,108.75936514012031,67.67734375,115.09851980010299,111.86897766306811,64.265,106.50180031308378,117.83910288407846,119.56255468066492,116.78257134976128,103.48256896511428,108.11129345732877,64.68124999999999,69.91666666666667,65.5,114.92621124647074,109.43955751843852,66.49765625,1528.1080496797906,5.486653728032223,1.1243219871916244,4.177954205780043,0.5322996519724028,3,0,5.4,-1.7064228800869188,3.094277138240499,81,Outside Field,Locked Out,Needs Work
Wake Forest Demon Deacons,111.96531455237063,110.20200569002031,69.72272727272727,112.23656282407606,117.30148073798634,65.08,106.04205083125855,116.21395462729005,108.10428990928057,114.10279172140218,107.89100867049811,111.2838177015142,66.94999999999999,71.61666666666667,68.2,111.45397292383348,112.13914625373589,68.33363636363636,1528.079554596978,-0.6851733299024119,1.1231821838791165,-0.14266667576795333,4.038916452555341,1,1,-0.40000000000000013,-6.828226776260593,0.97882406683253,137,Outside Field,Locked Out,Out
Tulane Green Wave,105.5374850341553,109.29804947474096,68.965625,99.79215765555857,121.8830529708778,70.47999999999999,104.28726246074828,105.97327699846979,106.7019776282576,105.91055627920025,109.17764620028129,118.30859719866127,67.72749999999999,68.48611111111111,74.21875,104.27582707862146,113.79588250736322,70.1321875,1527.564774764582,-9.520055428741756,1.102590990583276,-6.3332615029442465,1.6955080398380191,1,0,1.8,-18.330330874733562,-1.875918412117649,260,Outside Field,Locked Out,Out
UT Arlington Mavericks,102.66610595976992,98.23450882802064,68.19,93.78979556218498,96.9713180634428,64.63,99.93929437319288,106.90753894130596,91.15646258503402,104.58178531091873,90.51785879590723,96.99453551912568,67.0421875,69.19423076923077,73.5,98.7205818541633,97.73271514054194,68.09649999999999,1527.5481187944863,0.9878667136213579,1.101924751779452,1.022084125068786,-1.0820995632136392,3,0,5.4,-7.613119633007102,1.2074758128662153,130,Outside Field,Locked Out,Out
Montana State Bobcats,114.7987991783235,104.53209811412513,67.871875,117.00379886106217,107.03746905663395,67.22,107.78470025482262,122.35020019926326,125.33453339197256,110.10983164265562,98.33928463398509,97.3746507425264,68.11029411764706,67.79615384615384,66.3375,116.9304092310555,104.08482374401252,67.47875,1527.1236560042853,12.845585487042982,1.0849462401714118,9.31739371298151,-3.1659490742975884,2,1,1.4,-0.3003712597701593,2.792032082387307,90,Outside Field,Locked Out,Out
Oregon State Beavers,106.07266110886479,110.49742200097934,67.1560606060606,110.6393831630484,113.03363424023398,68.535,104.94065581756085,108.54377367031286,100.16129004081,116.05859535211175,107.1660429466375,109.58952941325035,66.23636363636363,66.83823529411765,70.26,106.32763596220246,110.99529117263366,67.96638636363636,1526.8624325020637,-4.667655210431192,1.0744973000825484,-2.94500945727707,2.5989481206161837,2,2,-0.8000000000000003,2.030509814928962,-0.3798246569615085,203,Outside Field,Locked Out,Out
North Dakota Fighting Hawks,109.22384522238961,110.49907571855783,70.07571428571428,105.7838601554231,116.74966541990457,67.795,103.47314557617801,116.94550540177383,99.90232817814629,116.69866969206744,106.29651816831938,104.06082851885063,69.55166666666668,71.1796875,67.625,106.9656213990115,111.09598606393843,69.13792857142856,1526.3563890539604,-4.13036466492693,1.0542555621584142,-2.5749785968013263,-3.123775864738239,2,1,1.4,-9.690574768313255,-1.9101320440620941,262,Outside Field,Locked Out,Out
Texas A&M-Corpus Christi Islanders,105.8964673771367,99.45795464028116,68.3348484848485,114.94098698585981,102.60564137991965,62.589999999999996,98.64234155267667,113.05199320736145,110.26303024613122,102.774289618853,95.60051059894563,101.85810512172267,68.9609375,68.78333333333333,59.9625,108.81258170966665,100.604898897407,65.6427840909091,1525.8545184348995,8.207682812259648,1.034180737395982,6.055632189800548,-5.2750032390968,1,1,-0.40000000000000013,5.896832869084619,0.5974266389204845,157,Outside Field,Locked Out,Out
Quinnipiac Bobcats,106.17431217323752,102.03059377315185,70.7625,100.94583181497136,104.86466877756864,68.34,107.08914130954786,105.53823743166215,101.07816711590296,106.07069608038768,97.3910848416338,106.98159083014937,70.54375,70.76666666666667,74.2,104.1027703250708,103.48176208280567,70.6725,1525.7161302084296,0.6210082422651197,1.0286452083371842,0.7432993320867392,-1.7064355007032184,1,1,-0.40000000000000013,-8.062555362682957,-0.6245084450892295,217,Outside Field,Locked Out,Out
Central Connecticut Blue Devils,110.75777471851767,107.54346790960112,66.3275,102.82132518325822,109.9821825053687,65.45,103.04679857490838,119.57031888264258,110.75777471851767,107.51098168367955,107.58059502494007,107.54346790960112,65.384375,67.40535714285714,66.3275,108.7736623347028,108.15314655854301,66.108125,1525.648747197549,0.6205157761597917,1.025949887901961,0.7421460096824425,-5.470245203074437,0,3,-6.6000000000000005,-10.37516413102702,-3.5483931867073357,325,Outside Field,Locked Out,Out
Auburn Tigers,119.5263831900073,113.6731258475603,69.74609375,119.17888702959051,118.9794860172065,68.715,112.93345731124768,126.58806750338759,113.8126680595632,123.62295619012563,107.07478737362167,113.59837923090683,69.83500000000001,70.38333333333334,68.25357142857142,118.58245188033648,114.98850389747382,69.26444196428571,1524.5961023318368,3.593947982862659,0.9838440932734739,2.810916815985903,4.364218977675046,3,1,3.2,-5.653856330062979,3.1576744433575734,77,Outside Field,Work To Do,Needs Work
Wofford Terriers,114.9071089756803,112.74655933559598,68.44140625,113.71172458241779,113.77058928426644,67.215,114.46249061766069,115.77186899439158,109.04960242332449,115.41867422226657,109.74990549647826,114.94252873563218,69.3328125,67.65166666666667,66.025,113.72963689451129,113.33196223276903,67.77234375,1523.8484055884098,0.39767466174225774,0.9539362235363933,0.5645531302804985,-3.38673895978726,0,1,-2.2,-2.219414341932975,-1.538894789672225,248,Outside Field,Locked Out,Out
George Washington Revolutionaries,115.99477195717144,105.00919385247043,71.07903225806452,111.97766780127056,110.60516882083448,70.66,114.56474951617938,116.35543704661107,117.70068855294869,114.47509680019007,94.83252278264246,118.64273538048062,69.4025,70.85000000000001,75.16499999999999,115.2463834075628,108.45321882376297,71.58716935483871,1521.2161059054324,6.793164583799836,0.8486442362172966,5.0098084795250735,0.7835522941464375,3,2,1.0,-9.613079124264928,2.1041845038219917,109,Outside Field,Locked Out,Out
Pacific Tigers,110.22704390771086,103.77287817905635,65.92651515151515,102.05815255146885,116.35796260961285,63.239999999999995,108.98669147553493,110.42964415052028,114.1692646785378,113.75863954730715,95.07569213680128,96.76642419600867,66.67666666666666,66.26785714285714,61.91875,108.77615418427442,105.86818118923833,64.65372159090909,1520.8691780502832,2.90797299503609,0.8347671220113262,2.2860112331286606,-2.018133539096735,0,0,0.0,-20.75397578679852,-0.4302851022821109,206,Outside Field,Locked Out,Out
Colorado Buffaloes,113.5971150921349,112.38541871091448,70.3703125,111.21195870382405,120.60428614217835,71.66999999999999,106.08972459163142,118.63031360123945,109.71619805242314,122.98176002295129,107.02006796741233,110.03864377658218,68.5725,71.24166666666666,70.94375,112.41868843910042,114.0881193285806,70.78125,1520.8443011542963,-1.6694308894801821,0.8337720461718527,-0.9184700087845715,3.2147964929543105,3,0,5.4,-10.60402381957472,1.8102595394278043,117,Outside Field,Locked Out,Out
UC Santa Barbara Gauchos,114.16548001061348,105.93852082109379,68.2008064516129,99.25654792684823,97.51987003030479,67.44375,109.04014318687135,121.00935428406426,102.1559015462421,110.75365706721196,101.24639558076258,108.53355662290436,66.88269230769231,69.935,65.24166666666667,108.63681022001646,104.22311349366812,67.56767137096774,1517.616429494884,4.413696726348334,0.7046571797953584,3.300984862382441,-1.4686980702849468,3,0,5.4,-6.490281292976249,1.9604502479892432,113,Outside Field,Locked Out,Out
USC Trojans,108.65141720910124,107.92380091019716,72.44375,98.82126139825996,121.14000998337512,70.63499999999999,102.44555119746525,110.44633601906062,116.56058224283035,111.91947090836385,106.28060926545145,104.39154017741673,71.37045454545454,73.8296875,70.37,107.38025301145029,110.6980140685746,71.6805,1514.5420855237749,-3.317761057124301,0.5816834209509943,-2.147927713701712,1.4187865876378758,3,1,3.2,-23.04636488401924,-0.18790668141635236,189,Outside Field,Locked Out,Out
Montana Grizzlies,109.1210330229028,104.90062131518309,71.20530303030303,103.25399909587208,106.53230663633997,72.85625,105.41894919083582,111.39194143534722,115.732898341594,113.95301159494291,97.1393155919989,107.50498800392998,70.42678571428571,71.59411764705882,73.35,108.64605433894879,105.69919764878435,71.93974431818181,1514.463177005512,2.946856690164438,0.5785270802204832,2.236357807181251,-2.0850831643982883,2,1,1.4,-7.498719248187598,0.28893529698209275,169,Outside Field,Locked Out,Out
Bethune-Cookman Wildcats,104.81274078571137,106.56043226104286,71.9109375,108.24697293435463,107.60785498823805,71.705,100.56698374271281,114.48837374642244,94.80996218776204,113.9786970004036,94.9367576286162,104.67098414377624,72.80416666666666,72.35454545454546,64.925,104.1708820331798,106.53887072525166,70.8115625,1514.4429977305792,-2.3679886920718616,0.5777199092231694,-1.484276111683352,-1.9753233995008281,0,2,-4.4,2.3868094214480777,-2.27354881862503,278,Outside Field,Locked Out,Out
San Francisco Dons,110.93245140394626,108.34910442601591,67.425,108.03388056677086,110.34404272169971,67.45,104.50798888679606,114.80341626967076,112.38805971012299,106.70980637357428,109.2300789769934,109.0052187195523,68.95681818181818,67.4625,64.51666666666667,110.42614994057891,108.94625614396732,66.99499999999999,1514.3909848600338,1.4798937966115915,0.5756393944013507,1.208617475948519,-0.09273226647574585,0,1,-2.2,-4.893509132859194,-0.2946535530733859,198,Outside Field,Locked Out,Out
Drexel Dragons,103.57688298279714,102.31464205427778,65.6719696969697,100.5833295799987,102.36626196887013,64.28,102.81026572173495,105.65700938393978,96.06042272832663,106.90314124427047,96.48190725876375,112.0095647437201,64.93392857142858,66.2875,65.83333333333333,101.70102559392694,103.78178543634222,65.34818181818181,1513.2758281993476,-2.080759842415276,0.5310331279739057,-1.2972219512985212,0.0409318274474586,0,1,-2.2,-3.045173317390791,-1.1297330731055546,233,Outside Field,Locked Out,Out
Washington Huskies,111.72625696187355,107.45822928992092,69.0078125,112.69650495574601,109.43897276158307,72.065,110.27588708522661,114.03603106260014,105.69239789013513,113.07739615205732,103.7715773209793,102.77065005501855,66.63653846153846,70.0453125,73.75,111.0637400995809,107.25027827260111,70.48343750000001,1512.7272556679866,3.8134618269797897,0.5090902267194634,2.8221503469016915,2.0523576466692672,2,3,-3.0000000000000004,-1.0104954777896893,0.9228584328885086,141,Outside Field,Locked Out,Out
Southern Illinois Salukis,103.41920454501452,98.21857207643279,70.56796875,101.72555633898897,93.03452665819047,66.11,100.0660875404527,106.53231215291558,105.6569540642853,101.7381590468729,93.59342812346874,102.20464233806445,71.33833333333334,70.34107142857142,67.77499999999999,103.33145492139874,97.52047126111697,69.03453124999999,1512.544490741567,5.810983660281778,0.5017796296626784,4.218222451096048,-0.19808957550583556,4,1,5.0,3.490397212216763,2.91572086771298,86,Outside Field,Locked Out,Out
Western Carolina Catamounts,113.03231658394624,111.11196109988775,69.86693548387096,118.94840827975095,104.98075185929193,65.545,103.73660235927423,125.26417864567104,107.89092698011103,118.81046746612748,102.18415694327597,107.55463718794664,71.646875,68.16538461538462,66.6875,113.74013106732212,109.04556020294763,68.30953629032257,1512.1028035635015,4.694570864374498,0.4841121425400615,3.4314332478241667,-2.1264371017326056,0,1,-2.2,12.047300936400532,0.37058712508426733,165,Outside Field,Locked Out,Out
Columbia Lions,111.87061390225549,105.78539207316216,68.29107142857143,107.64396274020275,104.72027070150038,64.185,112.0099416697117,111.73128613479928,111.87061390225549,111.56399758444823,100.00678656187608,105.78539207316216,69.61964285714285,66.9625,68.29107142857143,110.81395111174231,105.5191117302467,67.26455357142856,1511.5219159107248,5.294839381495606,0.4608766364289931,3.844650557975622,-1.5112220758496127,1,0,1.8,-3.161529790390958,1.3112482195633026,129,Outside Field,Locked Out,Out
Colgate Raiders,112.36540060219531,108.73146779271318,68.0719696969697,114.96230306740196,115.77611747030998,69.405,106.55163391225386,117.2834928274503,120.42105923069312,113.55756412642133,106.42899455096052,93.73716247444877,68.8734375,68.3,62.73333333333334,114.22297501277164,108.24348441437272,67.60443181818182,1511.4491533600603,5.979490598398925,0.45796613440241346,4.323033259199971,-1.2186488191494615,1,1,-0.40000000000000013,-4.447747212390155,0.9755584894849796,138,Outside Field,Locked Out,Out
Purdue Fort Wayne Mastodons,110.14752398272198,110.87551502617076,70.44140625,107.96801941581484,113.55960811981178,69.35499999999999,105.14551710195369,115.8164651142594,110.14752398272198,117.04690620749778,103.88127168733347,110.87551502617076,68.90441176470588,72.18333333333334,70.44140625,109.6026478409952,111.54653829958102,70.16980468749999,1511.1748207790242,-1.9438904585858126,0.4469928311609692,-1.226625471661778,-4.110193516936265,0,3,-6.6000000000000005,-4.863597660548166,-3.6724350531881544,331,Outside Field,Locked Out,Out
Baylor Bears,117.28293663983246,110.68846892709638,70.121875,124.52249218021947,123.57097968058324,66.265,104.41658786498256,125.31674248099067,115.70069432959436,111.85849092047799,107.55624540123746,118.99798492825349,67.5875,71.75147058823529,69.65,118.85548917839348,115.15552401564165,69.086875,1510.7562240895695,3.6999651627518375,0.4302489635827806,2.7190503030011204,2.154979981689915,1,0,1.8,-5.642955213099839,2.026745271709258,110,Outside Field,Locked Out,Out
Iona Gaels,106.35895573501703,104.86752056798625,69.690625,106.31215502582106,100.74496296341205,73.005,104.23109742550551,108.02716556915652,107.96772539881911,108.07206207364642,97.7914841695471,118.41775269271261,69.80714285714286,68.1625,74.63125,106.58857100728835,105.86941598555164,71.2603125,1509.2546561976878,0.7191550217367109,0.3701862479075135,0.6144643895879517,-1.5481429376259184,2,2,-0.8000000000000003,4.07575689537822,-0.3648628383809309,201,Outside Field,Locked Out,Out
Boston University Terriers,115.12066045122779,113.34833104334545,65.54411764705883,113.47025532444272,112.72036511207541,62.46,109.0497628073718,122.24345772499221,117.55485893416929,115.1458646777029,111.0724927853822,115.13029949436016,65.94166666666666,65.18333333333334,63.8,115.07318894197276,113.45863482818014,64.5114705882353,1508.6552880980405,1.6145541137926216,0.34621152392162,1.234051336831321,-1.6883859839637736,1,3,-4.800000000000001,-1.0224391955150338,-1.3732427555269495,243,Outside Field,Locked Out,Out
Rhode Island Rams,104.58820787190088,102.56923388269692,66.98064516129033,87.22207685862,98.25368458262975,66.285,98.76661998605837,107.05047532572797,110.74850474265934,106.84873207981863,98.01260257491144,109.02713907175412,66.875,67.5109375,65.15,101.17071964919441,102.4590323360387,66.53213709677419,1507.019387782481,-1.288312686844293,0.2807755112992436,-0.8175862274012319,2.2094494379052145,3,3,-1.2000000000000002,-13.050581713213703,-0.27723646230944077,196,Outside Field,Locked Out,Out
Stony Brook Seawolves,105.03201360855694,105.6297898642159,67.97421875,102.60698120779193,114.55507093673764,68.325,99.65304046232583,110.15653690815907,101.01010631101367,108.87082705466811,100.79049886527758,117.39484736659404,66.10961538461538,69.440625,68.23333333333333,103.8224694137342,109.62586875770305,68.10078125,1506.8093860572312,-5.803399343968849,0.27237544228924887,-3.980666908091419,-0.7687026211024443,1,0,1.8,-11.350313473286747,-1.6084558203058577,253,Outside Field,Locked Out,Out
Buffalo Bulls,116.26350975469916,111.56051188117058,67.53306451612903,113.59936569825842,120.64148964529636,68.985,115.3148820871762,116.86508342551932,118.39210089620872,110.30087286984372,112.79545278176276,111.11592820601751,68.90714285714286,66.74833333333333,63.8,115.9167624118154,113.76406877092907,67.33608870967741,1506.541587738528,2.1526936408863264,0.26166350954112205,1.585384601482765,-0.8698098451323052,2,2,-0.8000000000000003,-11.74512182056651,-0.2543999056039314,195,Outside Field,Locked Out,Out
Campbell Fighting Camels,111.06275349465625,110.30545809310556,70.8875,118.10628693516578,110.01684237567424,67.815,102.84350996258081,120.27815302867828,111.68582925388083,119.72989111363927,101.07835838175095,104.90257500071172,69.9234375,72.06071428571428,70.6375,112.9170982186673,109.42287169988865,70.081875,1506.3549302664946,3.4942265187786603,0.2541972106597859,2.522217726342998,-1.6021298489986233,1,1,-0.40000000000000013,7.332149157940847,0.5295042140384245,160,Outside Field,Locked Out,Out
Creighton Bluejays,109.99077441286745,109.37271435744074,68.69193548387096,104.41808055979263,105.42306181193149,70.35,102.05551311391177,117.33394104564532,102.56826423387504,106.41255493230751,111.16087388262555,111.6765012569881,69.31666666666666,68.29375,68.31666666666666,107.48422442274989,108.73086925599553,69.05016129032258,1505.9336269508435,-1.2466448332456395,0.23734507803374072,-0.8014478598618253,2.9711124271086566,1,0,1.8,-1.6230413075655719,1.102645624527793,134,Outside Field,Locked Out,Out
Northwestern Wildcats,111.82157203892551,108.95843526404711,65.51060606060605,116.56393775760439,107.53283684008636,59.295,103.35300883211154,117.18856139723255,112.2046472756723,114.8115625032069,105.76039063486415,106.9549070771177,64.675,66.0985294117647,65.35,113.06462475410724,108.30150643001751,63.93261363636363,1505.2373779934644,4.7631183240897315,0.20949511973857626,3.3970313627843844,3.099592301339964,1,0,1.8,6.167964142639633,2.9440081855576876,84,Outside Field,Locked Out,Needs Work
Omaha Mavericks,110.30254351696738,110.88861901604082,68.9310606060606,99.17020351313101,106.80722137488097,66.85499999999999,103.01320761979721,120.83844134498483,100.76191073329446,113.20299004526866,107.71790209744394,113.30723687152552,68.99499999999999,68.6375,69.71875,106.08836359845735,110.23106228407354,68.53019886363636,1504.9614528800546,-4.142698685616196,0.19845811520218376,-2.840351645370682,-2.7208562272094663,1,2,-2.6000000000000005,-7.050942362676508,-2.843038667096187,301,Outside Field,Locked Out,Out
New Mexico State Aggies,109.50238707284902,105.30455661756285,68.7515625,104.5847529213552,105.0678089723912,69.89500000000001,111.62501631167679,112.49230466198361,98.13610616216162,115.58482021092071,101.28107500887614,96.51611071812358,68.86590909090908,68.73666666666666,68.57916666666667,106.56803639837244,103.92710282135405,69.0115625,1503.2245192501284,2.6409335770183873,0.12898077000513694,1.8873477349144119,-1.4480989413816303,2,2,-0.8000000000000003,-4.680886506322167,-0.12166687061319284,185,Outside Field,Locked Out,Out
Florida A&M Rattlers,100.021437047177,105.26817622554239,70.55749999999999,108.23532543867614,93.46280420323383,69.25,95.32683614689822,107.4028680349712,93.28965832264207,110.47022198075666,101.90999697458881,83.8008856895496,71.2828125,69.72708333333334,69.73750000000001,101.06514233637154,99.09673963956632,70.107625,1502.843773338323,1.9684026968052137,0.1137509335329196,1.4120071678235255,-2.5038778470782295,0,4,-8.8,20.0192604138077,-1.986412412165007,267,Outside Field,Locked Out,Out
Providence Friars,115.76554720981368,112.82396608152578,74.07421875,113.95423724249683,111.73935821954512,70.075,113.04970607507238,118.9784570146989,111.45908633061181,117.644052393863,109.01870419335945,114.39661423651621,74.27272727272727,72.9265625,77.31,114.66675058610419,112.78871133927919,73.55978125,1502.4906402441045,1.8780392468249971,0.0996256097641799,1.3445151557067518,1.7055648760283693,1,0,1.8,-0.7267021053361873,1.5110590369125378,125,Outside Field,Locked Out,Out
Massachusetts Minutemen,110.02112825222721,106.55614836270513,73.11129032258064,108.7615422353086,113.33831787242973,71.09,107.46674600205942,111.88039034115448,109.18025406799556,114.2398170123229,101.15143815963187,108.483883713304,72.58250000000001,73.978125,71.39500000000001,109.58010062036281,108.5408510427261,72.34852419354839,1501.817568799473,1.0392495776367099,0.0727027519789226,0.7492855299393736,-0.4190146079949914,0,1,-2.2,-8.041755526643215,-0.6716317191889707,219,Outside Field,Locked Out,Out
Ohio Bobcats,109.44378205291216,110.58172714776543,71.19677419354838,111.94245545857534,116.1401353742887,71.14500000000001,105.74366233360966,114.25308666454985,98.59463633472114,117.03041799559907,105.68690753872042,110.89266833800434,70.93541666666667,71.1546875,72.46666666666667,108.4410785465993,112.01797038293209,71.37431451612903,1501.706445598118,-3.5768918363327913,0.0682578239247232,-2.4833469382555364,-0.5123013104527896,0,0,0.0,-3.0597348208600863,-1.1862975653110395,235,Outside Field,Locked Out,Out
Oakland Golden Grizzlies,115.16582718656498,114.97874405721329,71.59140625,117.06224530839697,115.29339427074092,69.635,110.92018210850422,121.57026200442614,109.62498403398392,117.46864415846544,113.05621775384309,106.31101416847653,70.83235294117648,72.87692307692308,69.6875,114.80880524413583,113.75724712728469,70.81671875,1500.9207016029363,1.0515581168511403,0.036828064117453325,0.7471391010310342,1.1278442184035864,0,2,-4.4,1.5817679083043572,-0.4455191625495613,207,Outside Field,Locked Out,Out
DePaul Blue Demons,103.29507681448956,102.82890831762937,67.6625,93.77847986164403,100.41174857749236,65.765,100.82691922984901,105.97158656483117,96.28592945612196,107.42925728705846,99.38126832619712,106.6468020449829,66.2840909090909,69.17638888888888,63.63333333333333,99.86455547252304,102.79730244169814,66.58375,1500.5867279346398,-2.932746969175099,0.02346911738559356,-2.0458821432068914,0.9244741011631781,1,0,1.8,-7.099437212708523,-0.20256079698322227,192,Outside Field,Locked Out,Out
Missouri State Bears,110.40301472213105,108.11598232901028,68.19772727272728,116.79715718326788,113.44948301853026,65.545,105.42322308491576,113.05960607026685,118.86233823080792,112.47734310054219,104.93832205836719,108.36607974984057,67.04615384615384,69.5013888888889,63.95,113.27044886371678,109.48687211451481,66.89738636363637,1500.4818213130698,3.78357674920197,0.019272852522790346,2.654285580198216,-0.18935907876128727,1,1,-0.40000000000000013,1.060641771616858,0.8551377581492072,145,Outside Field,Locked Out,Out
Alabama A&M Bulldogs,106.29425889448625,106.91425380587619,67.99112903225806,115.72636740017376,115.62754137392281,67.21000000000001,100.11041491576107,111.07809999356994,102.73467342462602,114.92152542883252,100.88449019629812,110.12361474955158,67.28750000000001,68.52941176470588,67.6375,108.11834820042908,109.57397983943913,67.74280241935483,1499.6921442523742,-1.4556316390100505,-0.012314229905032335,-1.0226364162785448,-4.24493208582233,1,2,-2.6000000000000005,0.718820937640885,-2.436648211332465,286,Outside Field,Locked Out,Out
Butler Bulldogs,111.35839159208372,109.42306113011199,71.03984375,104.88955775040904,111.9007525826427,71.30499999999999,108.1005584472477,113.99885623518013,109.09545800722306,117.5790721764909,105.15045793075808,105.1525943498241,70.7090909090909,71.76029411764705,68.8875,109.40174309393595,109.40191397620147,70.78328124999999,1499.213068312298,-0.00017088226552175456,-0.03147726750808033,-0.009562797838289328,1.6381117568586625,2,0,3.6,-8.946525294205387,1.2043907258324345,131,Outside Field,Locked Out,Out
Radford Highlanders,111.35668990734604,107.20913340796945,73.37265625,106.99697922110465,105.61404900613013,72.025,102.06304314000778,120.56057004086169,96.37595622011042,109.91929187213755,103.89031173479017,115.17515569931284,75.84583333333333,70.85000000000001,77.77499999999999,108.01965218270034,108.00526565121113,73.69609375,1498.8894600099018,0.01438653148920821,-0.04442159960392928,-0.0032559078387330367,-4.040814713845012,0,1,-2.2,-2.7646262844020697,-1.9899389297351002,268,Outside Field,Locked Out,Out
Weber State Wildcats,113.61813194693484,108.8735314012797,71.49375,114.14821787650655,113.45916250139676,69.53,106.80527155658928,119.9917684954462,113.8328530259366,115.47600036715185,101.91255488259696,121.21212121212122,70.50833333333334,72.5484375,69.4,113.78286159117803,111.8707276479352,70.68875,1498.7809622724656,1.9121339432428357,-0.04876150910137767,1.3238653075395717,-2.9827938599724693,2,2,-0.8000000000000003,-4.055545170545344,-0.8207239893039591,225,Outside Field,Locked Out,Out
Minnesota Golden Gophers,110.30965710866826,107.44429041685424,63.29453125,108.32353454375861,121.63848338603995,59.225,102.14614962438996,116.38857362222313,106.92390750782538,116.45608395184307,99.32049699542684,117.18798023670152,63.28636363636363,63.5264705882353,62.33125,109.30526402731442,112.45439213212775,62.13265625,1498.7019314620186,-3.149128104813329,-0.051922741519256306,-2.219966495825107,2.017660405043854,3,2,1.0,-16.180315534095357,-0.3876827739554593,204,Outside Field,Locked Out,Out
Mount St. Mary's Mountaineers,100.19117459820625,103.16591385297022,68.0203125,103.72141451199452,91.70980877463015,65.46000000000001,98.58416367351543,102.76100538940202,95.7095709570957,105.95030583048468,99.17960188374192,104.8689138576779,68.95555555555556,67.29615384615384,60.6,100.40149403048673,100.55733758409134,66.2671875,1498.2494243789365,-0.15584355360461188,-0.0700230248425396,-0.13009739497599018,-2.954329710481267,1,3,-4.800000000000001,14.986344992128352,-1.8223463621420342,257,Outside Field,Locked Out,Out
Eastern Washington Eagles,111.59434695071295,114.03908842595851,70.04166666666667,118.9851004163011,111.35486538940015,68.2,109.9130394241144,116.94962022409378,100.26109901678097,120.1990172752457,104.75890585922582,114.20024559716616,71.1875,67.90416666666667,71.71666666666665,111.7420481270202,113.39220624250007,69.8325,1497.1663427498684,-1.6501581154798686,-0.11334629000526547,-1.1891145678374877,0.42981604281541297,1,2,-2.6000000000000005,10.074976502146512,-0.6760908874573909,220,Outside Field,Locked Out,Out
UNC Asheville Bulldogs,107.27586754518707,106.75827940373391,68.3515625,110.56117830144692,112.44713360399899,69.33,105.75722551046611,107.8395789909601,110.09753623638127,112.87103337036436,101.5077604215744,106.58127519528307,67.65192307692308,68.705,69.3,108.52044553793117,108.15394232253254,68.73843749999999,1496.5928874284225,0.3665032153986232,-0.13628450286309998,0.2156668999201062,-0.6159223868812803,0,0,0.0,-2.403543444005237,-0.19592120761264786,191,Outside Field,Locked Out,Out
Charlotte 49ers,111.94047852631151,112.91018291901615,65.5,108.83901305327572,113.30048084311447,65.96000000000001,107.20035309853523,116.45486354837318,102.00895840544496,113.70772678439243,112.13742823693029,114.69333452448831,65.26666666666667,65.58676470588235,66.1625,109.67538413992258,113.27523014086155,65.714375,1496.3265649343691,-3.5998460009389674,-0.14693740262523533,-2.5639734214448477,0.9971223470149755,1,1,-0.40000000000000013,-3.4917633971341075,-0.8367478845565548,226,Outside Field,Locked Out,Out
South Dakota Coyotes,109.69912316621537,111.28346925540994,72.559375,102.74861074754514,110.02817889224487,69.67999999999999,102.21312870799248,115.8382479091522,106.175526829701,121.30399605911094,104.437509701036,104.3407012435318,72.45961538461539,73.32941176470588,66.6625,107.43295561107067,109.92823146283695,70.955,1496.312771160143,-2.49527585176628,-0.14748915359427883,-1.7909398423146796,-4.4066182973398735,0,0,0.0,-5.695222055505155,-2.2938589063760313,280,Outside Field,Locked Out,Out
Denver Pioneers,119.11622927152062,119.27328381972642,69.6375,117.15250052915584,122.15542220032145,67.46000000000001,111.76315080496423,129.3240938421262,101.2084592145015,122.02256199124713,115.9759230522239,118.69860564890955,69.91470588235293,69.54642857142856,66.2,115.93913157737657,119.90761668925263,68.5775,1495.1265463675518,-3.9684851118760633,-0.19493814529792872,-2.836421021902623,-1.812368702750732,4,1,5.0,-4.845867122959817,-0.502429939086642,211,Outside Field,Locked Out,Out
Mercyhurst Lakers,105.26942590782711,102.06402996287929,65.66617647058824,102.94768241115464,100.1455658193103,67.8,98.72770952178973,113.55559999680777,105.26942590782711,107.69240819495016,94.93475086892285,102.06402996287929,64.54078947368421,67.09166666666667,65.66617647058824,104.688990033659,101.58441392698704,66.19963235294117,1494.9234567837696,3.1045761066719564,-0.2030617286492179,2.1122847560756037,-4.262554726802257,1,4,-7.000000000000001,-0.4032793531034855,-2.452611422305726,288,Outside Field,Locked Out,Out
Xavier Musketeers,109.43806267055804,111.39905945782485,71.86484375,115.82779886696596,123.86165986220571,70.675,104.57553384694648,111.71380374307368,113.61288858870654,118.66958472361897,107.89062835641185,105.79105342505767,71.68409090909091,72.01944444444445,71.60000000000001,111.66172060738229,113.67350865400499,71.52765624999999,1494.2011654833846,-2.011788046622698,-0.23195338066461774,-1.4778376468352739,2.818120628161597,0,0,0.0,-6.072864207972941,0.19511474858652517,174,Outside Field,Locked Out,Out
Georgetown Hoyas,108.61770461884994,107.58108713729699,67.91015625,102.12992937191441,107.97230823313063,67.345,104.1010754825816,113.43120782075518,99.4077030197936,106.46192401802456,108.93212229480574,104.40187372183709,66.14375,69.54264705882352,65.72500000000001,105.61426056725762,107.20201039893641,67.44109375,1494.1210279181323,-1.5877498316787921,-0.23515888327470746,-1.1819725471575666,2.17247455444262,2,0,3.6,-6.87899634276917,1.0041600995051347,135,Outside Field,Locked Out,Out
Longwood Lancers,108.31901341483653,103.10125694354765,71.63671875,110.04052703087157,104.57585878293378,77.07000000000001,101.91178082997105,115.69721955740322,101.32840143137533,109.96905245858275,96.78612299599384,102.62721427781965,71.59464285714286,72.225,68.89166666666667,107.7008000213261,103.39880100353497,72.58328125,1493.5721194470111,4.3019990177911325,-0.25711522211955523,2.934264745817926,-4.882570975013704,0,1,-2.2,0.24691177664891484,-1.0836160362437965,231,Outside Field,Locked Out,Out
St. Bonaventure Bonnies,113.13933353225438,110.19592692356922,68.2875,114.97104784640104,112.1741217610419,68.53999999999999,112.65591398818782,115.19452114187378,107.6262561784188,114.76248440637856,109.01944409249064,103.91424552084007,66.70454545454545,68.14375,72.22999999999999,112.77030050771569,109.74822342252801,68.942,1491.2446868486318,3.022077085187675,-0.3502125260547291,2.0103902018149533,0.4333722394357444,1,1,-0.40000000000000013,-0.14648052332603356,0.781705251947485,151,Outside Field,Locked Out,Out
New Orleans Privateers,106.23900543399832,111.15699245889623,70.2780303030303,104.69661989950939,106.39011555714754,67.245,103.78275813954762,110.96462260608246,104.81058393204236,109.94065221075668,114.47350131693294,105.07959622108962,70.4475,71.10454545454546,64.0375,105.6391458250827,109.05366379778806,68.58369318181818,1491.1697724757084,-3.4145179727053687,-0.35320910097166236,-2.496125311185257,0.09693568186275357,3,6,-7.800000000000001,3.224491367259759,-2.832497557859228,300,Outside Field,Locked Out,Out
Southern Jaguars,108.22518396537409,106.5073787639324,73.71532258064516,109.44806644725358,106.0189201188472,72.33,102.49946086759806,117.29091220351945,108.22518396537409,113.44340848206842,95.525331710217,106.5073787639324,73.26973684210526,74.42083333333333,73.71532258064516,108.53090458584397,106.3852641026611,73.36899193548388,1490.6158573091843,2.1456404831828735,-0.37536570763262717,1.3893386259382232,-5.067980729871834,0,2,-4.4,1.7113411269646832,-2.2497497601463174,275,Outside Field,Locked Out,Out
Rutgers Scarlet Knights,105.13221277865428,112.20066791348263,67.1921875,106.70363805446532,105.18470763643809,68.995,102.3662807725888,107.16277698838428,104.10862790398184,122.92865530865578,106.29564666045769,107.7950429021126,67.89318181818182,67.3529411764706,64.58125,105.37153136640617,109.78583409251598,67.25125,1490.3648124897834,-4.41430272610981,-0.3854075004086644,-3.205634158399466,2.1299396204412493,0,0,0.0,8.58738555285558,-0.23749486273201192,194,Outside Field,Locked Out,Out
Florida International Panthers,109.61746638167823,105.94517137007837,73.4265625,108.71720272405398,112.33284195061233,70.33500000000001,105.13284513742919,112.86950017398017,109.38093429548044,116.46894611936774,97.7655503211252,116.36927851047322,73.54423076923078,73.76388888888889,65.825,109.35692065434249,109.10570508627109,71.5134375,1490.1076403557654,0.25121556807140166,-0.3956943857693841,0.057142581919165936,-1.410209030238283,1,2,-2.6000000000000005,-7.287934238158215,-1.341527375763301,242,Outside Field,Locked Out,Out
Prairie View A&M Panthers,105.7984402000745,103.04645827658624,74.78257575757576,105.9081628441921,89.24990567734943,68.49,103.73877439872676,108.89554749328701,103.97150470252468,113.77587057862543,90.65140516672085,100.41273167549204,74.7828125,76.42884615384615,69.43125,105.55183053647141,99.2022611366129,72.40673295454545,1489.7374966244693,6.34956939985851,-0.4105001350212297,4.321548539394588,-7.846148853917986,0,3,-6.6000000000000005,13.906275243354415,-2.2796527671967586,279,Outside Field,Locked Out,Out
Syracuse Orange,108.56454781317906,107.67092221177704,69.15703125,103.70005325402587,119.41804391841261,67.03,104.80697383144927,112.58579136079867,100.85170420886206,120.24742463641206,100.41471177436323,111.15557542212377,69.18055555555556,69.17916666666666,69.035,106.19149763274321,111.13040061998794,68.60696875000001,1489.3929473154635,-4.938902987244731,-0.42428210738145933,-3.5845167232857493,3.7910900928583193,2,1,1.4,-16.611616265788754,-0.2228320077796856,193,Outside Field,Locked Out,Out
Temple Owls,112.11649460965035,107.8016907448506,65.1859375,112.00125066702424,110.4181850595792,61.675,106.42051943807277,117.9999130573128,105.8207009546012,109.86219408689334,103.07233968446825,118.40250678558013,63.60681818181818,66.940625,63.045,111.14331457573644,110.04593672964216,63.98706249999999,1488.7329397817057,1.0973778460942754,-0.45068240873177273,0.6329597696464608,-1.8016286037137648,2,2,-0.8000000000000003,-2.7317382573547064,-0.6517051757546587,218,Outside Field,Locked Out,Out
Morgan State Bears,104.35402048905843,110.04771851289651,71.85,104.07820411635646,107.25126958321312,72.72999999999999,94.64719027514727,114.15672641505442,93.20905459387484,117.43267025215856,103.84709318468644,99.66777408637874,71.95892857142857,71.53166666666667,75.1,102.61332151160539,107.791614616498,72.55749999999999,1486.9511348957765,-5.178293104892603,-0.5219546041689409,-3.7813915546755044,-6.562534755768913,1,4,-7.000000000000001,2.5206325569814254,-5.323664590967372,369,Outside Field,Locked Out,Out
UNC Greensboro Spartans,112.75822919975819,115.50756413402559,69.74338235294118,114.16161848030094,112.3813084370934,69.745,107.13770304271699,120.14739306849754,108.4180214682132,122.73444404846038,111.29187560737144,110.51759277481214,71.02499999999999,69.7,67.45,112.45804536016213,113.9775045059105,69.39977941176471,1486.8965378320092,-1.519459145748371,-0.5241384867196303,-1.2208629480397488,-3.0872595535199694,0,2,-4.4,4.529644977474945,-2.4858576202973026,289,Outside Field,Locked Out,Out
Florida Gulf Coast Eagles,110.80023874548121,108.82664358316275,69.84705882352942,104.72677812126389,100.18659735541067,65.67,104.1734741374263,116.63408808152428,108.66666067882666,114.48290034071884,106.9546349398659,93.03882769324969,68.38392857142857,71.98235294117647,64.575,108.96183687942869,104.29845964273777,68.01198529411765,1485.461486505125,4.66337723669092,-0.5815405397949962,3.089901903745145,-2.2225245391795068,1,2,-2.6000000000000005,2.5665856035347616,-0.184497395282469,188,Outside Field,Locked Out,Out
Jacksonville State Gamecocks,107.88574671690377,102.51655183692341,67.221875,107.75539688151801,105.47720268957316,67.03,105.02311765760926,112.97437877876456,83.23946307650144,108.41474905472673,98.4226396844634,98.97652321711197,69.05192307692309,66.23529411764706,63.7125,104.15621671199699,102.72571025711413,66.6475,1485.0275031463548,1.4305064548828597,-0.598899874145809,0.821684556174259,-2.739565786148322,0,4,-8.8,-3.091000688035507,-2.982693630368937,308,Outside Field,Locked Out,Out
NJIT Highlanders,98.54031968715555,106.92256824539128,68.11590909090908,87.60737544767055,106.16050598741758,64.525,95.16459916453289,103.12165468214346,98.54031968715555,110.57153657382594,101.97039694251566,106.92256824539128,68.20526315789475,67.99464285714285,68.11590909090908,95.80708362728429,106.73205268089785,67.21818181818182,1484.642278580463,-10.924969053613566,-0.6143088567814812,-7.83177099456394,-0.6700336091485711,0,1,-2.2,-10.1708819815113,-4.0227572274145045,341,Outside Field,Locked Out,Out
Wagner Seahawks,105.61152266403853,106.19510413590446,67.48387096774194,104.23672670857268,94.58329620768687,64.465,105.12063925176982,106.29120738871828,105.61152266403853,112.3333053936957,97.69605624050124,106.19510413590446,66.82222222222222,68.4,67.48387096774194,105.26782367517207,103.29215215385005,66.72915322580646,1484.06001277756,1.9756715213220133,-0.6375994888976038,1.1916902182561282,-3.283234797377071,0,3,-6.6000000000000005,10.23701197275173,-2.052581196065651,270,Outside Field,Locked Out,Out
Norfolk State Spartans,108.21157701802882,104.87515819992073,69.95403225806452,116.01286329214174,111.32860673348736,68.22999999999999,98.42697116783559,120.9143723431608,102.08915986008952,109.36447907011197,97.85131909968956,112.86518994996614,67.47166666666666,72.36346153846154,71.925,109.24353601286614,107.6870250958192,69.8186693548387,1483.6388161780128,1.5565109170469498,-0.6544473528794879,0.8932234360690184,-5.883636736197315,0,2,-4.4,1.3478377405462965,-2.71679487637213,296,Outside Field,Locked Out,Out
Cal Poly Mustangs,106.82518820767666,111.41378202006872,76.6651515151515,109.53415131822052,110.77212933782126,76.64500000000001,103.67511067337274,112.82164059239925,91.62568055620186,114.77575698003083,108.41645317950427,103.81829674434177,77.66470588235293,76.03392857142856,72.5875,105.2225028375914,110.1140460581478,76.04846590909091,1483.146240363586,-4.8915432205564,-0.6741503854565599,-3.626325370026448,0.8319055305415061,3,1,3.2,3.3506157927913307,-0.14986937757211405,187,Outside Field,Locked Out,Out
Youngstown State Penguins,111.60722431411362,107.32710617634321,68.85241935483872,102.81263584959189,109.5885738628609,67.91,109.28491213234088,116.73688545709733,93.11693767652318,114.90680906241833,101.5297774815285,91.06063539448293,68.73333333333333,68.90357142857142,69.38749999999999,106.63503420234461,105.4525024806936,68.69707661290323,1481.6542502893938,1.1825317216510172,-0.7338299884242496,0.607623208628437,-3.992745125087995,2,1,1.4,-11.056056151039428,-1.0639725650817913,230,Outside Field,Locked Out,Out
Charleston Southern Buccaneers,110.0135202245326,105.38209231813825,75.68515625,111.35763769175387,107.06182348261814,77.345,104.38977294681584,117.58649721694871,101.99265949935388,109.65947797573428,100.07031464739372,108.34545075258166,73.221875,78.24107142857143,77.5,109.1464204825611,106.24652887442473,76.37234375,1481.2190648556889,2.8998916081363717,-0.7512374057724446,1.8045529039637267,-3.792545660516971,0,0,0.0,-0.3356136972586228,-0.5941340204516872,216,Outside Field,Locked Out,Out
American University Eagles,110.07983501282496,106.25380020076717,67.6953125,115.15256992057463,107.75032661213973,62.845000000000006,107.41348311798858,112.43249844944529,110.07983501282496,117.9105510763009,95.96843178117857,106.25380020076717,66.90333333333334,68.39411764705882,67.6953125,111.34801873976238,106.62793180361031,66.482734375,1480.1354240814603,4.720086936152072,-0.7945830367415874,3.065685944283974,-2.3155687763565918,1,1,-0.40000000000000013,3.57620849637712,0.3765358676570801,164,Outside Field,Locked Out,Out
Portland Pilots,103.97475369083864,111.20257954690936,71.13823529411764,102.94380649492822,110.79193873719139,68.08500000000001,90.99883218100828,113.18310828954765,104.95361930784948,117.73792181377357,107.33397108466662,106.09441383062104,68.11923076923077,73.74722222222222,68.56666666666666,103.86384673441268,110.33369448703661,69.98919117647058,1480.06986457911,-6.469847752623934,-0.7972054168356044,-4.768055051887435,0.8697751235925725,1,3,-4.800000000000001,-0.6203063861924392,-2.763081108838508,298,Outside Field,Locked Out,Out
Presbyterian Blue Hose,107.10403278200212,106.67007306147116,67.39090909090909,108.36964064103458,109.77023748603445,69.975,100.46546159891884,112.98891341688547,115.04696946232394,111.66975647823105,103.25426471943608,95.94553376824881,65.3625,69.69107142857142,67.47500000000001,108.61187524880849,105.83643327362861,68.04954545454545,1479.8196730534407,2.7754419751798736,-0.8072130778623705,1.7006454592672002,-2.2655057926304707,0,2,-4.4,-1.834556565530832,-1.3183216092776555,240,Outside Field,Locked Out,Out
UMass Lowell River Hawks,107.92132514595568,110.24798825262897,69.41590909090908,101.52475240939954,113.85421336634973,67.10499999999999,98.37868867124011,120.87204607592678,107.92132514595568,114.70709806353818,104.19633922353789,110.24798825262897,69.39342105263158,69.44642857142857,69.41590909090908,106.32218196181664,111.14954453105915,68.83818181818181,1479.4610818503386,-4.82736256924251,-0.8215567259864565,-3.6256208162656938,-3.7642028967864634,0,3,-6.6000000000000005,-10.002797850276892,-4.615977772412523,351,Outside Field,Locked Out,Out
Pittsburgh Panthers,107.73920753072042,111.07896239684142,65.24469696969696,112.74202298566404,111.72965007562584,65.465,100.5240208903317,110.08251175700133,117.03610177352523,110.23148972806301,111.05069684309709,113.5367072278315,63.39545454545455,66.71944444444445,63.69375,110.38444553087704,111.61029604118605,65.06713068181818,1479.1417652577145,-1.2258505103090016,-0.8343293896914201,-1.108394174123727,2.7845308114436973,1,1,-0.40000000000000013,4.352127776159193,0.5262268204972674,161,Outside Field,Locked Out,Out
Loyola Marymount Lions,106.52818118383857,104.49078566090988,69.6703125,110.75919183856081,109.6328769344838,65.055,102.43336361918278,110.12912104810837,99.93687306862428,110.92997521270273,101.03903087122654,101.59095270910261,69.51136363636364,70.41111111111111,65.80833333333334,106.59723763023699,105.34133353653226,67.9371875,1476.9788150567297,1.2559040937047286,-0.9208473977308131,0.6028786462740661,-0.6152196045741658,1,1,-0.40000000000000013,-0.9110806188516847,-0.11614475994805791,184,Outside Field,Locked Out,Out
LSU Tigers,114.98636711951374,112.26800266895827,70.84453125,109.73196306334208,121.3035036843575,76.58,110.1782690158847,118.05400092357822,114.17260839295257,117.41642825617052,109.91283407549327,109.97872471231479,71.0125,71.11029411764706,69.60499999999999,113.55070229648666,114.18348622931155,72.09246875,1476.2636977692648,-0.6327839328248928,-0.9494520892294076,-0.7277843797462472,2.1818102247829994,0,1,-2.2,-14.289905071570885,-0.5588411830543334,215,Outside Field,Locked Out,Out
Sacred Heart Pioneers,108.92633745334074,111.69572807994048,68.78560606060607,103.88146850908261,109.20505196777906,66.505,105.88069399482693,113.59448768921479,105.99415204678361,115.26981129543798,106.17333409084657,115.42454006957348,69.68194444444444,68.18846153846154,64.6,107.22529240629262,111.63238085034507,67.58761363636364,1475.7616160852187,-4.407088444052448,-0.9695353565912501,-3.3758225178140884,-3.178936439038336,1,3,-4.800000000000001,-2.554192832096703,-3.6392996011776,327,Outside Field,Locked Out,Out
West Georgia Wolves,107.23569858386958,111.75694383289563,71.2890625,111.73383913055514,107.44773663544295,71.485,100.7546841065182,113.81414187382958,106.50498248930496,116.60647777047934,107.91070344501246,104.23224221014151,71.24666666666667,71.06166666666667,73.3125,108.25062630635627,109.55093679011934,71.6415625,1474.0035120817106,-1.3003104837630701,-1.039859516731576,-1.2221751936536218,-2.493627971082723,1,3,-4.800000000000001,8.80734774413824,-2.269801116886371,277,Outside Field,Locked Out,Out
Abilene Christian Wildcats,101.01126883347372,103.72017792915996,69.4109375,95.44760018260017,109.32492398509757,69.83500000000001,93.97984590139816,109.88409169044994,94.76187682796247,108.3313314119818,98.96224492560086,102.86809786499329,69.28,69.30892857142858,70.54166666666667,98.68294286992864,104.99355243351934,69.68656250000001,1473.8306625523994,-6.3106095635907025,-1.0467734979040233,-4.731458743884698,-1.3509111981187054,1,0,1.8,-11.168414706811163,-2.0844882789312598,271,Outside Field,Locked Out,Out
Rice Owls,108.42538424453976,109.72365952470982,68.31048387096774,104.0082335248716,109.6372072852314,67.075,102.60810428809259,111.88741651098212,118.5414458299075,115.44222372207619,105.68602057570264,104.85410383388563,67.0,69.0546875,70.875,108.83850580242787,108.97161311121657,68.38629032258063,1473.45725720493,-0.13310730878869492,-1.0617097118027958,-0.4116880296929252,-2.100394390007225,1,4,-7.000000000000001,-4.330698480189739,-2.8041355664064587,299,Outside Field,Locked Out,Out
Marquette Golden Eagles,106.1164424359096,106.77823294571074,70.84375,103.96511371491292,95.84715165331156,68.92,101.62675763331127,108.48682907578814,110.64299068699121,113.37008889954222,99.31272675770579,122.71534419574618,70.21041666666666,71.09705882352942,71.94166666666666,106.25759249332268,106.43602931011627,70.5275,1472.160977676778,-0.17843681679359236,-1.113560892928881,-0.45897403963417893,2.473521409911772,1,1,-0.40000000000000013,8.779752571402497,0.796568886971295,150,Outside Field,Locked Out,Out
Nicholls Colonels,105.14203679306284,109.2223381644727,68.82045454545454,97.22293397432384,98.54716414685501,64.78,103.61709508440197,108.2643193029288,100.89528796614563,112.23039495925836,105.05636124746326,105.64166011606548,68.79736842105264,69.675,63.9125,102.5252487643405,106.0164429528072,67.07414772727273,1472.016313601494,-3.491194188466693,-1.119347455940242,-2.7796401687087577,-1.3886757701345933,1,3,-4.800000000000001,2.7560711988786863,-2.667984898624751,294,Outside Field,Locked Out,Out
Memphis Tigers,104.36614100830809,106.75358236104444,72.0609375,108.7870259195735,119.66252332914814,74.17,102.57582859820786,106.27481448522893,101.94456957516468,117.42534232212417,97.21234834477853,111.39587061645047,71.89807692307691,72.9421875,68.06666666666666,105.10812652115293,110.67716084138127,71.98906249999999,1471.7725068873297,-5.56903432022834,-1.1290997245068137,-4.237053941511882,2.4303663426479454,1,4,-7.000000000000001,-8.488056056838303,-2.860501613427235,302,Outside Field,Locked Out,Out
New Haven Chargers,100.6790760705291,103.48642481165676,64.22016129032258,107.2221742111506,101.22142045438652,64.215,96.04617102804518,105.62084144917866,100.6790760705291,108.69331870165318,97.93240466232723,103.48642481165676,63.375,65.12166666666667,64.22016129032258,102.31485060568447,102.9201737223392,64.21887096774194,1471.3374021588363,-0.6053231166547306,-1.1465039136465476,-0.7676773557522756,-5.4187599530419766,1,6,-11.4,8.808102497891738,-4.782371008737924,353,Outside Field,Locked Out,Out
Richmond Spiders,111.14532915969801,107.94099579507953,68.98515625,109.27343016412935,114.12869502766473,67.39500000000001,109.76776807400746,112.98779411133862,105.14159676405298,115.12150228260597,103.18420268458277,110.15323067046315,67.27727272727272,70.42500000000001,66.60833333333333,109.77679455145909,109.81975583453337,68.23109375,1469.7822782921055,-0.042961283074276935,-1.2087088683157798,-0.39268555864672783,-0.718622743391398,2,2,-0.8000000000000003,-8.05959822815386,-0.8419827023757414,227,Outside Field,Locked Out,Out
Notre Dame Fighting Irish,109.49724783752009,111.01756556866246,67.84435483870968,106.87283605492856,124.28809081663007,69.05,102.36458496502432,116.0003609518171,98.79937072232144,112.63033813775513,110.59861269960005,107.47813240667615,68.05227272727274,68.66029411764706,62.458333333333336,107.23646332459239,113.80428190635642,67.33786290322581,1469.394620089169,-6.56781858176403,-1.2242151964332424,-4.964737566164794,3.1472732020459144,3,1,3.2,-15.894937030559149,-0.4661302124575902,209,Outside Field,Locked Out,Out
Le Moyne Dolphins,105.32380117818069,105.43883849678147,69.58203125,102.39911087728315,104.5974578056187,68.72999999999999,101.94193784135393,106.90461736595883,123.79433432065011,108.40069286238676,98.42037704547654,125.88307582261858,69.9735294117647,69.32884615384616,67.9,107.36320857432672,108.29512892286634,69.11671874999999,1469.3144390517436,-0.9319203485396201,-1.227422437930254,-1.0205709753568102,-2.893446885771717,1,1,-0.40000000000000013,-2.083309609734769,-1.510631241679251,246,Outside Field,Locked Out,Out
South Dakota State Jackrabbits,110.8591450770299,106.87429327687065,68.03828125,111.5784045152432,112.89680276362182,65.89500000000001,106.49900932121706,122.5351977944683,92.70978812796598,111.71431155349568,101.0559435227402,108.4499514630597,67.85535714285714,67.85961538461538,69.015,108.31655639422362,108.61626937648678,67.64896875,1469.0236369843342,-0.29971298226315923,-1.2390545206266323,-0.5815154437722012,-1.7773748977426478,0,1,-2.2,-5.303250048537876,-1.543303794036464,249,Outside Field,Locked Out,Out
Tennessee Tech Golden Eagles,105.22361983734898,107.18959629288473,69.53306451612903,102.36048658234662,100.79182532767547,66.135,101.0297150742034,110.3162184783115,105.22361983734898,113.17358267475777,99.92332711489607,107.18959629288473,69.35147058823529,69.75357142857142,69.53306451612903,104.50783652359839,105.59015355158242,68.68354838709678,1468.4916136894694,-1.0823170279840326,-1.2603354524212227,-1.1357225553151895,-3.1717920219737255,1,1,-0.40000000000000013,3.5346377102069084,-1.4771168990870802,244,Outside Field,Locked Out,Out
Ole Miss Rebels,109.22348569370268,109.51279317877314,68.97578125,111.77669389401497,109.85347814507156,72.62,105.64494459898756,111.64942891768263,108.71853892094805,114.63154150048516,107.8320460403383,105.46353834507933,68.0875,70.5078125,66.37083333333334,109.78604572786756,108.99057619529367,69.49609375,1467.944304944739,0.7954695325738896,-1.2822278022104365,0.17216033213859172,1.8570857539926704,1,2,-2.6000000000000005,2.212523234013858,0.05824643537674007,178,Outside Field,Locked Out,Out
Mississippi State Bulldogs,107.15925247265558,113.18754094300597,72.4546875,98.62830411266229,129.6455983398627,74.64,109.9397475946353,107.06745945611263,102.76987531347054,121.47991132555428,107.16666394802141,115.42259562538425,73.54249999999999,72.1984375,71.325,104.3681088087795,117.63731349457689,72.8315625,1467.688848988083,-13.26920468579739,-1.2924460404766795,-9.676177092201177,2.3164003249062173,2,0,3.6,-24.989005756850005,-2.666321567296292,293,Outside Field,Locked Out,Out
Ball State Cardinals,101.22354184265421,105.259911326576,66.54354838709678,109.7451576457594,97.37986775281037,68.905,94.85940593231696,105.20043423114372,121.11631445075712,107.8711571977411,99.58148144907834,125.42457643532128,65.92,66.77857142857142,69.57499999999999,106.33786168464596,106.31460019944637,67.58862903225807,1467.1180977718732,0.023261485199583376,-1.3152760891250728,-0.3782997870978135,-3.185301776035116,0,1,-2.2,16.401659376870825,-1.281546411754256,239,Outside Field,Locked Out,Out
Drake Bulldogs,109.47612411894832,109.35332366524558,68.51029411764705,104.57565335294346,111.29911419211321,64.78999999999999,103.50361346713804,113.1510013108876,110.0135749367726,112.93307356862184,107.99013362646268,106.65282061894068,69.75227272727273,68.41617647058824,66.5,108.33162405012074,109.43469584001676,67.27867647058822,1466.88139102762,-1.1030717898960205,-1.3247443588951955,-1.1695735605957729,-0.6339326208335415,1,0,1.8,-6.846261292872484,-0.3921319195326329,205,Outside Field,Locked Out,Out
Texas Southern Tigers,103.77932281530963,107.86247518741467,72.33448275862068,108.59094926095463,98.93648760730645,71.1,97.64768067105011,110.34893939844483,103.77932281530963,118.68484163953164,96.2670825601465,107.86247518741467,71.33833333333334,73.40178571428571,72.33448275862068,104.98222942672088,105.63097829238761,72.02586206896551,1466.163972614653,-0.6487488656667324,-1.353441095413882,-0.8601565345908773,-3.9456504803400496,0,2,-4.4,13.737614025753231,-2.364319182032889,283,Outside Field,Locked Out,Out
Elon Phoenix,113.10253375677172,112.0900544977857,68.94453125,96.75007642609677,115.03509954220904,64.77000000000001,109.64434195326186,117.63207209088338,92.50279746363297,110.01451445813758,114.45292189604548,105.4172767203514,68.58,69.40625,67.025,105.92445898013216,111.82539909227638,67.61296875,1465.3166963060469,-5.900940112144227,-1.3873321477581249,-4.5468577228283955,-1.7526674352850986,1,1,-0.40000000000000013,-19.29750237509829,-2.9665432197498913,306,Outside Field,Locked Out,Out
Oregon Ducks,105.35845731455906,111.63639156026792,66.98671875,104.52037642242612,110.31029416088509,66.065,97.14565281691934,109.99516282789173,106.01926756450743,114.12670230790225,106.58914170046752,123.81641958832066,66.6625,66.89411764705882,67.95,105.24805862901808,113.13187141463013,66.90078125,1463.93139313009,-7.883812785612051,-1.4427442747963959,-5.951492232367354,3.445763047993045,2,1,1.4,0.4880165072498954,-0.7136194046903144,222,Outside Field,Locked Out,Out
South Carolina Gamecocks,109.24318353399218,111.22227683396923,68.0359375,101.91357119787506,117.7386173254794,60.56,101.81355491043395,112.27476764452425,114.8085795791499,117.19380435977095,105.86796899538008,125.22780139236151,68.2675,69.48157894736842,58.10833333333333,108.24558985673656,114.95219064060561,64.6778125,1463.2699548987612,-6.70660078386905,-1.4692018040495531,-5.1353810899232,3.016643795807975,1,0,1.8,-13.845952827627286,-0.8771439514839054,228,Outside Field,Locked Out,Out
Fresno State Bulldogs,104.99445749717346,105.08752310629528,69.46328125,98.62303025400323,110.5262478038226,66.565,100.34221902254303,108.61527496838315,103.08544572550689,112.33128806349265,101.37910082487328,97.12685620556374,70.21875,69.21323529411765,67.85833333333333,103.11524892063092,105.25310424556737,68.49796875,1461.7844427028847,-2.137855324936453,-1.5286222918846124,-1.9550854150209007,0.44300385440510354,3,1,3.2,-11.810151940697551,-0.11599957880992551,183,Outside Field,Locked Out,Out
Tarleton State Texans,102.3817286699048,102.60065997885349,72.39296875,103.68050876012383,115.12515787885422,66.91499999999999,99.59524378970809,104.90384524870689,103.82513661202186,109.3080845999957,95.92740756364,108.76132930513596,71.69666666666667,72.9953125,73.2,102.9229348837771,106.65588485279605,71.14453125,1461.723137154093,-3.7329499690189465,-1.5310745138362836,-3.0723873324641477,-1.4689805090356254,1,0,1.8,-11.225717809781713,-1.5100329113356707,245,Outside Field,Locked Out,Out
Bellarmine Knights,119.21957337550432,122.51630797729534,67.1546875,128.00597165092307,129.71922732652547,66.26,112.77107005637261,125.320544204506,121.82606705147955,130.66474771792795,113.34593429160238,130.18081256524812,67.32166666666667,67.465,63.575,121.80714699575529,125.46671350279578,66.39406249999999,1461.6905594135048,-3.659566507040495,-1.5323776234598063,-3.021409841966288,-3.2334077483933688,1,6,-11.4,1.5834789261886186,-5.121019984713439,361,Outside Field,Locked Out,Out
Dartmouth Big Green,107.89400134250667,109.72498063766527,70.17777777777778,102.99876608601053,117.65873983030072,69.96000000000001,107.12783256995839,108.71910617448177,107.89400134250667,112.5366393449315,106.69704049137857,109.72498063766527,69.425,70.98846153846154,70.17777777777778,106.67019252838264,111.70842043582414,70.12333333333333,1459.3801633571293,-5.038227907441495,-1.6247934657148289,-4.014197574923495,-2.0526291393463434,0,1,-2.2,-12.828994449131585,-3.142565355720536,312,Outside Field,Locked Out,Out
Hampton Pirates,103.99284384677735,105.6642152525619,66.928125,108.0614385224093,115.73365878258478,68.84,94.79731390177766,115.18157088015177,103.07162631836111,112.1656819734046,96.82053105046884,108.18149464144837,66.36785714285715,67.76041666666667,66.57083333333333,104.87180988642291,108.55916804340059,67.35249999999999,1458.1564078654935,-3.6873581569776803,-1.6737436853802592,-3.083273815498454,-1.5682982027407484,0,1,-2.2,-6.000848854390924,-2.4311398500676,285,Outside Field,Locked Out,Out
Eastern Illinois Panthers,99.36407985892107,104.76641178291285,67.36742424242425,100.47979796850147,108.21881632742846,65.205,91.02399683840625,107.37810680949846,105.97954189370935,111.55219182860212,97.43846600981284,105.43976471564866,67.23125,67.71,65.88749999999999,100.63532869153441,105.73051585895212,66.60482954545454,1457.2905848289809,-5.095187167417706,-1.7083766068407658,-4.079143999244623,-3.894225948269685,1,4,-7.000000000000001,-2.336686434935203,-4.708335822887125,352,Outside Field,Locked Out,Out
Kansas State Wildcats,107.61653218918443,111.2086549158172,73.85625,100.82587953577037,113.66677428189269,75.13,101.95190710715627,108.9346157443506,120.47832282562392,115.99955240756098,107.34205269039025,116.84164413198509,73.52727272727272,73.71944444444445,75.88333333333333,107.84813762129683,112.66813313976125,74.47874999999999,1456.8963711684712,-4.819995518464424,-1.7241451532611518,-3.8912404089034425,3.2683065536395057,1,0,1.8,-9.248772019489536,-0.1941141014409411,190,Outside Field,Locked Out,Out
Arkansas-Pine Bluff Golden Lions,105.82136034872639,111.43489190150419,72.85161290322581,108.32595147440288,104.47370096811267,69.84,97.61034100609524,120.75048642623757,105.82136034872639,114.70911532678103,105.48175840100083,111.43489190150419,72.92375,72.72045454545454,72.85161290322581,106.44750813014551,109.6945941681563,72.09870967741935,1456.71302786657,-3.247086038010792,-1.731478885337201,-2.7924038922087147,-3.6785805011390345,0,3,-6.6000000000000005,9.465782059068019,-3.6994935468797845,332,Outside Field,Locked Out,Out
Washington State Cougars,110.25274544956491,111.80451560654438,68.95078125,107.87360528903841,112.2133583238115,68.33,101.07336368651265,118.79354221478077,108.05774830992526,111.04939046647198,112.40711542922547,111.99892297672562,69.77692307692308,68.09666666666666,69.46875,109.32871083848732,111.93588739138835,68.87328124999999,1456.6828195860933,-2.6071765529010236,-1.732687216556269,-2.344829751997597,1.8961227637546265,1,1,-0.40000000000000013,-2.787982877793624,-0.4485818333721451,208,Outside Field,Locked Out,Out
Boston College Eagles,100.27833718782057,104.76448102730335,67.23548387096774,99.41010048316934,112.92084772716444,66.72,92.83553891179734,104.84577491435893,101.6864504161884,111.3253569350271,99.76509032730858,109.0378166656199,67.575,66.74117647058823,68.79166666666667,100.27249499591295,107.4445730480161,67.34004032258063,1455.7904338326512,-7.172078052103146,-1.7683826466939536,-5.550969430480388,1.7974772854348342,0,2,-4.4,-9.02460340451232,-2.903920504497376,303,Outside Field,Locked Out,Out
North Carolina Central Eagles,104.44872949688764,110.77801111698183,68.8801724137931,105.60850848579648,117.01209480383167,67.33500000000001,101.12100347352494,108.54439229487251,104.44872949688764,122.27388218264926,96.62924672846808,110.77801111698183,67.403125,70.69807692307693,68.8801724137931,104.73867424411485,112.3365320386943,68.49387931034482,1454.9512268347075,-7.597857794579454,-1.8019509266116984,-5.859085734189127,-6.2307520413102795,0,6,-13.200000000000001,-5.0743046979410025,-7.837850359222653,423,Outside Field,Locked Out,Out
Chattanooga Mocs,113.13595192834939,110.57616254611834,67.76640625,130.31409779594566,121.7956629062523,67.65,111.34002529790664,113.75189673552714,121.98581560283688,116.23822881893948,101.55578378622434,135.76350619916474,66.79333333333334,68.825,67.125,118.75796794642157,117.1591391841088,67.64109375,1454.6042112694977,1.5988287623127775,-1.8158315492200927,0.5744306688529164,-3.9043538307192702,0,3,-6.6000000000000005,5.9586455074623075,-2.6244670463070463,291,Outside Field,Locked Out,Out
Maryland Terrapins,103.9106154012529,114.69347432423942,66.98257575757576,100.13195508914814,113.1826929969887,63.125,98.07067858239158,109.17557930819365,102.42807927162367,119.96403544139817,111.70235117517647,111.6301599625793,65.45833333333333,67.29333333333334,69.25416666666666,102.74356990378232,113.85628183817772,66.35892045454545,1452.6775492125298,-11.112711934395406,-1.8928980314988075,-8.346767763526426,3.8649985394223925,1,1,-0.40000000000000013,-2.2678789848540504,-2.0222595321617907,269,Outside Field,Locked Out,Out
UTEP Miners,102.17234973508417,107.61075224388556,67.68306451612904,100.08634200835711,108.78838941324265,66.94500000000001,99.6339175301703,106.0146177299593,87.93401510802335,115.41045326830755,100.8032923226634,111.37237495491996,64.4326923076923,70.08125,69.625,99.51509760934327,108.46940494287999,67.78983870967741,1452.2520199570706,-8.954307333536718,-1.9099192017171753,-6.840990893990855,0.7738899950641719,1,0,1.8,-3.263644896084159,-1.9388802475687756,264,Outside Field,Locked Out,Out
East Carolina Pirates,102.13837477958687,110.67821117685956,70.17500000000001,105.86320814172973,115.23112113825509,69.91499999999999,99.9574990955167,106.38936052460015,79.09025005139524,115.11604647352915,107.58319321392916,110.35885208175048,69.19166666666666,70.64117647058823,72.1125,99.61236441089383,111.76853480294209,70.400625,1452.122848179458,-12.156170392048253,-1.9150860728216776,-9.08384509628028,1.5695613092592013,0,1,-2.2,-0.8280765992526682,-3.479542780912417,322,Outside Field,Locked Out,Out
Old Dominion Monarchs,107.26874889720547,110.23810946819813,71.2219696969697,114.90399297353922,117.1445276336132,73.58,101.82602235687966,112.42428182541082,122.74232372680311,114.35695024064398,102.80411070734411,121.48953446173687,72.02222222222223,70.35384615384615,69.6625,111.49859614072855,113.65242775858269,71.57755681818182,1449.7407556942142,-2.153831617854138,-2.0103697722314338,-2.1107930641673267,-0.6785562701054825,0,2,-4.4,0.7288259109186868,-2.1474428469627194,274,Outside Field,Locked Out,Out
Little Rock Trojans,102.95075500800019,108.73640211261119,68.53515625,105.41385242173388,106.17220134068036,67.54,97.84013585339576,111.78846682088556,80.05164622336991,111.82304622799639,105.67360125039946,92.9932192444301,67.37916666666666,69.45,77.45,100.13166304373907,105.73387448940132,69.62359375,1448.006563384228,-5.602211445662249,-2.0797374646308797,-4.545469251352838,-0.0246827986106051,0,0,0.0,5.02729818566452,-1.5669923235804857,251,Outside Field,Locked Out,Out
South Carolina Upstate Spartans,103.51320598503436,104.86327802058986,71.51953125,99.33715120942789,102.79672282974946,67.36500000000001,97.1590082695502,110.69278583094659,97.48667174409748,110.3860521291943,99.13905719115716,102.36220472440945,70.5703125,72.92333333333333,65.65,101.56521215499221,103.9714782284527,69.60046875,1447.3207288292883,-2.406266073460486,-2.107170846828467,-2.31653750547088,-2.926044133396919,0,2,-4.4,-2.10949958476607,-3.0516683275097396,311,Outside Field,Locked Out,Out
Milwaukee Panthers,109.97955483317885,114.41342256972511,69.2515625,111.37015339377868,118.41076940640593,66.805,104.96209213213315,115.66601256103063,109.97955483317885,120.15089757829753,107.91095089334303,114.41342256972511,69.05735294117646,69.47166666666666,69.2515625,110.3272044733288,115.41275927889531,68.639921875,1444.9879556344242,-5.0855548055665025,-2.200481774623031,-4.220032896283461,-0.18644139205186727,0,1,-2.2,-2.6067482760809924,-2.300915243092544,282,Outside Field,Locked Out,Out
Louisiana Ragin' Cajuns,99.37650463161313,110.20298926994172,64.16136363636363,103.35053676973655,112.35628972705456,66.27000000000001,92.68263090170684,104.84360108991065,111.92427103363187,113.7015560138526,105.88545639715781,114.59595186453402,63.946875,63.63833333333333,69.8,102.25217762644681,111.40025877340878,65.53431818181818,1444.6499828497726,-9.148081146961971,-2.2140006860090944,-7.067857008676107,0.7629191463550403,0,2,-4.4,1.8207316810105851,-3.488729992264676,323,Outside Field,Locked Out,Out
Houston Christian Huskies,103.02842879887518,110.72328551983144,65.30703125,95.64970320464023,104.73074400540607,65.475,100.88825423946845,106.90735832245134,85.1063829787234,115.55504275765416,105.40274715935799,103.07094952347336,63.88823529411764,66.65892857142858,70.5,98.49544052729368,108.07729974177137,66.12796875,1444.2986479028384,-9.581859214477689,-2.2280540838864638,-7.37571767530032,-1.1762922980266524,0,3,-6.6000000000000005,-1.3861840798095812,-4.911765671704249,356,Outside Field,Locked Out,Out
Loyola Maryland Greyhounds,107.66646132626698,111.50965778098191,69.8203125,108.86745889788139,122.26441045481143,69.36,106.01948524118463,110.79136785431305,98.96792431060345,119.62431457998865,103.90862970719375,99.79959990544504,70.08125,70.09107142857142,65.8375,106.66193016682104,112.44183726810874,69.1078125,1443.400395798422,-5.779907101287705,-2.263984168063116,-4.7251302213203275,-3.1587968902973635,0,4,-8.8,-9.553755102215106,-5.394985496300185,372,Outside Field,Locked Out,Out
Southern Utah Thunderbirds,105.44105488752781,110.76695767065647,72.41693548387097,114.85552293612882,115.91065845628252,69.875,98.10885644735907,115.45609000710357,99.89297181591152,118.50739629102407,101.5569892256808,98.9090909090909,70.98676470588236,74.4673076923077,70.075,106.96245943893562,110.27420285282815,71.43016129032259,1442.0378021660265,-3.311743413892529,-2.3184879133589402,-3.013766763732452,-2.622934232155975,1,1,-0.40000000000000013,4.270767262974957,-1.9817103714378872,266,Outside Field,Locked Out,Out
Penn State Nittany Lions,109.73547925733374,117.41459747324213,67.32265625,99.3075028400539,123.63793280807639,65.83500000000001,108.05199699041485,113.30557449287528,99.1921507403091,124.32670881095774,113.41896033789638,115.38774911974363,67.43181818181819,67.63676470588236,65.6875,105.54698587546008,118.66640405392592,66.70546875,1441.58281763164,-13.119418178465835,-2.3366872947344017,-9.884598913346405,3.819509160732033,2,2,-0.8000000000000003,-16.651311752114097,-3.149335262174829,313,Outside Field,Locked Out,Out
San Diego Toreros,106.4455792807258,110.9325751260594,69.94545454545454,104.71977203478727,113.42788471202309,65.3,100.42794232879169,113.00864337625514,95.33130953110735,119.08909605054737,106.44888111610332,100.99525050969599,70.37307692307692,70.61764705882354,64.28333333333333,104.34698700679839,110.06580383009582,67.93477272727272,1441.5212832807213,-5.718816823297431,-2.3391486687711494,-4.704916376939545,-1.3528383344545758,2,1,1.4,-4.221116831902208,-1.9800400377914722,265,Outside Field,Locked Out,Out
Jackson State Tigers,97.94320200107097,116.63110185287216,71.63333333333334,102.52718860482541,107.5958190192495,68.85,88.82263217621801,115.5043333863309,97.36308020597271,120.85962791684251,112.64018491045017,106.522895405068,72.06973684210527,71.01,71.11874999999999,99.00218038274484,112.85605017729588,70.8603125,1439.9457244015289,-13.853869794551045,-2.4021710239388447,-10.418360163367383,0.2597425817554347,0,1,-2.2,13.619269437377099,-3.979425233125939,340,Outside Field,Locked Out,Out
Stetson Hatters,107.55572789856103,115.94389546611126,68.5060606060606,119.45932531962868,112.15349751931706,65.30499999999999,99.43206607021683,115.80904393402714,112.36644948422149,122.64258961971701,110.08169585197543,107.57445817951447,68.5375,69.17678571428571,65.20833333333333,111.253235491677,113.74088038642319,67.21113636363636,1439.4472847020706,-2.4876448947461824,-2.422108611917174,-2.4679840098974797,-1.6855530833071952,1,2,-2.6000000000000005,15.693995367861845,-1.6989188988024166,255,Outside Field,Locked Out,Out
Idaho State Bengals,111.77117439935675,112.95477555609354,66.67424242424242,108.42500424126891,111.94938107301373,70.05,105.01482216912409,119.51346968668604,110.00946175707672,118.97227318610824,110.62830532981658,98.53180523550768,64.99333333333333,67.12321428571428,71.40625,110.67037496349278,110.5399813872357,68.22798295454545,1439.2367306931544,0.13039357625707737,-2.4305307722738236,-0.6378837283021929,-1.2379241713131661,2,2,-0.8000000000000003,-2.3407756750080324,-0.9419386852810737,229,Outside Field,Locked Out,Out
Incarnate Word Cardinals,110.93111656538532,112.23884091945497,66.6008064516129,109.26163255795564,112.56476816404749,61.55,100.29135303879525,119.66447831193527,119.90924815239121,114.95009040788284,107.85368352125798,126.14877498693734,64.68214285714285,67.99,69.61250000000001,111.86046530157878,114.40681284072546,65.78985887096773,1438.341726129248,-2.54634753914668,-2.4663309548300822,-2.5223425638517005,-3.4119005101382913,1,3,-4.800000000000001,-1.9954112520222083,-3.391879597248366,320,Outside Field,Locked Out,Out
Grambling Tigers,100.68447696600441,100.55878481330062,69.84621212121213,96.81465198133131,97.99946818847718,68.035,99.02134298515156,100.10937113062774,109.47811389075905,109.55382924859478,89.71633550256986,94.85719389549268,68.87647058823529,71.41666666666667,69.25625,101.03606625854933,99.06371701942356,69.30491477272727,1437.8125715967049,1.9723492391257622,-2.4874971361318057,0.6343953265484917,-3.0982854957826316,1,2,-2.6000000000000005,-1.3105083598496634,-1.5189784721916195,247,Outside Field,Locked Out,Out
Jacksonville Dolphins,109.07912232464693,110.7336881712759,66.64375,121.96540831442546,116.10095979901959,65.05999999999999,103.95536661590283,116.99255191629476,106.46001964093874,118.31119702749784,99.47678204546158,112.82209582260879,67.30441176470588,66.66041666666666,62.833333333333336,111.90782841953533,112.38876722591175,65.67625,1437.7675134336134,-0.4809388063764146,-2.4892994626554628,-1.083447003260129,-3.426910145885809,0,0,0.0,7.519014362034838,-1.3270615818015163,241,Outside Field,Locked Out,Out
Manhattan Jaspers,107.1252461195399,114.0565627114965,69.13046875,99.0669207606027,109.35571170243122,66.785,98.85003300000707,114.82629926588241,112.56306370093886,116.90705594570697,111.77861145253817,110.43453574891622,69.63666666666667,69.44464285714285,65.13333333333334,105.92633741701545,112.33804591484314,67.94453125,1437.4111317607365,-6.411708497827689,-2.503554729570542,-5.239262367350545,-2.910175269347078,0,2,-4.4,-3.3574743498719215,-4.1764610001326155,345,Outside Field,Locked Out,Out
The Citadel Bulldogs,105.30906443056826,117.32695090880307,66.42727272727272,112.82786306849603,127.22130946216558,67.19500000000001,97.56814415106169,112.04467717592523,110.33560210131623,121.2049081370723,110.97132662554554,129.7152861837446,67.26666666666667,66.68333333333334,60.949999999999996,107.94274474066239,121.65879083838493,65.79761363636364,1436.5899188016638,-13.71604609772254,-2.5364032479334493,-10.362153242785812,-2.1779304077617603,0,2,-4.4,-2.375559915434735,-5.815703850034087,381,Outside Field,Locked Out,Out
Brown Bears,101.97798020614336,102.8824401424151,68.75833333333333,102.73244172828613,115.46349095655509,70.655,98.43462514306839,105.26823847899868,101.97798020614336,108.46792199827482,97.69592127625965,102.8824401424151,67.68461538461538,69.75535714285715,68.75833333333333,102.16659558667905,106.0277028459501,69.23249999999999,1436.3891386697146,-3.8611072592710514,-2.5444344532114154,-3.4661054174531603,-3.788278934708082,0,0,0.0,-11.826589291997209,-2.915466421815486,305,Outside Field,Locked Out,Out
Delaware Blue Hens,103.46191071537231,112.90510499257411,65.42338709677419,100.6902962307781,123.99823008290741,66.85499999999999,103.45459703400431,103.87885445726194,100.38602842077614,112.12585887751342,114.72069227356579,104.7429231905613,65.62321428571428,65.15166666666667,66.0625,102.30762475003434,114.45405899485552,65.87715725806451,1436.135635445486,-12.14643424482118,-2.5545745821805577,-9.268876346028993,1.5208722418369018,1,4,-7.000000000000001,-13.864739574927512,-5.208268060619463,363,Outside Field,Locked Out,Out
North Carolina A&T Aggies,107.46930413701438,111.50443640837854,69.805,114.35057155348417,125.37421435822992,69.785,105.7305884276818,110.20024644571482,105.23911344887551,115.4870739992887,107.02724455670578,109.50001586051883,68.98333333333333,71.47708333333334,67.22500000000001,108.85509238791099,114.67121781366242,69.413,1435.8761447940071,-5.816125425751437,-2.5649542082397145,-4.84077406049792,-1.531686658090635,1,2,-2.6000000000000005,-6.988510533381586,-3.214350200073008,314,Outside Field,Locked Out,Out
Georgia Tech Yellow Jackets,102.83837308771265,108.03491080797689,71.8258064516129,98.32383715132137,116.3688999711128,71.825,104.57819580175064,102.0603522175261,101.53045778429492,116.89596637229363,101.94923978206529,121.54350773255332,73.3725,71.56184210526315,66.6,101.51355180810216,112.14469763744734,71.04173387096773,1435.3245163506758,-10.631145829345172,-2.5870193459729673,-8.21790788433351,2.200457106232945,0,1,-2.2,-12.848525099527194,-3.313889271558817,319,Outside Field,Locked Out,Out
Stonehill Skyhawks,96.98494939382871,101.37448544109284,68.24166666666666,107.76560963259742,97.09612294565513,71.175,90.79821477915216,106.24360350807788,94.17040358744394,103.79466277080749,96.85091508050186,114.19753086419753,67.24736842105263,69.79807692307692,66.9,99.25793258256317,102.22835163069912,68.77374999999999,1433.817731904444,-2.970419048135952,-2.6472907238222434,-2.873480550841839,-4.464427215131517,0,5,-11.0,15.059022734206422,-4.971797266665539,359,Outside Field,Locked Out,Out
Lafayette Leopards,102.97940919762515,110.27690743303907,67.42421875,113.00866879389386,116.17759035408508,66.51,101.60687921249576,104.35193918275453,102.97940919762515,113.56022229508146,106.99359257099667,110.27690743303907,67.7625,67.0859375,67.42421875,105.48672409669231,111.75207816330057,67.1956640625,1433.771623882748,-6.2653540666082534,-2.6491350446900834,-5.180488360032802,-0.816479226397975,0,2,-4.4,4.128576675222703,-3.240085326157525,316,Outside Field,Locked Out,Out
Central Michigan Chippewas,106.00098616013608,111.59995317535575,69.1516129032258,109.34656613988257,113.49756559048986,68.11,101.22549044877138,111.21407285537583,110.31988833199534,124.44821792066641,98.32445296558579,95.10458657637508,67.659375,71.4826923076923,65.9375,107.48521648085159,109.60005128929217,68.40909274193548,1433.1193685996204,-2.114834808440577,-2.675225256015183,-2.2829519427129585,-0.7882325581421069,1,4,-7.000000000000001,1.4479675646123837,-2.907001407717322,304,Outside Field,Locked Out,Out
Loyola Chicago Ramblers,101.6933387987798,115.25457146108872,66.025,106.00653159926496,107.88083229912438,64.045,98.8834509029587,103.70501146395951,101.43773964101119,122.3027102072799,112.61946929825274,108.18099314054322,66.21818181818182,66.9046875,62.785000000000004,102.7332971252358,112.3500999225158,65.044,1432.9929963983905,-9.616802797280002,-2.6802801440643815,-7.535846001315316,2.120255383901617,0,3,-6.6000000000000005,11.686931962449492,-3.4946466316727234,324,Outside Field,Locked Out,Out
Cleveland State Vikings,111.69657807696478,120.43795170653405,71.4060606060606,104.23209310076405,120.66774367107988,72.75999999999999,107.22362762232075,115.74472727200481,117.11906275131687,126.36781203368602,114.7900113692946,115.35862161861425,70.85,71.11333333333333,78.05,110.64382953406742,119.73350018448254,72.74113636363636,1431.0467392912074,-9.089670650415115,-2.7581304283517056,-7.1902085837960925,-1.5885757066503476,1,2,-2.6000000000000005,-7.694276940746562,-4.13167985214921,343,Outside Field,Locked Out,Out
Eastern Kentucky Colonels,112.94421618475809,116.4828247600306,71.0421875,119.18732058838268,128.57156247016877,68.985,107.11074382638931,118.97262387689631,115.85365853658539,119.29813030913384,111.88862867879034,140.35087719298247,69.61875,72.92333333333333,65.6,114.94140863843833,123.08521705250791,69.7115625,1430.9740086844013,-8.143808414069582,-2.7610396526239493,-6.528977785635893,-1.204334569699099,1,2,-2.6000000000000005,-5.845633306513591,-3.702897121930522,333,Outside Field,Locked Out,Out
Long Beach State Beach,103.88798630640373,107.96035653742825,72.06171875,108.14082017040455,108.59466185043274,75.89,96.7265374813996,111.04943513140786,103.88798630640373,110.87913780625767,105.04157526859883,107.96035653742825,72.8203125,71.303125,72.06171875,104.95119477240394,108.11893286567937,73.01878906249999,1429.8404962794891,-3.1677380932754318,-2.8063801488204354,-3.0593307099389326,-1.5662972609276742,1,1,-0.40000000000000013,3.6185285509963308,-1.6730611196307625,254,Outside Field,Locked Out,Out
Indiana State Sycamores,104.68128789668282,106.45526889860986,70.44921875,97.5086993790172,107.0539917650279,67.05499999999999,103.66566089379909,106.65408193417365,97.50253513712963,112.84446135516889,100.32074982819677,104.54521850251535,68.27666666666667,72.63000000000001,70.3875,101.81132785333344,106.31844205580019,69.59140625,1429.4508640475194,-4.507114202466752,-2.821965438099223,-4.001569573156493,0.10366129412050137,1,2,-2.6000000000000005,-7.77131138408366,-2.387101808440374,284,Outside Field,Locked Out,Out
Princeton Tigers,105.7991568595987,109.8551004425954,64.98275862068965,105.82281097856875,112.50523627444184,61.864999999999995,101.26686288399986,111.37913204370597,103.78918672797312,116.04340247832448,101.31838706765222,115.35325895130548,65.76346153846154,63.99791666666667,65.4,105.50357486959737,111.34235817686353,64.2659051724138,1429.3352242441297,-5.838783307266155,-2.826591030234813,-4.935125624156752,1.395258406835507,1,1,-0.40000000000000013,-2.6264817128763838,-1.5826459529249837,252,Outside Field,Locked Out,Out
UAlbany Great Danes,108.0382223861073,109.70939134306958,66.62734375,106.94949126076122,109.56501228407895,62.705,101.58118904013338,117.2062700003131,110.26848316743055,114.95257012118238,100.47525674923689,112.81975166913011,65.88970588235294,66.75909090909092,69.4,108.10057872196926,110.139850627231,66.06265624999999,1427.2082108717725,-2.0392719052617423,-2.9116715651290996,-2.300991803221949,-4.848830369091239,0,2,-4.4,-0.9443520663554352,-3.6511834673144494,329,Outside Field,Locked Out,Out
Western Michigan Broncos,106.40152873327226,114.73843872101531,70.30645161290323,104.42230806412837,109.55462704263296,71.685,104.22444256749512,108.7237539767679,106.40152873327226,122.88309009219788,106.05081059175389,114.73843872101531,69.6015625,71.05833333333334,70.30645161290323,105.90672356598628,113.4424858014197,70.65108870967742,1427.0691857771776,-7.535762235433424,-2.9172325689128957,-6.150203335477265,1.4945485328496233,1,1,-0.40000000000000013,3.20459100923847,-1.8286458730312285,259,Outside Field,Locked Out,Out
Lamar Cardinals,104.82142402267704,103.89054509596116,66.61612903225806,92.97639119310182,106.68338608607114,64.93499999999999,103.00156759184037,107.20822335814162,96.31728045325781,110.37142466558291,96.56416628554582,116.57303370786516,66.79333333333334,66.17333333333333,70.6,100.58454427987033,106.49112863527425,66.79342741935483,1427.0543515752795,-5.906584355403922,-2.91782593698882,-5.009956829879391,-2.6100170743717737,0,3,-6.6000000000000005,-14.637873819685197,-4.905281652395334,355,Outside Field,Locked Out,Out
Fairleigh Dickinson Knights,103.9393839158913,108.12580958502282,64.6734375,102.87304447879406,118.87350463366207,61.989999999999995,98.13223514084365,111.40571805523825,103.9393839158913,115.21793614642368,99.00736114893598,108.12580958502282,65.25694444444444,63.92321428571428,64.6734375,103.67279905661698,110.81273334718261,64.002578125,1425.9706262258726,-7.139934290565634,-2.961174950965096,-5.886306488685472,-4.534472259160298,0,4,-8.8,-11.814034485736485,-6.35469954909747,392,Outside Field,Locked Out,Out
UC Riverside Highlanders,103.16427435027158,110.36124762200926,70.82421875,106.59507489581624,104.5859091506253,73.495,98.30533949000309,109.41147631347394,103.16427435027158,114.47527112758144,105.07178882913072,110.36124762200926,70.78194444444445,70.87857142857142,70.82421875,104.02197448665775,108.91741300416327,71.4919140625,1423.6576999518268,-4.895438517505511,-3.053692001926929,-4.342914562831936,0.002481175003801961,0,1,-2.2,9.206139016928617,-1.9360958430391297,263,Outside Field,Locked Out,Out
La Salle Explorers,100.83427443263005,111.48037408703546,66.6328125,110.30758785584321,128.17210607940143,69.6,94.3511259191823,107.44145883722537,100.40014881361355,115.21151376289806,106.06442732699126,117.37719888167109,67.02142857142857,66.33571428571429,66.3125,103.13748394558087,116.53783080432228,67.3265625,1423.0080592364775,-13.400346858741415,-3.0796776305409,-10.30414609028126,2.9464253860026735,0,2,-4.4,-7.218418569152817,-4.252204347859579,348,Outside Field,Locked Out,Out
Sacramento State Hornets,105.69707993611196,111.9993768937089,73.22096774193548,97.40056900620009,108.57423814990673,69.85,97.6121691245742,117.61848360797899,68.1560015145778,118.40268950945574,105.98175343610059,93.79310344827586,73.403125,73.52678571428571,66.025,97.99179044040388,108.41215119094339,71.29883064516129,1422.6730553225598,-10.420360750539515,-3.093077787097609,-8.222175861506944,0.3443216022025484,1,1,-0.40000000000000013,-4.87137218610971,-3.2243054494118795,315,Outside Field,Locked Out,Out
Utah Utes,108.41870146014918,116.38397260693094,68.52265625,105.61997841894807,130.61335535630437,64.125,104.38087315282841,112.58883617852558,101.79965675218156,120.08443986936828,115.28929395698394,110.86007189750296,66.25909090909092,70.34264705882353,67.0125,106.72616399365376,119.1127331878601,67.19671875,1422.1248444758585,-12.386569194206345,-3.1150062209656606,-9.60510030223414,3.117759922313456,3,1,3.2,-17.028105790574543,-2.2535626993365656,276,Outside Field,Locked Out,Out
Northwestern State Demons,103.13643985033279,110.28622056464364,66.07421875,95.88794321694417,99.18849854697596,60.910000000000004,100.74668944603272,107.52318333070322,82.34778799824791,117.49773433388566,102.2347179827711,100.41152263374487,66.54411764705883,66.14642857142857,57.075,98.20601791417289,106.03058537059191,63.43328125,1421.7294938412258,-7.824567456419018,-3.130820246350968,-6.416443293398603,-2.101642906634154,1,2,-2.6000000000000005,3.849225384279052,-3.6688451131020288,330,Outside Field,Locked Out,Out
South Carolina State Bulldogs,96.01124388254749,112.14962139683551,69.63166666666666,102.36341851939862,108.80223668708754,68.575,92.95955871789886,101.28233643966787,96.01124388254749,120.85542823922351,97.11231866907441,112.14962139683551,70.42368421052632,68.26363636363637,69.63166666666666,97.59928754176028,111.3127752193985,69.36749999999999,1421.2459079258424,-13.713487677638227,-3.150163682966304,-10.54449047923665,-3.051689159487743,1,2,-2.6000000000000005,9.699559346599102,-5.34616040436955,371,Outside Field,Locked Out,Out
Oral Roberts Golden Eagles,103.94879640355818,110.97618771938266,70.41363636363637,116.45026496965988,98.45983928795187,70.505,101.24681989728724,105.20548255007976,108.69314112605059,117.9946324265173,104.59073701604689,110.3570713819206,71.75714285714285,69.52333333333333,69.05,107.78581525345746,107.75423316090564,70.23193181818182,1419.639738238956,0.03158209255181532,-3.2144104704417624,-0.942215676346258,-1.8004128970821782,1,0,1.8,25.017816997532506,0.25012633406231044,170,Outside Field,Locked Out,Out
Georgia State Panthers,101.44481242775493,107.68365532750916,69.50546875,100.68443383875031,112.17850935196228,69.535,98.59190342554952,106.49408967976498,92.14606359606849,111.94409561765048,102.15250548586327,112.19348647115005,69.71333333333334,68.93035714285715,71.14999999999999,99.8599054557508,109.48384350516857,69.75953125,1418.7647208480005,-9.62393804941776,-3.2494111660799807,-7.711579984416426,-1.9109309645132309,0,3,-6.6000000000000005,-5.255232613457736,-5.402791956354651,373,Outside Field,Locked Out,Out
Northern Illinois Huskies,98.84178946444544,112.43044333927082,70.1425,90.28369791297084,126.93895732861343,68.205,93.13290546671139,106.30725315378999,98.84178946444544,115.49078064422983,108.42846378663215,112.43044333927082,69.48823529411764,70.99807692307692,70.1425,96.70226657657679,116.05757183660646,69.65812499999998,1418.7122638019907,-19.355305260029667,-3.251509447920371,-14.524166516396878,-1.3344835869997647,0,0,0.0,-23.066605540817207,-6.571042047104705,397,Outside Field,Locked Out,Out
East Texas A&M Lions,101.34921419796123,107.58715217322367,69.2421875,108.3763530820459,111.88444112916781,62.35999999999999,98.46822049860816,103.5701147802147,119.2334989354152,114.35779118774879,99.96051143515491,99.25925925925925,69.0529411764706,69.38571428571429,70.45,105.78864162960049,107.41229047511504,67.7028125,1418.4369128668563,-1.623648845514552,-3.262523485325746,-2.11531123745791,-2.384977761569702,2,3,-3.0000000000000004,2.729849928140524,-2.2971598069068477,281,Outside Field,Locked Out,Out
Eastern Michigan Eagles,103.03561228133024,105.90914744261023,68.63387096774194,98.09989556844388,107.05087330548379,69.55,101.99056942252516,104.30459289559357,103.03561228133024,114.29988394229431,95.72039597870811,105.90914744261023,66.92205882352941,70.7125,68.63387096774194,101.80168310310864,106.19457890832862,68.86290322580645,1416.3985038805183,-4.392895805219979,-3.344059844779267,-4.078245017087765,0.5214579553368345,0,3,-6.6000000000000005,-6.0774425757599175,-3.2707310787027892,317,Outside Field,Locked Out,Out
Pepperdine Waves,102.98837767123415,113.5779548041518,69.99609375,113.42796936330015,116.11154303106464,71.405,101.57381542545437,105.90036402156841,87.43114829096137,116.63132702517439,111.5357175073261,111.0900523905236,69.98076923076923,70.10735294117647,69.15,103.26469118720973,113.83816649883578,70.22140625,1414.708462510666,-10.57347531162604,-3.411661499573356,-8.424931168010234,-0.1445560538832285,0,0,0.0,7.906003465153162,-2.9761881686104963,307,Outside Field,Locked Out,Out
San José State Spartans,108.09466444299476,118.88205328853364,66.06209677419355,119.42711968172635,129.13152420571194,64.09375,102.13416448439237,114.42246430581682,96.21551527133389,123.27840442133694,116.54636217250243,108.99129985356188,66.42307692307692,66.6,59.4125,109.14590587692852,119.96080800258244,64.57257056451613,1414.4340788924526,-10.814902125653916,-3.4226368443018966,-8.597222541248309,0.8710338599306887,1,1,-0.40000000000000013,1.0829843215532975,-3.0140525358438714,309,Outside Field,Locked Out,Out
Canisius Golden Griffins,97.06720773600671,108.6800241318194,64.78629032258064,97.41728028515746,103.09271848911412,64.38,88.76801777244066,105.91967703047713,97.06720773600671,111.57725995103623,105.58963925798813,108.6800241318194,65.1296875,64.42,64.78629032258064,97.15472587329438,107.28319772114307,64.68471774193547,1413.6806987910168,-10.128471847848687,-3.4527720483593294,-8.125761908001879,-1.588246931922886,0,2,-4.4,5.937378191856027,-4.544411167822139,350,Outside Field,Locked Out,Out
SE Louisiana Lions,98.63463005839957,106.94791848108535,66.06532258064516,101.53586313732487,114.01232887434458,66.63,93.3263506482199,104.58975558865593,108.0242518633886,110.65657864306428,103.46464372025874,96.3239556692242,66.8485294117647,64.77291666666666,67.1625,100.76838159887924,107.12042665762098,66.37106854838709,1412.45697506526,-6.352045058741737,-3.5017209973896026,-5.496947840336096,-1.130264749382782,1,5,-9.2,-4.163177314333922,-4.9644712457472915,358,Outside Field,Locked Out,Out
Army Black Knights,104.81084912764382,112.15168886177662,68.74921875,102.4805765890886,111.12221795161693,69.25,105.40449738127948,104.60127825663443,99.25925925925925,114.12275983267462,109.86119669695734,119.2334989354152,68.79333333333334,68.7859375,67.5,103.39554251274733,112.9565926452825,68.68703124999999,1412.0193234098203,-9.561050132535172,-3.519227063607186,-7.748503211856775,-1.544365086605731,1,2,-2.6000000000000005,-1.3008016283955328,-4.138886632592692,344,Outside Field,Locked Out,Out
Holy Cross Crusaders,102.9420327826477,111.26676414173652,66.22575757575757,104.83626813218207,111.81309688988756,65.74,99.68843801733232,106.51862043434865,111.43451143451144,115.95759280771644,105.6807111087733,105.03659061558331,66.88472222222222,65.81428571428572,60.125,104.68946341781084,110.4688212998513,65.18920454545453,1411.6648366530146,-5.779357882040458,-3.533406533879415,-5.105572477592145,-1.7376216500400066,0,2,-4.4,1.3479026013833248,-3.605865851215912,326,Outside Field,Locked Out,Out
Bucknell Bison,99.31075415737061,112.85554186386926,67.82424242424241,104.63526848421479,108.39706868747157,67.07000000000001,96.01513719909408,102.26274938055919,106.65953174040092,116.17780245694344,109.08627847816383,111.00117052267693,66.50588235294117,69.88571428571429,64.6,101.7441993765362,111.46276786859099,67.15204545454544,1410.504096178556,-9.718568492054786,-3.5798361528577605,-7.876948790295677,1.8707088339706393,0,1,-2.2,9.78298750324187,-2.623723338308806,290,Outside Field,Locked Out,Out
Northern Arizona Lumberjacks,106.8946915452576,115.66216198083838,66.52890625,100.52181257902092,124.65003157463063,64.02000000000001,97.07041680860668,116.47213370778228,99.04507740161654,119.84257544932714,112.39321140092258,112.55087234074318,64.72142857142858,67.8484375,68.625,104.12402968215227,117.44243593327215,66.21609375,1407.7455997605966,-13.318406251119882,-3.6901760095761347,-10.429937178656756,-1.6079186916223291,0,1,-2.2,-15.360748560028938,-5.478670601718086,375,Outside Field,Locked Out,Out
North Alabama Lions,104.01013221273743,117.28080950760977,66.71916666666667,100.31491706325355,116.98341081693593,64.635,98.52805780732638,111.71261866532824,91.59099881563363,118.72434764264455,115.87072581098468,112.51528740317977,65.415625,68.58461538461539,63.325,101.22345841580089,116.49163151927681,65.68900000000001,1404.3840175224664,-15.268173103475917,-3.8246392991013454,-11.835112962163546,-1.2050258325030152,0,3,-6.6000000000000005,-3.3978164588100412,-6.655718275090571,404,Outside Field,Locked Out,Out
Niagara Purple Eagles,100.90798835125051,112.59882577401017,63.50416666666667,105.54967912089712,114.12012660975174,64.675,93.45243793220612,110.83270236615058,91.17551286225985,114.22404143792082,110.9914882846904,107.49076251259658,64.3078125,61.49423076923077,76.775,100.60853972031356,112.21294149373352,65.7875,1402.9905759243595,-11.604401773419966,-3.8803769630256193,-9.287194330301661,-0.6546199762390548,0,1,-2.2,3.120389933905045,-4.184926615604396,346,Outside Field,Locked Out,Out
Alcorn State Braves,96.34287148802613,114.41601129084275,69.5796875,86.89399834973503,100.33805049761921,69.10499999999999,94.1907080102817,100.40450507720703,98.50572723877964,121.36286056689505,105.75894918546052,94.07486909997404,70.24875,67.28055555555555,72.01666666666667,94.30508156606639,107.84534976390655,69.8265625,1402.6675450124665,-13.540268197840163,-3.8932981995013414,-10.646177198338515,-0.7723037138001033,0,3,-6.6000000000000005,4.629087654932434,-5.829300081283003,382,Outside Field,Locked Out,Out
New Hampshire Wildcats,99.0312789059056,108.05700866432808,69.54916666666666,99.4639739844581,112.10106288356663,67.85499999999999,94.60061771406066,104.82522046447205,99.0312789059056,115.62336466304725,98.16254312754145,108.05700866432808,68.2720588235294,71.21923076923078,69.54916666666666,99.13945267554371,109.06802221913772,69.12562499999999,1402.1089912551763,-9.928569543594008,-3.9156403497929477,-8.124690785453689,-2.481324140111323,0,4,-8.8,-3.611359140686048,-6.2724955929607145,389,Outside Field,Locked Out,Out
Alabama State Hornets,101.54209059270454,107.62358387004593,71.715625,99.63007362108229,107.352963543753,69.205,99.60474473032833,104.12770495641746,104.92685112063754,116.08546083364335,89.43800746320186,108.34721520835735,70.6671052631579,73.94722222222222,71.675,101.57180042898892,107.66447348921942,71.081875,1401.6637426415416,-6.092673060230496,-3.933450294338336,-5.4449062304628475,-4.636245738672864,1,4,-7.000000000000001,-1.6413966453293227,-5.457471246868346,374,Outside Field,Locked Out,Out
Bryant Bulldogs,97.96700138876564,111.07321424291077,65.98951612903225,101.65941521315155,113.47169573398556,65.58,88.17368235319174,111.52698159186797,97.96700138876564,115.11438287969203,105.47774997659826,111.07321424291077,65.40277777777777,66.80192307692307,65.98951612903225,98.89010484486211,111.67283461567946,65.88713709677418,1399.7148452943427,-12.782729770817355,-4.011406188226292,-10.151332696040035,-1.4357925992009268,1,5,-9.2,1.293932333311119,-6.640643394319231,403,Outside Field,Locked Out,Out
Maine Black Bears,96.17285872469914,104.23122339075637,65.0609375,98.11202270030896,98.0523277080601,63.80500000000001,97.32245956525799,93.94789124259118,99.17625605231717,109.05190519439596,97.35821367384567,102.08314545946435,64.91388888888889,65.9375,61.125,97.1081593177443,102.3642877803885,64.15656249999999,1391.7238996114145,-5.256128462644199,-4.331044015543421,-4.978603128513965,-2.025841074333848,0,7,-15.400000000000002,8.11805965830608,-6.316229531380792,391,Outside Field,Locked Out,Out
Binghamton Bearcats,101.90358494305237,113.30198415289617,66.71048387096775,114.85794500600498,114.09355294200188,64.75,99.01818191811017,105.84779327244176,86.02150537634408,120.68770578726404,106.30860280902829,107.41687979539643,68.46333333333334,65.375,60.45,102.75986302378428,112.61711069654763,65.28129032258065,1391.6663878515844,-9.85724767276335,-4.333344485936623,-8.200076716715332,-4.660323983649365,0,6,-13.200000000000001,12.162791273846906,-7.693432812806576,419,Outside Field,Locked Out,Out
Maryland Eastern Shore Hawks,96.52271173862508,107.36051540973044,66.39193548387097,99.98022361358653,103.06601311172237,66.065,89.61372870323665,109.25126100372479,107.41687979539643,113.94433098795291,96.32678525662415,86.02150537634408,66.8925,66.16499999999999,58.65,99.02121491588113,103.08603833022048,65.14891129032259,1391.4509608530243,-4.064823414339344,-4.3419615658790285,-4.147964859801249,-3.501927539624745,1,9,-18.0,7.752014172969524,-7.180688000369253,410,Outside Field,Locked Out,Out
Evansville Purple Aces,98.34353782469293,112.61720933346433,67.996875,102.29407231644167,124.69873046043308,67.35499999999999,92.75025115932702,104.59238615080446,93.08853826421388,117.3042825530509,108.11094540567748,114.2827110990087,67.85961538461538,68.3,67.30625,98.54292151355826,115.88741488003816,67.7328125,1391.040331628648,-17.34449336647991,-4.358386734854085,-13.448661376992161,1.2467587354280107,0,0,0.0,-8.130986635220012,-4.878060006464249,354,Outside Field,Locked Out,Out
Delaware State Hornets,91.03555517660897,105.61598440072694,67.59583333333333,96.54664477849384,103.8798832044487,66.12,86.59396666928309,96.75575742433553,92.24704974885665,112.13582162889384,98.83681287635535,94.13231572162121,66.2078125,68.74374999999999,71.8125,92.59505176291734,103.45940879979152,67.859375,1389.1028724412267,-10.864357036874182,-4.43588510235093,-8.935815456517206,-2.3870814179787643,0,8,-17.6,7.247190798163118,-8.50978865779202,438,Outside Field,Locked Out,Out
Chicago State Cougars,99.62630954653459,114.59095899771303,66.13984375,103.57439477788758,111.2255101697491,62.30499999999999,96.09018478791896,106.37709317661897,99.62630954653459,119.68366771229883,104.86851508804926,114.59095899771303,67.50595238095238,63.53181818181818,66.13984375,100.61333085437283,113.74959679072205,65.1811328125,1386.681450247137,-13.136265936349218,-4.532741990114519,-10.555208752478809,-0.2678904908698303,0,3,-6.6000000000000005,7.313534059316922,-5.552959546418311,376,Outside Field,Locked Out,Out
Coppin State Eagles,93.96301670035764,115.21334508979233,69.68467741935484,97.87381393060812,101.9574237670027,68.49499999999999,90.30586944933177,103.71289601140033,87.87531135706013,119.45542260161028,105.98116160780378,116.04340462757762,69.98157894736842,69.26111111111112,69.075,94.02756020642562,112.02387368976271,69.2958064516129,1386.4640974952752,-17.99631348333709,-4.541436100188994,-13.95985026839266,-0.8676982998411007,0,4,-8.8,17.166718553040113,-7.296807597429831,413,Outside Field,Locked Out,Out
Northeastern Huskies,106.79673344790764,116.29959743941457,70.125,109.92003549586263,116.03755477490947,71.17,104.32207895801798,108.16641036865741,114.51618304432002,116.25242882421485,118.32116629629036,108.46488795964335,69.4015625,69.81875000000001,75.20833333333333,108.73547639935825,115.05888035132261,71.14874999999999,1383.9894111234028,-6.323403951964366,-4.640423555063889,-5.818509832894223,0.8360324091477235,0,0,0.0,3.385344712460096,-1.8251677981227508,258,Outside Field,Locked Out,Out
North Florida Ospreys,108.79996806338117,121.56733981929105,73.0265625,102.8232487374855,114.55277145322752,71.905,101.45491404547032,116.77355530892554,113.42137809488018,126.64139715500133,114.89198610622809,123.43223345210913,72.6765625,73.34038461538461,73.53333333333335,107.99899973663211,120.09343177269788,72.8221875,1379.969324607549,-12.094432036065768,-4.801227015698041,-9.906470529955449,-0.49478590740049233,0,0,0.0,1.0378490401678562,-3.860136654518359,336,Outside Field,Locked Out,Out
Cal State Bakersfield Roadrunners,100.08680936518049,112.93829349203048,73.153125,104.65670153423014,119.39217576309099,76.39500000000001,93.63222474355771,105.02848095559735,106.44257703081233,120.88620003813041,107.15610529910504,99.96480112636394,74.72321428571429,71.96323529411765,71.4,102.18264755728767,112.60574020494562,73.700625,1378.276236622793,-10.423092647657953,-4.868950535088279,-8.75685001388705,-1.540868278283192,1,1,-0.40000000000000013,-1.8839901020108556,-3.96883852960801,339,Outside Field,Locked Out,Out
Saint Francis Red Flash,101.3202699926672,114.5397120215579,70.56209677419355,103.80640736520725,115.18944792504392,68.92999999999999,96.71952638240454,109.8023048597522,82.992992238716,119.8188267094211,107.80097336653492,116.10859577630166,71.403125,69.17307692307692,72.8625,99.19271267270953,114.93747856064095,70.49913306451612,1375.053722629928,-15.744765887931422,-4.997851094802882,-12.52069144999286,-1.1167593849924902,0,2,-4.4,1.8364014690540245,-6.161566730007545,387,Outside Field,Locked Out,Out
IU Indianapolis Jaguars,108.78350416517597,116.40100826717068,76.5421875,107.39168052484607,119.06379945030126,74.27000000000001,107.50288943333499,110.94802759660861,100.25062656641603,121.99241543765878,108.95280796871423,125.62189054726367,75.77941176470588,77.23571428571428,79.8,107.15561661527948,118.44983840496727,76.4628125,1372.0796396737735,-11.294221789687782,-5.11681441304906,-9.440999576696164,-1.9054944816174784,0,4,-8.8,-4.054614823460483,-6.595144425898932,399,Outside Field,Locked Out,Out
UTSA Roadrunners,98.82621500705868,115.69438377124172,70.35,99.98627960224749,117.27735298898037,68.97999999999999,100.33119196626933,98.08422776557286,93.48528698298495,126.9465671617397,107.7773757015182,92.34815652582054,71.16428571428571,69.98571428571428,67.2,98.31509195224481,112.58819198886322,69.535,1362.2944911002053,-14.273100036618402,-5.508220355991789,-11.643636132430418,-1.5466743446202151,0,3,-6.6000000000000005,-0.4229046225498365,-6.619847004321592,401,Outside Field,Locked Out,Out
Rider Broncs,96.0441814599917,115.28941681168102,65.94396551724138,97.63536865444588,109.34958037748379,67.22,93.61979538340661,99.02804124655799,96.0441814599917,121.92882086346788,107.11784259409721,115.28941681168102,66.278125,65.5326923076923,65.94396551724138,96.44197825860525,113.8044577031317,66.26297413793104,1354.851617077036,-17.362479444526457,-5.805935316918558,-13.895516206244087,-0.9574021372065785,0,4,-8.8,7.531023628651411,-7.600525434153342,418,Outside Field,Locked Out,Out
VMI Keydets,104.46299884711739,117.60284756727158,68.621875,104.96092167290426,127.1534659091013,66.39,99.94419884937747,111.65214114459182,93.50766811426972,127.9866082454941,105.70127244799396,121.22472806612136,68.195,69.43928571428572,66.94166666666666,102.94417994363695,120.53378422755647,67.811875,1348.9393992074492,-17.589604283919513,-6.04242403170203,-14.125450208254268,-4.787846732769775,0,2,-4.4,-9.052695516042846,-8.305505465170844,434,Outside Field,Locked Out,Out
Western Illinois Leathernecks,96.29760333846755,113.95903060669544,67.40403225806452,90.28228529888528,115.55810508068846,67.255,93.71728623514004,99.04994158201688,96.29760333846755,119.4233022715147,108.13047416422157,113.95903060669544,66.8328125,68.01333333333334,67.40403225806452,94.79377382857199,114.35879922519369,67.3667741935484,1348.2552235162373,-19.565025396621706,-6.06979105935051,-15.516455095440348,-1.769952515369798,0,3,-6.6000000000000005,-7.614392513575297,-8.35729287006027,436,Outside Field,Locked Out,Out
Gardner-Webb Runnin' Bulldogs,95.99752342324857,120.1329905458948,70.96742424242424,97.88209816316787,111.24151247253947,66.91499999999999,89.03378633442749,106.50235519166857,89.71176853116782,123.89785101296869,118.32368848267843,110.95378038305238,71.1828125,71.68076923076923,67.7875,95.52580387441627,116.5332395031296,69.47732954545454,1344.7344990467184,-21.007435628713324,-6.210620038131265,-16.568390951538706,1.3203260517269044,0,1,-2.2,10.776052813274632,-6.03501530216368,385,Outside Field,Locked Out,Out
UL Monroe Warhawks,100.8082573108723,117.43020588098587,71.75546875,105.62100211874554,124.89536355506922,69.475,97.36947019874104,103.08269531122035,109.29255724073084,125.3511290466754,107.77477461731058,117.0254844732345,70.7875,72.88653846153846,72.01666666666667,103.28408850231939,119.23578708834398,71.22453125,1335.796716401333,-15.951698586024591,-6.568131343946679,-13.136628413401217,-1.2587535664553524,0,5,-11.0,-2.6524128662101276,-8.299962023798642,433,Outside Field,Locked Out,Out
Kansas City Roos,96.18721577631443,116.19035731397241,72.03145161290323,88.52713942465104,119.31082541060066,72.5,92.36891085574476,101.040281398666,89.3371757925072,119.20389526402802,112.48337045211449,119.87156617909382,71.98125,72.27678571428571,69.4,93.2446906908275,117.52265566789768,71.75387096774193,1334.670222755772,-24.277964977070184,-6.613191089769116,-18.978532810879862,0.2088272268517204,0,0,0.0,-10.780544448291636,-7.378021947285525,415,Outside Field,Locked Out,Out
Air Force Falcons,91.3093071796826,118.73948268471875,67.3953125,91.6094121108011,116.29882105477793,67.015,87.03168954929917,95.64636293270576,77.94151118477492,119.580417885963,118.7677409772269,113.43954684468002,65.80416666666667,68.23055555555555,69.425,89.37916401322609,117.33432690122774,67.6046875,1329.070212208993,-27.955162888001652,-6.837191511640276,-21.619771475093238,3.7968706497486564,0,2,-4.4,2.740766561059317,-7.918732992404786,424,Outside Field,Locked Out,Out
Mississippi Valley State Delta Devils,91.15748994840267,118.22500754035055,70.69772727272728,94.43259320131936,110.69267631317322,69.1,88.07892735188217,94.83350696743932,97.17632398989811,122.69114874339718,110.81482235329014,117.1101256069433,70.87763157894737,70.98409090909091,68.50833333333333,92.87909086785616,116.17469244354513,69.96988636363636,1306.2556288534115,-23.295601575688963,-7.74977484586354,-18.631853556741333,-2.3362421480382904,0,8,-17.6,10.807434480094017,-12.025112092362399,504,Outside Field,Locked Out,Out
Queens University Royals,119.2635401876988,115.92447683408135,71.31911764705882,118.60508672741737,108.86846304858193,73.10499999999999,112.72805163867328,128.89791289241197,111.68518991730478,121.66819555811303,111.85500435435115,107.19275561701033,70.1203125,71.81428571428572,74.38125,117.96217428206933,112.85071520514583,72.22490808823528,1500.0,5.111459076923495,0.0,3.5780213538464465,-1.3630863961906927,1,0,1.8,6.397560325217995,1.5441991180906434,124,Outside Field,Locked Out,Out
Lindenwood Lions,105.20606829758795,98.99310589581776,73.7128787878788,99.84770961903148,98.48363550360706,70.64,98.91561910074208,113.85676130501541,98.3852299794378,103.9499610167982,94.532499526958,93.37270830526761,72.9421875,74.36428571428573,74.78333333333333,102.84335288022629,98.02267865918256,73.10522727272728,1500.0,4.820674221043731,0.0,3.3744719547306117,-5.530448295232302,0,0,0.0,-4.848888286345769,-0.7123186143246192,221,Outside Field,Locked Out,Out
Southern Indiana Screaming Eagles,98.51548159257098,107.04745502054953,69.68166666666666,108.53712450182402,116.07638177050993,65.2,96.58284104593257,99.94144641561896,103.74151434254725,109.48977721335574,102.4832150668178,118.39759827375926,68.95166666666667,69.82307692307693,74.2375,101.80479723238066,111.00720819602108,69.244625,1500.0,-9.202410963640418,0.0,-6.441687674548292,-3.4362493600447683,0,3,-6.6000000000000005,0.9927161592926552,-5.222010065546143,365,Outside Field,Locked Out,Out
Adams State Grizzlies,80.67226890756302,93.1537598204265,89.25,80.67226890756302,93.1537598204265,89.25,80.67226890756302,80.67226890756302,80.67226890756302,93.1537598204265,93.1537598204265,93.1537598204265,89.25,89.25,89.25,80.67226890756302,93.1537598204265,89.25,1500.0,-12.481490912863478,0.0,-8.737043639004433,1.8873477349144119,0,0,0.0,0.0,-2.6348443757356117,292,Outside Field,Locked Out,Out
Adrian Bulldogs,75.74901074053138,127.52633077142043,88.45,75.74901074053138,127.52633077142043,88.45,75.74901074053138,75.74901074053138,75.74901074053138,127.52633077142043,127.52633077142043,127.52633077142043,88.45,88.45,88.45,75.74901074053138,127.52633077142043,88.45,1500.0,-51.77732003088906,0.0,-36.24412402162234,-2.2829519427129585,0,0,0.0,0.0,-14.267254669157321,555,Outside Field,Locked Out,Out
Alaska Anchorage Seawolves,92.77566539923954,144.93836384011954,65.75,92.77566539923954,144.93836384011954,65.75,92.77566539923954,92.77566539923954,92.77566539923954,144.93836384011954,144.93836384011954,144.93836384011954,65.75,65.75,65.75,92.77566539923954,144.93836384011954,65.75,1500.0,-52.16269844087999,0.0,-36.51388890861599,-2.836421021902623,0,0,0.0,0.0,-14.550483230297544,566,Outside Field,Locked Out,Out
Albany St (GA) Golden Rams,106.42709053213547,131.91489361702128,72.35,106.42709053213547,131.91489361702128,72.35,106.42709053213547,106.42709053213547,106.42709053213547,131.91489361702128,131.91489361702128,131.91489361702128,72.35,72.35,72.35,106.42709053213547,131.91489361702128,72.35,1500.0,-25.48780308488581,0.0,-17.841462159420068,1.4120071678235255,0,0,0.0,0.0,-6.186354239773434,388,Outside Field,Locked Out,Out
Alfred State Pioneers,77.03703703703704,160.91954022988503,84.375,77.03703703703704,160.91954022988503,84.375,77.03703703703704,77.03703703703704,77.03703703703704,160.91954022988503,160.91954022988503,160.91954022988503,84.375,84.375,84.375,77.03703703703704,160.91954022988503,84.375,1500.0,-83.88250319284799,0.0,-58.71775223499359,5.361903842277571,0,0,0.0,0.0,-20.123905065381724,692,Outside Field,Locked Out,Out
Alice Lloyd College Eagles,85.75197889182058,152.31788079470198,75.8,85.75197889182058,152.31788079470198,75.8,85.75197889182058,85.75197889182058,85.75197889182058,152.31788079470198,152.31788079470198,152.31788079470198,75.8,75.8,75.8,85.75197889182058,152.31788079470198,75.8,1500.0,-66.5659019028814,0.0,-46.596131332016974,1.4320068965174073,0,0,0.0,0.0,-16.9011381208013,635,Outside Field,Locked Out,Out
Allegheny Gators,62.25117625769091,117.31843575418995,69.075,62.25117625769091,117.31843575418995,69.075,62.25117625769091,62.25117625769091,62.25117625769091,117.31843575418995,117.31843575418995,117.31843575418995,69.075,69.075,69.075,62.25117625769091,117.31843575418993,69.075,1500.0,-55.06725949649903,0.0,-38.54708164754932,-8.125761908001879,0,1,-2.2,0.0,-17.626056158226866,653,Outside Field,Locked Out,Out
Angelo State Rams,73.66984993178718,101.1826544021025,73.3,73.66984993178718,101.1826544021025,73.3,73.66984993178718,73.66984993178718,73.66984993178718,101.1826544021025,101.1826544021025,101.1826544021025,73.3,73.3,73.3,73.66984993178718,101.1826544021025,73.3,1500.0,-27.512804470315317,0.0,-19.25896312922072,-3.0723873324641477,0,0,0.0,0.0,-8.194729786465466,430,Outside Field,Locked Out,Out
Apprentice School Builders,77.1020272515786,125.58450233800936,75.225,77.1020272515786,125.58450233800936,75.225,77.1020272515786,77.1020272515786,77.1020272515786,125.58450233800936,125.58450233800936,125.58450233800936,75.225,75.225,75.225,77.1020272515786,125.58450233800936,75.225,1500.0,-48.48247508643075,0.0,-33.93773256050152,-3.083273815498454,0,0,0.0,0.0,-13.671406356672916,533,Outside Field,Locked Out,Out
Aquinas Saints,60.38647342995169,154.61788138093834,82.8,60.38647342995169,154.61788138093834,82.8,60.38647342995169,60.38647342995169,60.38647342995169,154.61788138093834,154.61788138093834,154.61788138093834,82.8,82.8,82.8,60.38647342995169,154.61788138093834,82.8,1500.0,-94.23140795098665,0.0,-65.96198556569065,8.15451630905649,0,0,0.0,0.0,-21.903407093218874,706,Outside Field,Locked Out,Out
Arcadia ARCADIA,95.41284403669725,126.3157894736842,68.125,95.41284403669725,126.3157894736842,68.125,95.41284403669725,95.41284403669725,95.41284403669725,126.3157894736842,126.3157894736842,126.3157894736842,68.125,68.125,68.125,95.41284403669724,126.3157894736842,68.125,1500.0,-30.90294543698697,0.0,-21.632061805890878,6.492755820071999,0,0,0.0,0.0,-5.923059338429839,383,Outside Field,Locked Out,Out
Arkansas Baptist Buffaloes,83.64733154217522,103.31034590470388,76.09166666666665,83.64733154217522,103.31034590470388,76.09166666666665,83.64733154217522,83.64733154217522,83.64733154217522,103.31034590470388,103.31034590470388,103.31034590470388,76.09166666666665,76.09166666666665,76.09166666666665,83.64733154217522,103.31034590470388,76.09166666666665,1500.0,-19.663014362528656,0.0,-13.76411005377006,-6.2349113603442,0,1,-2.2,0.0,-7.761567497533565,421,Outside Field,Locked Out,Out
Arkansas Tech Wonder Boys,84.45040214477213,140.0523560209424,74.6,84.45040214477213,140.0523560209424,74.6,84.45040214477213,84.45040214477213,84.45040214477213,140.0523560209424,140.0523560209424,140.0523560209424,74.6,74.6,74.6,84.45040214477211,140.0523560209424,74.6,1500.0,-55.601953876170285,0.0,-38.9213677133192,4.193851113519464,0,0,0.0,0.0,-13.128139094219021,522,Outside Field,Locked Out,Out
Arlington Baptist Patriots,72.19193567189812,143.8104034211253,84.04166666666667,72.19193567189812,143.8104034211253,84.04166666666667,72.19193567189812,72.19193567189812,72.19193567189812,143.8104034211253,143.8104034211253,143.8104034211253,84.04166666666667,84.04166666666667,84.04166666666667,72.19193567189812,143.8104034211253,84.04166666666667,1500.0,-71.61846774922718,0.0,-50.13292742445902,0.5419410635373322,0,0,0.0,0.0,-18.513579531580977,673,Outside Field,Locked Out,Out
Auburn-Montgomery Senators,54.833040421792624,93.61702127659575,71.125,54.833040421792624,93.61702127659575,71.125,54.833040421792624,54.833040421792624,54.833040421792624,93.61702127659575,93.61702127659575,93.61702127659575,71.125,71.125,71.125,54.83304042179262,93.61702127659575,71.125,1500.0,-38.78398085480313,0.0,-27.148786598362193,0.821684556174259,0,0,0.0,0.0,-9.851463099566114,455,Outside Field,Locked Out,Out
Averett Cougars,65.02438769553277,139.28994693700577,77.76249999999999,65.02438769553277,139.28994693700577,77.76249999999999,65.02438769553277,65.02438769553277,65.02438769553277,139.28994693700577,139.28994693700577,139.28994693700577,77.76249999999999,77.76249999999999,77.76249999999999,65.02438769553277,139.28994693700577,77.76249999999997,1500.0,-74.265559241473,0.0,-51.985891469031095,10.108114903276213,0,0,0.0,0.0,-16.047633043943303,614,Outside Field,Locked Out,Out
Baptist (Fl) Eagles,51.64690382081687,129.75272533900556,94.875,51.64690382081687,129.75272533900556,94.875,51.64690382081687,51.64690382081687,51.64690382081687,129.75272533900556,129.75272533900556,129.75272533900556,94.875,94.875,94.875,51.64690382081687,129.75272533900556,94.875,1500.0,-78.10582151818869,0.0,-54.67407506273208,3.3814202215956684,0,0,0.0,0.0,-19.269750743120678,686,Outside Field,Locked Out,Out
Barber Scotia BARBER SCOTIA,100.0,100.0,67.0,100.0,100.0,67.0,100.0,100.0,100.0,100.0,100.0,100.0,67.0,67.0,67.0,100.0,100.0,67.0,1500.0,0.0,0.0,0.0,1.4120071678235255,0,0,0.0,0.0,0.46596236538176344,162,Outside Field,Locked Out,Out
Belmont Abbey Crusaders,74.80748074807481,139.4857344135259,68.175,74.80748074807481,139.4857344135259,68.175,74.80748074807481,74.80748074807481,74.80748074807481,139.4857344135259,139.4857344135259,139.4857344135259,68.175,68.175,68.175,74.80748074807481,139.4857344135259,68.17499999999998,1500.0,-64.6782536654511,0.0,-45.27477756581576,-4.5468577228283955,0,0,0.0,0.0,-18.381487255216104,671,Outside Field,Locked Out,Out
Benedictine (AZ) Redhawks,72.59528130671505,135.38833484436387,82.65,72.59528130671505,135.38833484436387,82.65,72.59528130671505,72.59528130671505,72.59528130671505,135.38833484436387,135.38833484436387,135.38833484436387,82.65,82.65,82.65,72.59528130671505,135.38833484436384,82.65,1500.0,-62.79305353764879,0.0,-43.955137476354146,-10.429937178656756,0,1,-2.2,0.0,-20.40286624228306,695,Outside Field,Locked Out,Out
Benedictine University (IL) Eagles,80.23293432546102,147.12354605469977,77.275,80.23293432546102,147.12354605469977,77.275,80.23293432546102,80.23293432546102,80.23293432546102,147.12354605469977,147.12354605469977,147.12354605469977,77.275,77.275,77.275,80.232934325461,147.12354605469977,77.275,1500.0,-66.89061172923877,0.0,-46.823428210467135,-14.524166516396878,0,1,-2.2,0.0,-22.823424611742286,712,Outside Field,Locked Out,Out
Berea Mountaineers,86.22431795217246,116.25549172017575,74.225,86.22431795217246,116.25549172017575,74.225,86.22431795217246,86.22431795217246,86.22431795217246,116.25549172017575,116.25549172017575,116.25549172017575,74.225,74.225,74.225,86.22431795217246,116.25549172017577,74.225,1500.0,-30.031173768003313,0.0,-21.02182163760232,-1.1357225553151895,0,0,0.0,0.0,-8.212924796702877,431,Outside Field,Locked Out,Out
Bethany (WV) Bison,71.32079080286186,121.69067716791871,82.25,71.32079080286186,121.69067716791871,82.25,71.32079080286186,71.32079080286186,71.32079080286186,121.69067716791871,121.69067716791871,121.69067716791871,82.25,82.25,82.25,71.32079080286186,121.6906771679187,82.25,1500.0,-50.36988636505683,0.0,-35.25892045553978,5.133400532566046,0,0,0.0,0.0,-11.452518165533037,494,Outside Field,Locked Out,Out
Bethel (TN) Wildcats,84.27134125106993,121.8731394497998,80.7875,84.27134125106993,121.8731394497998,80.7875,84.27134125106993,84.27134125106993,84.27134125106993,121.8731394497998,121.8731394497998,121.8731394497998,80.7875,80.7875,80.7875,84.27134125106991,121.8731394497998,80.7875,1500.0,-37.60179819872988,0.0,-26.321258739110917,1.2633657872470465,0,0,0.0,0.0,-9.397158620076974,450,Outside Field,Locked Out,Out
Bethesda University Flames,72.35988633634088,139.66993545911296,81.27499999999999,73.92099000966356,139.5348931425446,80.46,72.35988633634088,72.35988633634088,72.35988633634088,139.66993545911296,139.66993545911296,139.66993545911296,81.27499999999999,81.27499999999999,81.27499999999999,72.75016225467154,139.63617487997087,81.07124999999999,1500.0,-66.88601262529933,0.0,-46.82020883770953,1.5789193331991906,0,1,-2.2,1.6961459898910363,-17.457321535550662,647,Outside Field,Locked Out,Out
Blackburn Beavers,69.52820148989004,149.7326203208556,70.475,69.52820148989004,149.7326203208556,70.475,69.52820148989004,69.52820148989004,69.52820148989004,149.7326203208556,149.7326203208556,149.7326203208556,70.475,70.475,70.475,69.52820148989004,149.7326203208556,70.475,1500.0,-80.20441883096557,0.0,-56.143093181675894,-4.079143999244623,0,0,0.0,0.0,-22.27947083463274,708,Outside Field,Locked Out,Out
Bloomfield Deacons,108.58143607705779,114.28571428571428,85.65,108.58143607705779,114.28571428571428,85.65,108.58143607705779,108.58143607705779,108.58143607705779,114.28571428571428,114.28571428571428,114.28571428571428,85.65,85.65,85.65,108.58143607705777,114.28571428571428,85.65,1500.0,-5.704278208656504,0.0,-3.9929947460595527,1.1916902182561282,0,0,0.0,0.0,-1.0955588404348253,232,Outside Field,Locked Out,Out
Bloomsburg Huskies,66.95212144803426,127.34944380514001,64.225,66.95212144803426,127.34944380514001,64.225,66.95212144803426,66.95212144803426,66.95212144803426,127.34944380514001,127.34944380514001,127.34944380514001,64.225,64.225,64.225,66.95212144803426,127.34944380514001,64.225,1500.0,-60.39732235710575,0.0,-42.27812564997402,2.0103902018149533,0,0,0.0,0.0,-15.100272368605665,585,Outside Field,Locked Out,Out
Blue Mountain Toppers,80.17099407827885,135.7609982174688,75.075,80.17099407827885,135.7609982174688,75.075,80.17099407827885,80.17099407827885,80.17099407827885,135.7609982174688,135.7609982174688,135.7609982174688,75.075,75.075,75.075,80.17099407827885,135.7609982174688,75.075,1500.0,-55.59000413918994,0.0,-38.91300289743296,-1.158166111722263,0,0,0.0,0.0,-14.891185897196923,577,Outside Field,Locked Out,Out
Bluefield State Big Blues,92.17982621836042,122.17374057913526,66.175,92.17982621836042,122.17374057913526,66.175,92.17982621836042,92.17982621836042,92.17982621836042,122.17374057913526,122.17374057913526,122.17374057913526,66.175,66.175,66.175,92.17982621836042,122.17374057913524,66.175,1500.0,-29.993914360774824,0.0,-20.995740052542374,-5.859085734189127,0,1,-2.2,0.0,-10.333909940444642,468,Outside Field,Locked Out,Out
Bluefield University Ramblin' Rams,98.44559585492227,131.08614232209737,77.2,98.44559585492227,131.08614232209737,77.2,98.44559585492227,98.44559585492227,98.44559585492227,131.08614232209737,131.08614232209737,131.08614232209737,77.2,77.2,77.2,98.44559585492227,131.08614232209737,77.2,1500.0,-32.6405464671751,0.0,-22.84838252702257,1.7006454592672002,0,0,0.0,0.0,-7.957969626374524,425,Outside Field,Locked Out,Out
Bob Jones Bruins,72.24852581679794,138.9250324006774,76.25833333333333,72.24852581679794,138.9250324006774,76.25833333333333,72.24852581679794,72.24852581679794,72.24852581679794,138.9250324006774,138.9250324006774,138.9250324006774,76.25833333333333,76.25833333333333,76.25833333333333,72.24852581679794,138.9250324006774,76.25833333333333,1500.0,-66.67650658387946,0.0,-46.67355460871562,3.019986737314724,0,0,0.0,0.0,-16.40597259507868,627,Outside Field,Locked Out,Out
Bowie State Bulldogs,85.74091332712023,102.16346153846155,80.475,85.74091332712023,102.16346153846155,80.475,85.74091332712023,85.74091332712023,85.74091332712023,102.16346153846155,102.16346153846155,102.16346153846155,80.475,80.475,80.475,85.74091332712023,102.16346153846155,80.475,1500.0,-16.422548211341322,0.0,-11.495783747938924,13.333946508452904,0,0,0.0,0.0,0.11391726462937335,176,Outside Field,Locked Out,Out
Boyce Bulldogs,79.3465577596266,136.73232908458866,85.7,79.3465577596266,136.73232908458866,85.7,79.3465577596266,79.3465577596266,79.3465577596266,136.73232908458866,136.73232908458866,136.73232908458866,85.7,85.7,85.7,79.3465577596266,136.73232908458866,85.7,1500.0,-57.38577132496205,0.0,-40.17003992747343,-1.226625471661778,0,0,0.0,0.0,-15.382472721463483,595,Outside Field,Locked Out,Out
Brandeis Judges,92.63477600607442,120.51868802440886,65.85,92.63477600607442,120.51868802440886,65.85,92.63477600607442,92.63477600607442,92.63477600607442,120.51868802440886,120.51868802440886,120.51868802440886,65.85,65.85,65.85,92.63477600607442,120.51868802440886,65.85,1500.0,-27.883912018334442,0.0,-19.518738412834107,11.648812013180411,0,0,0.0,0.0,-3.433593072435754,321,Outside Field,Locked Out,Out
Brescia Bearcats,67.23578858310562,110.7205672348108,76.625,67.23578858310562,110.7205672348108,76.625,67.23578858310562,67.23578858310562,67.23578858310562,110.7205672348108,110.7205672348108,110.7205672348108,76.625,76.625,76.625,67.23578858310562,110.7205672348108,76.625,1500.0,-43.484778651705184,0.0,-30.439345056193627,4.2909676028189985,0,0,0.0,0.0,-9.933507919164782,458,Outside Field,Locked Out,Out
Brevard Tornados,88.45208845208846,106.98159083014937,71.225,88.45208845208846,106.98159083014937,71.225,88.45208845208846,88.45208845208846,88.45208845208846,106.98159083014937,106.98159083014937,106.98159083014937,71.225,71.225,71.225,88.45208845208846,106.98159083014937,71.225,1500.0,-18.52950237806091,0.0,-12.970651664642638,-16.568390951538706,0,1,-2.2,0.0,-10.875769134681672,477,Outside Field,Locked Out,Out
Brewton-Parker Wildcats,75.77263827439612,105.27042959921128,67.9875,75.77263827439612,105.27042959921128,67.9875,75.77263827439612,75.77263827439612,75.77263827439612,105.27042959921128,105.27042959921128,105.27042959921128,67.9875,67.9875,67.9875,75.77263827439612,105.27042959921128,67.9875,1500.0,-29.497791324815168,0.0,-20.648453927370618,-5.883332836445136,0,1,-2.2,0.0,-10.212423371803652,464,Outside Field,Locked Out,Out
Bryan (TN) Lions,69.3736080807464,139.58276864749956,74.5125,69.3736080807464,139.58276864749956,74.5125,69.3736080807464,69.3736080807464,69.3736080807464,139.58276864749956,139.58276864749956,139.58276864749956,74.5125,74.5125,74.5125,69.3736080807464,139.58276864749956,74.5125,1500.0,-70.20916056675317,0.0,-49.146412396727214,1.4444108848786552,0,0,0.0,0.0,-17.847935315912622,654,Outside Field,Locked Out,Out
Bryant & Stratton (Ohio) Bobcats,89.27918038785218,143.84308027606247,68.325,89.27918038785218,143.84308027606247,68.325,89.27918038785218,89.27918038785218,89.27918038785218,143.84308027606247,143.84308027606247,143.84308027606247,68.325,68.325,68.325,89.27918038785218,143.84308027606247,68.325,1500.0,-54.56389988821029,0.0,-38.1947299217472,0.607623208628437,0,0,0.0,0.0,-14.0406622119755,549,Outside Field,Locked Out,Out
Bryant Str-Alb Bobcats,46.617028164454524,117.12285168682368,77.225,46.617028164454524,117.12285168682368,77.225,46.617028164454524,46.617028164454524,46.617028164454524,117.12285168682368,117.12285168682368,117.12285168682368,77.225,77.225,77.225,46.61702816445452,117.1228516868237,77.22499999999998,1500.0,-70.50582352236918,0.0,-49.35407646565842,1.1916902182561282,0,0,0.0,0.0,-18.008762167313836,659,Outside Field,Locked Out,Out
Buena Vista Beavers,76.1068422978412,146.81647940074907,68.325,76.1068422978412,146.81647940074907,68.325,76.1068422978412,76.1068422978412,76.1068422978412,146.81647940074907,146.81647940074907,146.81647940074907,68.325,68.325,68.325,76.1068422978412,146.81647940074907,68.325,1500.0,-70.70963710290788,0.0,-49.49674597203551,-1.1695735605957729,0,0,0.0,0.0,-18.84117455885556,678,Outside Field,Locked Out,Out
Caldwell Cougars,84.2627013630731,120.11260556771974,80.7,84.2627013630731,120.11260556771974,80.7,84.2627013630731,84.2627013630731,84.2627013630731,120.11260556771974,120.11260556771974,120.11260556771974,80.7,80.7,80.7,84.2627013630731,120.11260556771973,80.7,1500.0,-35.84990420464662,0.0,-25.094932943252633,4.673492625331742,0,0,0.0,0.0,-7.814572431053294,422,Outside Field,Locked Out,Out
Caltech CALTECH,85.52803129074316,144.22057264050903,95.875,85.52803129074316,144.22057264050903,95.875,85.52803129074316,85.52803129074316,85.52803129074316,144.22057264050903,144.22057264050903,144.22057264050903,95.875,95.875,95.875,85.52803129074316,144.22057264050903,95.875,1500.0,-58.692541349765875,0.0,-41.08477894483611,3.0451338044109315,0,0,0.0,0.0,-14.313859136833285,556,Outside Field,Locked Out,Out
Calumet Crimson Wave,77.92756341494524,137.20258228313247,69.2,77.92756341494524,137.20258228313247,69.2,77.92756341494524,77.92756341494524,77.92756341494524,137.20258228313247,137.20258228313247,137.20258228313247,69.2,69.2,69.2,77.92756341494524,137.20258228313247,69.2,1500.0,-59.27501886818723,0.0,-41.49251320773106,-6.0476069155095065,0,1,-2.2,0.0,-18.038490206715004,660,Outside Field,Locked Out,Out
Cameron Aggies,82.46073298429319,116.83417085427136,76.4,82.46073298429319,116.83417085427136,76.4,82.46073298429319,82.46073298429319,82.46073298429319,116.83417085427136,116.83417085427136,116.83417085427136,76.4,76.4,76.4,82.46073298429319,116.83417085427135,76.4,1500.0,-34.37343786997816,0.0,-24.06140650898471,-3.0723873324641477,0,0,0.0,0.0,-9.985355103777469,461,Outside Field,Locked Out,Out
Campbellsville Tigers,83.89619623178102,140.88397790055248,70.325,83.89619623178102,140.88397790055248,70.325,83.89619623178102,83.89619623178102,83.89619623178102,140.88397790055248,140.88397790055248,140.88397790055248,70.325,70.325,70.325,83.896196231781,140.88397790055245,70.325,1500.0,-56.98778166877145,0.0,-39.89144716814001,3.6624541298092828,0,0,0.0,0.0,-13.665201152712283,532,Outside Field,Locked Out,Out
Capital Crusaders,98.93992932862191,102.01149425287358,70.75,98.93992932862191,102.01149425287358,70.75,98.93992932862191,98.93992932862191,98.93992932862191,102.01149425287358,102.01149425287358,102.01149425287358,70.75,70.75,70.75,98.93992932862191,102.01149425287356,70.75,1500.0,-3.0715649242516463,0.0,-2.1500954469761524,-7.1902085837960925,0,1,-2.2,0.0,-3.7464472778823903,335,Outside Field,Locked Out,Out
Carolina University Bruins,71.85300431558052,136.55470845817806,70.7,71.85300431558052,136.55470845817806,70.7,71.85300431558052,71.85300431558052,71.85300431558052,136.55470845817806,136.55470845817806,136.55470845817806,70.7,70.7,70.7,71.85300431558052,136.55470845817806,70.7,1500.0,-64.70170414259753,0.0,-45.29119289981827,0.6054692230058606,0,1,-2.2,0.0,-17.25933993762602,643,Outside Field,Locked Out,Out
Catawba Chiefs,90.11627906976744,123.43021169716542,68.8,90.11627906976744,123.43021169716542,68.8,90.11627906976744,90.11627906976744,90.11627906976744,123.43021169716542,123.43021169716542,123.43021169716542,68.8,68.8,68.8,90.11627906976744,123.43021169716542,68.79999999999998,1500.0,-33.313932627397975,0.0,-23.31975283917858,8.158923583403372,0,0,0.0,0.0,-6.002491633227759,384,Outside Field,Locked Out,Out
Centenary (LA) Gentlemen,77.20465890183029,123.32990750256938,75.125,77.20465890183029,123.32990750256938,75.125,77.20465890183029,77.20465890183029,77.20465890183029,123.32990750256938,123.32990750256938,123.32990750256938,75.125,75.125,75.125,77.20465890183029,123.32990750256937,75.125,1500.0,-46.125248600739084,0.0,-32.28767402051736,0.6343953265484917,0,0,0.0,0.0,-11.829339427031899,500,Outside Field,Locked Out,Out
Centenary (NJ) Cyclones,67.02412868632707,150.50275705481673,74.6,67.02412868632707,150.50275705481673,74.6,67.02412868632707,67.02412868632707,67.02412868632707,150.50275705481673,150.50275705481673,150.50275705481673,74.6,74.6,74.6,67.02412868632707,150.5027570548167,74.6,1500.0,-83.47862836848962,0.0,-58.43503985794273,-1.6280009646883058,0,0,0.0,0.0,-22.32516232252293,710,Outside Field,Locked Out,Out
Central Penn Knights,78.59477793762854,127.90803593448497,80.2,78.59477793762854,127.90803593448497,80.2,78.59477793762854,78.59477793762854,78.59477793762854,127.90803593448497,127.90803593448497,127.90803593448497,80.2,80.2,80.2,78.59477793762854,127.90803593448497,80.2,1500.0,-49.313257996856436,0.0,-34.5192805977995,-4.891851959594731,0,1,-2.2,0.0,-15.057071483845789,583,Outside Field,Locked Out,Out
Central State (OH) Marauders,89.52360010244797,130.57079916019404,77.0375,89.52360010244797,130.57079916019404,77.0375,89.52360010244797,89.52360010244797,89.52360010244797,130.57079916019404,130.57079916019404,130.57079916019404,77.0375,77.0375,77.0375,89.52360010244797,130.57079916019404,77.0375,1500.0,-41.04719905774607,0.0,-28.73303934042225,1.9875513700153435,0,0,0.0,0.0,-10.05742700196666,463,Outside Field,Locked Out,Out
Chaminade Silverswords,99.1276073393132,127.48420354433466,80.73333333333333,99.1276073393132,127.48420354433466,80.73333333333333,99.1276073393132,98.0753603929192,101.23210123210123,127.48420354433466,125.73673870333988,130.97913322632425,80.73333333333333,83.5625,75.075,99.4432814232314,128.0084429966331,79.88458333333334,1500.0,-28.56516157340171,0.0,-19.995613101381196,2.0857399647885697,0,0,0.0,0.0,-6.767212982277618,406,Outside Field,Locked Out,Out
Champion Christian Tigers,73.76530740111993,139.45333113279978,85.55416666666667,72.82736103584,137.69707585366962,86.095,73.76530740111993,73.76530740111993,73.76530740111993,139.45333113279978,139.45333113279978,139.45333113279978,85.55416666666667,85.55416666666667,85.55416666666667,73.53082080979993,139.01426731301723,85.689375,1500.0,-65.4834465032173,0.0,-45.8384125522521,4.458000675208452,0,0,0.0,0.8183089138502311,-15.595490047105416,602,Outside Field,Locked Out,Out
Cheyney (PA) Wolves,86.81622241574547,128.4457753455783,74.2125,86.81622241574547,128.4457753455783,74.2125,86.81622241574547,86.81622241574547,86.81622241574547,128.4457753455783,128.4457753455783,128.4457753455783,74.2125,74.2125,74.2125,86.81622241574547,128.4457753455783,74.2125,1500.0,-41.62955292983284,0.0,-29.140687050882985,-6.5418901581592275,0,1,-2.2,0.0,-13.596137066878917,529,Outside Field,Locked Out,Out
Christendom Crusaders,50.50859347597334,123.95543175487467,71.275,50.50859347597334,123.95543175487467,71.275,50.50859347597334,50.50859347597334,50.50859347597334,123.95543175487467,123.95543175487467,123.95543175487467,71.275,71.275,71.275,50.508593475973335,123.95543175487467,71.275,1500.0,-73.44683827890134,0.0,-51.412786795230936,-14.125450208254268,0,1,-2.2,0.0,-24.40302335951716,724,Outside Field,Locked Out,Out
Christian Brothers Buccaneers,98.27649431609828,137.53166847629387,68.175,98.27649431609828,137.53166847629387,68.175,98.27649431609828,98.27649431609828,98.27649431609828,137.53166847629387,137.53166847629387,137.53166847629387,68.175,68.175,68.175,98.27649431609828,137.53166847629387,68.17499999999998,1500.0,-39.255174160195594,0.0,-27.478621912136916,4.193851113519464,0,0,0.0,0.0,-8.861629588349627,443,Outside Field,Locked Out,Out
Cincinnati Clermont Cougars,76.1169332597904,141.41414141414143,90.65,76.1169332597904,141.41414141414143,90.65,76.1169332597904,76.1169332597904,76.1169332597904,141.41414141414143,141.41414141414143,141.41414141414143,90.65,90.65,90.65,76.1169332597904,141.41414141414143,90.65,1500.0,-65.29720815435103,0.0,-45.70804570804572,5.508262791576062,0,0,0.0,0.0,-15.224844607065517,588,Outside Field,Locked Out,Out
City College NY Beavers,68.05227987421384,144.249627901576,80.8,68.05227987421384,144.249627901576,80.8,68.05227987421384,68.05227987421384,68.05227987421384,144.249627901576,144.249627901576,144.249627901576,80.8,80.8,80.8,68.05227987421384,144.249627901576,80.8,1500.0,-76.19734802736215,0.0,-53.338143619153506,2.164225531641669,0,0,0.0,0.0,-19.173313409699773,683,Outside Field,Locked Out,Out
Cleary University Cougars,67.67397125708315,123.65310667554695,74.39166666666667,67.67397125708315,123.65310667554695,74.39166666666667,67.67397125708315,67.67397125708315,67.67397125708315,123.65310667554695,123.65310667554695,123.65310667554695,74.39166666666667,74.39166666666667,74.39166666666667,67.67397125708315,123.65310667554695,74.39166666666667,1500.0,-55.9791354184638,0.0,-39.185394792924654,-1.502320900245463,0,0,0.0,0.0,-15.106320241300052,586,Outside Field,Locked Out,Out
Clinton College Golden Bears,54.12541254125413,140.14407334643093,75.75,54.12541254125413,140.14407334643093,75.75,54.12541254125413,54.12541254125413,54.12541254125413,140.14407334643093,140.14407334643093,140.14407334643093,75.75,75.75,75.75,54.12541254125412,140.14407334643093,75.74999999999999,1500.0,-86.01866080517681,0.0,-60.21306256362376,5.239901630757959,0,0,0.0,0.0,-20.72170293200102,698,Outside Field,Locked Out,Out
Coastal Georgia Mariner,82.10332237759887,131.34874721901454,73.70833333333333,82.10332237759887,131.34874721901454,73.70833333333333,82.10332237759887,82.10332237759887,82.10332237759887,131.34874721901454,131.34874721901454,131.34874721901454,73.70833333333333,73.70833333333333,73.70833333333333,82.10332237759887,131.34874721901454,73.70833333333331,1500.0,-49.24542484141567,0.0,-34.471797388990964,2.0261747363513027,0,0,0.0,0.0,-12.184418220613559,507,Outside Field,Locked Out,Out
Coe Kohawks,70.39719668370572,124.75017382202904,69.6375,70.39719668370572,124.75017382202904,69.6375,70.39719668370572,70.39719668370572,70.39719668370572,124.75017382202904,124.75017382202904,124.75017382202904,69.6375,69.6375,69.6375,70.39719668370572,124.75017382202904,69.63749999999999,1500.0,-54.352977138323325,0.0,-38.04708399682632,-1.534970237480782,0,1,-2.2,0.0,-15.264667211471046,590,Outside Field,Locked Out,Out
College Of Biblical Studies Ambassadors,62.404342087345476,137.05973022295677,77.67777777777778,69.60768924709569,136.5170355947542,77.595,62.404342087345476,62.404342087345476,62.404342087345476,137.05973022295677,137.05973022295677,137.05973022295677,77.67777777777778,77.67777777777778,77.67777777777778,64.20517887728303,136.92405656590614,77.65708333333333,1500.0,-72.71887768862311,0.0,-50.903214382036175,1.4064872941062991,0,2,-4.4,7.746041787952798,-19.427105016036972,689,Outside Field,Locked Out,Out
Colorado Christian Cougars,93.74255775184568,146.6949045278027,66.1,93.74255775184568,146.6949045278027,66.1,93.74255775184568,93.74255775184568,93.74255775184568,146.6949045278027,146.6949045278027,146.6949045278027,66.1,66.1,66.1,93.74255775184568,146.6949045278027,66.1,1500.0,-52.95234677595701,0.0,-37.06664274316991,1.1383143730182248,0,0,0.0,0.0,-13.444918765428767,526,Outside Field,Locked Out,Out
Colorado College Tigers,79.33194154488518,132.84671532846716,71.85,79.33194154488518,132.84671532846716,71.85,79.33194154488518,79.33194154488518,79.33194154488518,132.84671532846716,132.84671532846716,132.84671532846716,71.85,71.85,71.85,79.33194154488518,132.84671532846716,71.85,1500.0,-53.51477378358197,0.0,-37.46034164850738,5.1130497679390725,0,0,0.0,0.0,-12.280049534095001,510,Outside Field,Locked Out,Out
Colorado-Colorado Springs Mountain Lions,119.03999999999999,163.65366317792578,78.125,119.03999999999999,163.65366317792578,78.125,119.03999999999999,119.03999999999999,119.03999999999999,163.65366317792578,163.65366317792578,163.65366317792578,78.125,78.125,78.125,119.03999999999999,163.65366317792578,78.125,1500.0,-44.61366317792579,0.0,-31.22956422454805,-2.836421021902623,0,0,0.0,0.0,-12.580185026666497,516,Outside Field,Locked Out,Out
Columbia College (SC) Fighting Koalas,85.19134775374377,139.62683828119424,75.125,85.19134775374377,139.62683828119424,75.125,85.19134775374377,85.19134775374377,85.19134775374377,139.62683828119424,139.62683828119424,139.62683828119424,75.125,75.125,75.125,85.19134775374377,139.62683828119424,75.125,1500.0,-54.43549052745047,0.0,-38.104843369215324,-0.5472776721803734,0,1,-2.2,0.0,-14.960264659484096,579,Outside Field,Locked Out,Out
Columbia International Rams,79.83721775686553,132.49572838432647,68.2,79.83721775686553,132.49572838432647,68.2,79.83721775686553,79.83721775686553,79.83721775686553,132.49572838432647,132.49572838432647,132.49572838432647,68.2,68.2,68.2,79.83721775686554,132.49572838432647,68.2,1500.0,-52.65851062746093,0.0,-36.860957439222645,3.9186207729621456,0,0,0.0,0.0,-12.450726418689793,512,Outside Field,Locked Out,Out
Concord Mountain Lions,81.21827411167513,147.2,78.8,81.21827411167513,147.2,78.8,81.21827411167513,81.21827411167513,81.21827411167513,147.2,147.2,147.2,78.8,78.8,78.8,81.21827411167513,147.2,78.79999999999998,1500.0,-65.98172588832486,0.0,-46.187208121827396,17.485415717925935,0,0,0.0,0.0,-11.451043269937228,493,Outside Field,Locked Out,Out
Concordia-Nebraska Clippers,115.02516175413373,135.88110403397027,69.55,115.02516175413373,135.88110403397027,69.55,115.02516175413373,115.02516175413373,115.02516175413373,135.88110403397027,135.88110403397027,135.88110403397027,69.55,69.55,69.55,115.02516175413375,135.88110403397027,69.55,1500.0,-20.855942279836526,0.0,-14.599159595885567,-2.840351645370682,0,0,0.0,0.0,-6.380716978009659,393,Outside Field,Locked Out,Out
Converse University Valkyries,64.9772579597141,135.68340538742933,76.95,64.9772579597141,135.68340538742933,76.95,64.9772579597141,64.9772579597141,64.9772579597141,135.68340538742933,135.68340538742933,135.68340538742933,76.95,76.95,76.95,64.97725795971408,135.68340538742933,76.95,1500.0,-70.70614742771525,0.0,-49.494303199400676,5.063865754315285,0,0,0.0,0.0,-16.78322877970964,633,Outside Field,Locked Out,Out
Crown College Polars,57.486631016042786,120.1484981437732,74.8,57.486631016042786,120.1484981437732,74.8,57.486631016042786,57.486631016042786,57.486631016042786,120.1484981437732,120.1484981437732,120.1484981437732,74.8,74.8,74.8,57.486631016042786,120.14849814377318,74.8,1500.0,-62.661867127730396,0.0,-43.86330698941128,-2.5749785968013263,0,0,0.0,0.0,-17.20449025728207,639,Outside Field,Locked Out,Out
Culver-Stockton Wildcats,57.68600458865946,146.5201465201465,76.275,57.68600458865946,146.5201465201465,76.275,57.68600458865946,57.68600458865946,57.68600458865946,146.5201465201465,146.5201465201465,146.5201465201465,76.275,76.275,76.275,57.686004588659465,146.5201465201465,76.275,1500.0,-88.83414193148704,0.0,-62.183899352040925,3.3744719547306117,0,0,0.0,0.0,-22.072135299057017,707,Outside Field,Locked Out,Out
Cumberland (KY) Patriots,94.40672486259295,133.4214002642008,77.325,94.40672486259295,133.4214002642008,77.325,94.40672486259295,94.40672486259295,94.40672486259295,133.4214002642008,133.4214002642008,133.4214002642008,77.325,77.325,77.325,94.40672486259295,133.4214002642008,77.325,1500.0,-39.014675401607846,0.0,-27.31027278112549,5.508262791576062,0,0,0.0,0.0,-8.365103558599547,437,Outside Field,Locked Out,Out
Cumberland (TN) Phoenix,87.44817188088956,113.32312404287903,66.325,87.44817188088956,113.32312404287903,66.325,87.44817188088956,87.44817188088956,87.44817188088956,113.32312404287903,113.32312404287903,113.32312404287903,66.325,66.325,66.325,87.44817188088956,113.32312404287903,66.325,1500.0,-25.87495216198947,0.0,-18.112466513392626,3.0563440602915137,0,0,0.0,0.0,-5.744768974383051,379,Outside Field,Locked Out,Out
Curry College Colonels,38.46153846153847,140.02478314745971,80.6,38.46153846153847,140.02478314745971,80.6,38.46153846153847,38.46153846153847,38.46153846153847,140.02478314745971,140.02478314745971,140.02478314745971,80.6,80.6,80.6,38.46153846153847,140.02478314745971,80.6,1500.0,-101.56324468592125,0.0,-71.09427128014487,-8.124690785453689,0,1,-2.2,0.0,-29.76115482222516,728,Outside Field,Locked Out,Out
Dakota State Trojans,93.58556092531728,117.93082901953947,67.25,93.58556092531728,117.93082901953947,67.25,93.58556092531728,93.58556092531728,93.58556092531728,117.93082901953947,117.93082901953947,117.93082901953947,67.25,67.25,67.25,93.58556092531728,117.93082901953947,67.25,1500.0,-24.34526809422219,0.0,-17.041687665955532,-1.6491446276294024,0,0,0.0,0.0,-6.8983326997096945,409,Outside Field,Locked Out,Out
Dakota Wesleyan Tigers,87.57062146892656,130.69169273548835,70.8,87.57062146892656,130.69169273548835,70.8,87.57062146892656,87.57062146892656,87.57062146892656,130.69169273548835,130.69169273548835,130.69169273548835,70.8,70.8,70.8,87.57062146892656,130.69169273548835,70.8,1500.0,-43.121071266561785,0.0,-30.18474988659325,-0.5815154437722012,0,0,0.0,0.0,-11.446499697017451,492,Outside Field,Locked Out,Out
Dallas Christian Crusaders,58.38225910450432,133.09279406829765,77.30833333333334,58.38225910450432,133.09279406829765,77.30833333333334,58.38225910450432,58.38225910450432,58.38225910450432,133.09279406829765,133.09279406829765,133.09279406829765,77.30833333333334,77.30833333333334,77.30833333333334,58.38225910450432,133.09279406829762,77.30833333333334,1500.0,-74.7105349637933,0.0,-52.2973744746553,3.2449102843793978,0,0,0.0,0.0,-18.428629231704846,672,Outside Field,Locked Out,Out
Dallas Crusaders,73.45219802372281,135.3209900558218,73.51249999999999,73.45219802372281,135.3209900558218,73.51249999999999,73.45219802372281,73.45219802372281,73.45219802372281,135.3209900558218,135.3209900558218,135.3209900558218,73.51249999999999,73.51249999999999,73.51249999999999,73.45219802372281,135.3209900558218,73.51249999999999,1500.0,-61.86879203209898,0.0,-43.308154422469286,5.743706783364588,0,0,0.0,0.0,-14.252331481867518,554,Outside Field,Locked Out,Out
DeSales Bulldogs,86.83666436940042,135.3331008022323,72.55,86.83666436940042,135.3331008022323,72.55,86.83666436940042,86.83666436940042,86.83666436940042,135.3331008022323,135.3331008022323,135.3331008022323,72.55,72.55,72.55,86.83666436940042,135.3331008022323,72.54999999999998,1500.0,-48.496436432831885,0.0,-33.94750550298232,3.4276263767644894,0,0,0.0,0.0,-11.52645320463684,498,Outside Field,Locked Out,Out
Defiance Yellow Jackets,68.1424275735813,132.1360865956496,76.4625,68.1424275735813,132.1360865956496,76.4625,68.1424275735813,68.1424275735813,68.1424275735813,132.1360865956496,132.1360865956496,132.1360865956496,76.4625,76.4625,76.4625,68.1424275735813,132.1360865956496,76.4625,1500.0,-63.9936590220683,0.0,-44.795561315447806,-2.7015321172231155,0,1,-2.2,0.0,-18.165850603443456,664,Outside Field,Locked Out,Out
Dickinson (PA) Red Devils,56.555269922879184,103.33551340745586,77.8,56.555269922879184,103.33551340745586,77.8,56.555269922879184,56.555269922879184,56.555269922879184,103.33551340745586,103.33551340745586,103.33551340745586,77.8,77.8,77.8,56.55526992287918,103.33551340745586,77.8,1500.0,-46.78024348457669,0.0,-32.74617043920368,-5.180488360032802,0,0,0.0,0.0,-13.91920470828534,543,Outside Field,Locked Out,Out
District Of Columbia Firebirds,97.6952184382525,140.80656185919344,72.675,97.6952184382525,140.80656185919344,72.675,97.6952184382525,97.6952184382525,97.6952184382525,140.80656185919344,140.80656185919344,140.80656185919344,72.675,72.675,72.675,97.6952184382525,140.80656185919344,72.675,1500.0,-43.11134342094094,0.0,-30.177940394658656,13.333946508452904,0,0,0.0,0.0,-6.851858285076127,407,Outside Field,Locked Out,Out
Doane Tigers,101.81818181818181,113.42426417803301,68.75,101.81818181818181,113.42426417803301,68.75,101.81818181818181,101.81818181818181,101.81818181818181,113.42426417803301,113.42426417803301,113.42426417803301,68.75,68.75,68.75,101.8181818181818,113.42426417803301,68.75,1500.0,-11.606082359851214,0.0,-8.12425765189585,-2.840351645370682,0,0,0.0,0.0,-3.966503538893492,338,Outside Field,Locked Out,Out
Dominican (CA) Penguins,97.97048966956622,127.23857933437064,76.575,97.97048966956622,127.23857933437064,76.575,97.97048966956622,97.97048966956622,97.97048966956622,127.23857933437064,127.23857933437064,127.23857933437064,76.575,76.575,76.575,97.97048966956622,127.23857933437064,76.575,1500.0,-29.26808966480442,0.0,-20.487662765363094,-2.5689177530091136,0,1,-2.2,0.0,-9.058714261006962,445,Outside Field,Locked Out,Out
Dominican (IL) Dominican,75.79137226767847,154.26656492556538,83.2375,75.79137226767847,154.26656492556538,83.2375,75.79137226767847,75.79137226767847,75.79137226767847,154.26656492556538,154.26656492556538,154.26656492556538,83.2375,83.2375,83.2375,75.79137226767848,154.26656492556538,83.2375,1500.0,-78.4751926578869,0.0,-54.93263486052082,-2.723329183972619,0,0,0.0,0.0,-21.380723914419445,702,Outside Field,Locked Out,Out
Earlham College Quakers,44.34589800443459,136.71444321940461,67.65,44.34589800443459,136.71444321940461,67.65,44.34589800443459,44.34589800443459,44.34589800443459,136.71444321940461,136.71444321940461,136.71444321940461,67.65,67.65,67.65,44.34589800443458,136.71444321940461,67.65,1500.0,-92.36854521497003,0.0,-64.65798165047902,-0.3782997870978135,0,0,0.0,0.0,-24.233029230849457,722,Outside Field,Locked Out,Out
East-West University Phantoms,70.89941752864685,138.01055367102424,80.05,70.89941752864685,138.01055367102424,80.05,70.89941752864685,70.89941752864685,70.89941752864685,138.01055367102424,138.01055367102424,138.01055367102424,80.05,80.05,80.05,70.89941752864684,138.01055367102424,80.04999999999998,1500.0,-67.1111361423774,0.0,-46.97779529966418,-5.125810168581275,0,2,-4.4,0.0,-20.35152388879232,694,Outside Field,Locked Out,Out
Eastern Oregon Mountaineers,96.84396503450938,129.115244408931,72.775,96.84396503450938,129.115244408931,72.775,96.84396503450938,96.84396503450938,96.84396503450938,129.115244408931,129.115244408931,129.115244408931,72.775,72.775,72.775,96.84396503450938,129.115244408931,72.775,1500.0,-32.271279374421624,0.0,-22.589895562095137,3.4094304078374007,0,0,0.0,0.0,-7.297691882137702,414,Outside Field,Locked Out,Out
Eastern University (PA) Eagles,76.08312786192322,117.40614334470989,70.975,76.08312786192322,117.40614334470989,70.975,76.08312786192322,76.08312786192322,76.08312786192322,117.40614334470989,117.40614334470989,117.40614334470989,70.975,70.975,70.975,76.08312786192322,117.40614334470989,70.975,1500.0,-41.32301548278667,0.0,-28.92611083795067,-13.895516206244087,0,1,-2.2,0.0,-15.942827389067869,610,Outside Field,Locked Out,Out
Ecclesia Royals,71.57893406410194,130.2276609807887,78.10999999999999,71.57893406410194,130.2276609807887,78.10999999999999,71.57893406410194,71.57893406410194,71.57893406410194,130.2276609807887,130.2276609807887,130.2276609807887,78.10999999999999,78.10999999999999,78.10999999999999,71.57893406410194,130.2276609807887,78.10999999999999,1500.0,-58.648726916686755,0.0,-41.05410884168072,-0.5934628670439592,0,1,-2.2,0.0,-16.07516047137975,616,Outside Field,Locked Out,Out
Elizabeth City State Vikings,90.74295967979661,111.72421383838324,72.125,90.74295967979661,111.72421383838324,72.125,90.74295967979661,90.74295967979661,90.74295967979661,111.72421383838324,111.72421383838324,111.72421383838324,72.125,72.125,72.125,90.74295967979661,111.72421383838325,72.125,1500.0,-20.981254158586637,0.0,-14.686877911010646,-4.095310830105631,0,1,-2.2,0.0,-7.399559909325971,416,Outside Field,Locked Out,Out
Elmira Soaring Eagles,90.80590238365494,151.80265654648957,66.075,90.80590238365494,151.80265654648957,66.075,90.80590238365494,90.80590238365494,90.80590238365494,151.80265654648957,151.80265654648957,151.80265654648957,66.075,66.075,66.075,90.80590238365494,151.80265654648957,66.075,1500.0,-60.996754162834634,0.0,-42.69772791398424,-8.200076716715332,0,1,-2.2,0.0,-19.1981781530159,684,Outside Field,Locked Out,Out
Elms College Blazers,52.294518963445555,148.69653566358772,73.9,52.294518963445555,148.69653566358772,73.9,52.294518963445555,52.294518963445555,52.294518963445555,148.69653566358772,148.69653566358772,148.69653566358772,73.9,73.9,73.9,52.294518963445555,148.69653566358772,73.9,1500.0,-96.40201670014217,0.0,-67.48141169009952,-3.7401514961883278,0,0,0.0,0.0,-26.395176352479254,727,Outside Field,Locked Out,Out
Embry-Riddle (AZ) Eagles,107.73951585407433,148.09736030167983,73.325,107.73951585407433,148.09736030167983,73.325,107.73951585407433,107.73951585407433,107.73951585407433,148.09736030167983,148.09736030167983,148.09736030167983,73.325,73.325,73.325,107.73951585407431,148.09736030167983,73.325,1500.0,-40.357844447605515,0.0,-28.250491113323857,-10.429937178656756,0,1,-2.2,0.0,-14.547276669781766,565,Outside Field,Locked Out,Out
Emerson Lions,101.90114068441065,138.56812933025404,65.75,101.90114068441065,138.56812933025404,65.75,101.90114068441065,101.90114068441065,101.90114068441065,138.56812933025404,138.56812933025404,138.56812933025404,65.75,65.75,65.75,101.90114068441065,138.56812933025404,65.75,1500.0,-36.66698864584339,0.0,-25.666892052090372,-3.6256208162656938,0,0,0.0,0.0,-10.766538905932805,476,Outside Field,Locked Out,Out
Emmanuel (MA) Lions,95.30386740331491,134.44213444213443,72.4,95.30386740331491,134.44213444213443,72.4,95.30386740331491,95.30386740331491,95.30386740331491,134.44213444213443,134.44213444213443,134.44213444213443,72.4,72.4,72.4,95.30386740331491,134.44213444213443,72.4,1500.0,-39.13826703881952,0.0,-27.396786927173665,-8.124690785453689,0,1,-2.2,0.0,-13.468235656331615,527,Outside Field,Locked Out,Out
Erskine Flying Fleet,91.56635820040438,142.86689793912342,64.9875,91.56635820040438,142.86689793912342,64.9875,91.56635820040438,91.56635820040438,91.56635820040438,142.86689793912342,142.86689793912342,142.86689793912342,64.9875,64.9875,64.9875,91.56635820040438,142.86689793912342,64.9875,1500.0,-51.30053973871904,0.0,-35.910377817103324,-4.898800056252657,0,1,-2.2,0.0,-15.578044890369046,599,Outside Field,Locked Out,Out
Eureka Red Devils,72.61138565936045,126.63284508697933,76.4375,72.61138565936045,126.63284508697933,76.4375,72.61138565936045,72.61138565936045,72.61138565936045,126.63284508697933,126.63284508697933,126.63284508697933,76.4375,76.4375,76.4375,72.61138565936045,126.63284508697933,76.4375,1500.0,-54.02145942761888,0.0,-37.815021599333214,0.27009397135410174,0,0,0.0,0.0,-14.010469900061672,547,Outside Field,Locked Out,Out
Evangel Crusaders,102.5996533795494,112.79520620373636,72.125,102.5996533795494,112.79520620373636,72.125,102.5996533795494,102.5996533795494,102.5996533795494,112.79520620373636,112.79520620373636,112.79520620373636,72.125,72.125,72.125,102.5996533795494,112.79520620373637,72.125,1500.0,-10.195552824186976,0.0,-7.1368869769308825,-18.978532810879862,0,1,-2.2,0.0,-9.495955114703154,453,Outside Field,Locked Out,Out
Evergreen State Geoducks,80.18402664884995,138.47147707501867,72.4625,80.18402664884995,138.47147707501867,72.4625,80.18402664884995,80.18402664884995,80.18402664884995,138.47147707501867,138.47147707501867,138.47147707501867,72.4625,72.4625,72.4625,80.18402664884995,138.47147707501867,72.4625,1500.0,-58.28745042616872,0.0,-40.8012152983181,6.376724299323794,0,0,0.0,0.0,-13.108705542453183,521,Outside Field,Locked Out,Out
Farmingdale State Rams,81.04395604395604,91.69850642584233,72.8,81.04395604395604,91.69850642584233,72.8,81.04395604395604,81.04395604395604,81.04395604395604,91.69850642584233,91.69850642584233,91.69850642584233,72.8,72.8,72.8,81.04395604395604,91.69850642584231,72.8,1500.0,-10.654550381886267,0.0,-7.458185267320387,-3.980666908091419,0,0,0.0,0.0,-4.094457729342484,342,Outside Field,Locked Out,Out
Fisher College Eagles,87.60876087608762,151.93026151930263,83.325,87.60876087608762,151.93026151930263,83.325,87.60876087608762,87.60876087608762,87.60876087608762,151.93026151930263,151.93026151930263,151.93026151930263,83.325,83.325,83.325,87.60876087608762,151.93026151930263,83.325,1500.0,-64.32150064321502,0.0,-45.02505045025051,-3.6256208162656938,0,0,0.0,0.0,-17.984366537246796,658,Outside Field,Locked Out,Out
Fisk Bulldogs,68.17023921012039,122.32186695786488,79.73125,68.17023921012039,122.32186695786488,79.73125,68.17023921012039,68.17023921012039,68.17023921012039,122.32186695786488,122.32186695786488,122.32186695786488,79.73125,79.73125,79.73125,68.17023921012039,122.32186695786488,79.73125,1500.0,-54.1516277477445,0.0,-37.906139423421145,7.086799700925025,0,0,0.0,0.0,-11.794930940856055,499,Outside Field,Locked Out,Out
Florida Memorial FLORIDA MEMORIAL,83.00536672629696,85.16678495386799,69.875,83.00536672629696,85.16678495386799,69.875,83.00536672629696,83.00536672629696,83.00536672629696,85.16678495386799,85.16678495386799,85.16678495386799,69.875,69.875,69.875,83.00536672629696,85.16678495386799,69.875,1500.0,-2.1614182275710334,0.0,-1.5129927592997232,1.4120071678235255,0,0,0.0,0.0,-0.09816779201427633,181,Outside Field,Locked Out,Out
Florida National Conquistadors,65.50802139037434,134.04114134041143,74.8,65.50802139037434,134.04114134041143,74.8,65.50802139037434,65.50802139037434,65.50802139037434,134.04114134041143,134.04114134041143,134.04114134041143,74.8,74.8,74.8,65.50802139037434,134.0411413404114,74.8,1500.0,-68.53311995003706,0.0,-47.97318396502594,0.057142581919165936,0,0,0.0,0.0,-17.868287254926347,656,Outside Field,Locked Out,Out
Fort Lauderdale Eagles,84.5782805607454,128.45242309477518,77.88333333333334,84.5782805607454,128.45242309477518,77.88333333333334,84.5782805607454,84.5782805607454,84.5782805607454,128.45242309477518,128.45242309477518,128.45242309477518,77.88333333333334,77.88333333333334,77.88333333333334,84.5782805607454,128.45242309477518,77.88333333333334,1500.0,-43.87414253402979,0.0,-30.71189977382085,0.22635349192227716,0,0,0.0,0.0,-11.376454549047423,489,Outside Field,Locked Out,Out
Fort Valley State Wildcats,71.13369323594793,115.49566891241578,78.725,71.13369323594793,115.49566891241578,78.725,71.13369323594793,71.13369323594793,71.13369323594793,115.49566891241578,115.49566891241578,115.49566891241578,78.725,78.725,78.725,71.13369323594793,115.49566891241578,78.725,1500.0,-44.36197567646785,0.0,-31.053382973527494,-7.711579984416426,0,1,-2.2,0.0,-14.69529704641553,568,Outside Field,Locked Out,Out
Franciscan University Barons,78.76599934361667,112.88180610889775,76.175,78.76599934361667,112.88180610889775,76.175,78.76599934361667,78.76599934361667,78.76599934361667,112.88180610889775,112.88180610889775,112.88180610889775,76.175,76.175,76.175,78.76599934361667,112.88180610889775,76.175,1500.0,-34.11580676528108,0.0,-23.881064735696754,-12.52069144999286,0,1,-2.2,0.0,-13.608053744236006,530,Outside Field,Locked Out,Out
Franklin Grizzlies,50.92911218169305,116.25549172017575,72.65,50.92911218169305,116.25549172017575,72.65,50.92911218169305,50.92911218169305,50.92911218169305,116.25549172017575,116.25549172017575,116.25549172017575,72.65,72.65,72.65,50.92911218169305,116.25549172017577,72.65,1500.0,-65.32637953848271,0.0,-45.728465676937894,10.057126430862512,0,0,0.0,0.0,-13.73133333735936,535,Outside Field,Locked Out,Out
Franklin Pierce Ravens,92.48554913294798,97.8835978835979,77.85,92.48554913294798,97.8835978835979,77.85,92.48554913294798,92.48554913294798,92.48554913294798,97.8835978835979,97.8835978835979,97.8835978835979,77.85,77.85,77.85,92.48554913294798,97.88359788359789,77.84999999999998,1500.0,-5.398048750649906,0.0,-3.778634125454934,4.001475767580047,0,0,0.0,0.0,-0.08840372061821,180,Outside Field,Locked Out,Out
Fresno Pacific Sunbirds,71.27882599580713,121.71507607192255,71.55,71.27882599580713,121.71507607192255,71.55,71.27882599580713,71.27882599580713,71.27882599580713,121.71507607192255,121.71507607192255,121.71507607192255,71.55,71.55,71.55,71.27882599580713,121.71507607192254,71.55,1500.0,-50.436250076115414,0.0,-35.305375053280784,-1.9550854150209007,0,0,0.0,0.0,-13.80903945682302,537,Outside Field,Locked Out,Out
Gallaudet Bison,71.21263016459524,149.44463143722652,74.425,71.21263016459524,149.44463143722652,74.425,71.21263016459524,71.21263016459524,71.21263016459524,149.44463143722652,149.44463143722652,149.44463143722652,74.425,74.425,74.425,71.21263016459524,149.44463143722652,74.42499999999998,1500.0,-78.23200127263128,0.0,-54.762400890841896,-7.748503211856775,0,1,-2.2,0.0,-23.5475583920695,714,Outside Field,Locked Out,Out
Geneva Golden Tornadoes,67.89454676778621,132.43147027411894,69.225,67.89454676778621,132.43147027411894,69.225,67.89454676778621,67.89454676778621,67.89454676778621,132.43147027411894,132.43147027411894,132.43147027411894,69.225,69.225,69.225,67.89454676778621,132.43147027411894,69.225,1500.0,-64.53692350633273,0.0,-45.17584645443291,6.0178329625568985,0,0,0.0,0.0,-14.858252157509064,575,Outside Field,Locked Out,Out
George Fox Bruins,72.93946024799418,132.16168717047452,68.55,72.93946024799418,132.16168717047452,68.55,72.93946024799418,72.93946024799418,72.93946024799418,132.16168717047452,132.16168717047452,132.16168717047452,68.55,68.55,68.55,72.93946024799418,132.16168717047452,68.55,1500.0,-59.222226922480345,0.0,-41.45555884573624,4.7454732151352985,0,0,0.0,0.0,-13.890995065772723,541,Outside Field,Locked Out,Out
Georgia College Bobcats,62.656641604010034,137.4187558031569,79.8,62.656641604010034,137.4187558031569,79.8,62.656641604010034,62.656641604010034,62.656641604010034,137.4187558031569,137.4187558031569,137.4187558031569,79.8,79.8,79.8,62.656641604010034,137.4187558031569,79.8,1500.0,-74.76211419914686,0.0,-52.3334799394028,11.797134793430745,0,0,0.0,0.0,-15.619857324145187,603,Outside Field,Locked Out,Out
Georgian Court Lions,77.98495159838328,137.80674422463545,76.95,77.98495159838328,137.80674422463545,76.95,77.98495159838328,77.98495159838328,77.98495159838328,137.80674422463545,137.80674422463545,137.80674422463545,76.95,76.95,76.95,77.98495159838326,137.80674422463545,76.95,1500.0,-59.82179262625219,0.0,-41.87525483837653,2.669222531171439,0,0,0.0,0.0,-14.732644440165247,572,Outside Field,Locked Out,Out
Greensboro College Pride,87.04663212435233,137.9800853485064,72.375,87.04663212435233,137.9800853485064,72.375,87.04663212435233,87.04663212435233,87.04663212435233,137.9800853485064,137.9800853485064,137.9800853485064,72.375,72.375,72.375,87.04663212435233,137.9800853485064,72.375,1500.0,-50.93345322415408,0.0,-35.65341725690785,-4.5468577228283955,0,0,0.0,0.0,-14.794094340037587,573,Outside Field,Locked Out,Out
Gwynedd-Mercy Griffins,85.31816565943832,120.25769506084467,70.325,85.31816565943832,120.25769506084467,70.325,85.31816565943832,85.31816565943832,85.31816565943832,120.25769506084467,120.25769506084467,120.25769506084467,70.325,70.325,70.325,85.31816565943832,120.25769506084467,70.325,1500.0,-34.93952940140635,0.0,-24.45767058098444,-4.147964859801249,0,0,0.0,0.0,-10.488045577501468,470,Outside Field,Locked Out,Out
Hannibal-Lagrange Trojans,76.76602694977541,124.89991993594876,61.225,76.76602694977541,124.89991993594876,61.225,76.76602694977541,76.76602694977541,76.76602694977541,124.89991993594876,124.89991993594876,124.89991993594876,61.225,61.225,61.225,76.76602694977541,124.89991993594876,61.224999999999994,1500.0,-48.13389298617335,0.0,-33.693725090321344,-15.516455095440348,0,1,-2.2,0.0,-18.25537625088656,668,Outside Field,Locked Out,Out
Hanover Panthers,80.49762166117819,135.25179856115108,68.325,80.49762166117819,135.25179856115108,68.325,80.49762166117819,80.49762166117819,80.49762166117819,135.25179856115108,135.25179856115108,135.25179856115108,68.325,68.325,68.325,80.49762166117819,135.25179856115108,68.325,1500.0,-54.75417689997289,0.0,-38.32792382998102,-3.021409841966288,0,0,0.0,0.0,-15.287905418741799,591,Outside Field,Locked Out,Out
Harris-Stowe State Hornets,59.615935798222985,125.39545585274664,87.225,59.615935798222985,125.39545585274664,87.225,59.615935798222985,59.615935798222985,59.615935798222985,125.39545585274664,125.39545585274664,125.39545585274664,87.225,87.225,87.225,59.61593579822298,125.39545585274664,87.22499999999998,1500.0,-65.77952005452366,0.0,-46.04566403816656,3.3744719547306117,0,0,0.0,0.0,-16.054878989169573,615,Outside Field,Locked Out,Out
Haskell Jayhawks,78.16811051884478,119.44111433024203,76.0125,78.16811051884478,119.44111433024203,76.0125,78.16811051884478,78.16811051884478,78.16811051884478,119.44111433024203,119.44111433024203,119.44111433024203,76.0125,76.0125,76.0125,78.16811051884478,119.44111433024203,76.0125,1500.0,-41.273003811397245,0.0,-28.89110266797807,-0.3904929221199431,0,0,0.0,0.0,-10.901116659074262,480,Outside Field,Locked Out,Out
Hawai'i Hilo Vulcans,67.32528357116722,139.10574875798437,68.325,67.32528357116722,139.10574875798437,68.325,67.32528357116722,67.32528357116722,67.32528357116722,139.10574875798437,139.10574875798437,139.10574875798437,68.325,68.325,68.325,67.32528357116722,139.10574875798437,68.325,1500.0,-71.78046518681715,0.0,-50.246325630772006,9.092425392100182,0,0,0.0,0.0,-15.734201034366219,607,Outside Field,Locked Out,Out
Hawai'i Pacific Sea Warriors,109.36646321572027,118.86193490435312,70.8625,109.36646321572027,118.86193490435312,70.8625,109.36646321572027,109.36646321572027,109.36646321572027,118.86193490435312,118.86193490435312,118.86193490435312,70.8625,70.8625,70.8625,109.36646321572027,118.8619349043531,70.8625,1500.0,-9.495471688632833,0.0,-6.646830182042983,8.10341334726342,1,0,1.8,0.0,0.6638082938637595,154,Outside Field,Locked Out,Out
Health Sciences & Pharmacy Eutectics,63.69029035279426,146.5108935901484,80.075,63.69029035279426,146.5108935901484,80.075,63.69029035279426,63.69029035279426,63.69029035279426,146.5108935901484,146.5108935901484,146.5108935901484,80.075,80.075,80.075,63.69029035279425,146.5108935901484,80.075,1500.0,-82.82060323735416,0.0,-57.97442226614791,3.3744719547306117,0,0,0.0,0.0,-20.502601699888334,696,Outside Field,Locked Out,Out
Holy Cross College (IN) Saints,80.46368905557449,124.57684495599189,73.325,80.46368905557449,124.57684495599189,73.325,80.46368905557449,80.46368905557449,80.46368905557449,124.57684495599189,124.57684495599189,124.57684495599189,73.325,73.325,73.325,80.46368905557449,124.57684495599189,73.325,1500.0,-44.1131559004174,0.0,-30.879209130292175,-1.226625471661778,0,0,0.0,0.0,-11.918320095657329,501,Outside Field,Locked Out,Out
Holy Family University Tigers,91.31736526946108,111.19573495811119,66.8,91.31736526946108,111.19573495811119,66.8,91.31736526946108,91.31736526946108,91.31736526946108,111.19573495811119,111.19573495811119,111.19573495811119,66.8,66.8,66.8,91.31736526946108,111.19573495811117,66.8,1500.0,-19.878369688650096,0.0,-13.914858782055067,-8.935815456517206,0,1,-2.2,0.0,-8.709073589388353,441,Outside Field,Locked Out,Out
Houghton Highlanders,89.50617283950618,128.01264322402213,64.8,89.50617283950618,128.01264322402213,64.8,89.50617283950618,89.50617283950618,89.50617283950618,128.01264322402213,128.01264322402213,128.01264322402213,64.8,64.8,64.8,89.50617283950618,128.01264322402213,64.8,1500.0,-38.50647038451595,0.0,-26.954529269161164,-9.287194330301661,0,1,-2.2,0.0,-13.68696289935821,534,Outside Field,Locked Out,Out
Howard Payne Yellow Jackets,71.38438400616401,133.958323033569,90.025,71.38438400616401,133.958323033569,90.025,71.38438400616401,71.38438400616401,71.38438400616401,133.958323033569,133.958323033569,133.958323033569,90.025,90.025,90.025,71.38438400616401,133.958323033569,90.025,1500.0,-62.57393902740499,0.0,-43.80175731918349,1.4916224286682,0,0,0.0,0.0,-15.839562684692195,609,Outside Field,Locked Out,Out
Humboldt State Lumberjacks,71.86440677966101,114.75976494987901,73.75,71.86440677966101,114.75976494987901,73.75,71.86440677966101,71.86440677966101,71.86440677966101,114.75976494987901,114.75976494987901,114.75976494987901,73.75,73.75,73.75,71.86440677966101,114.75976494987901,73.75,1500.0,-42.895358170218,0.0,-30.0267507191526,6.1237363454941045,0,0,0.0,0.0,-9.174855488413844,446,Outside Field,Locked Out,Out
Huntingdon College (AL) Hawks,101.06544901065449,145.45454545454547,82.125,101.06544901065449,145.45454545454547,82.125,101.06544901065449,101.06544901065449,101.06544901065449,145.45454545454547,145.45454545454547,145.45454545454547,82.125,82.125,82.125,101.06544901065449,145.45454545454547,82.125,1500.0,-44.38909644389098,0.0,-31.072367510723684,-1.2221751936536218,0,0,0.0,0.0,-11.98887198576124,503,Outside Field,Locked Out,Out
Huston-Tillotson Rams,66.42737182353876,110.10981379617,77.7875,66.42737182353876,110.10981379617,77.7875,66.42737182353876,66.42737182353876,66.42737182353876,110.10981379617,110.10981379617,110.10981379617,77.7875,77.7875,77.7875,66.42737182353876,110.10981379617,77.7875,1500.0,-43.68244197263124,0.0,-30.577709380841863,-0.11288060402119277,0,0,0.0,0.0,-11.438367954183747,491,Outside Field,Locked Out,Out
IU Columbus Crimson Pride,76.76969092721835,120.27833001988073,100.3,76.76969092721835,120.27833001988073,100.3,76.76969092721835,76.76969092721835,76.76969092721835,120.27833001988073,120.27833001988073,120.27833001988073,100.3,100.3,100.3,76.76969092721835,120.27833001988071,100.3,1500.0,-43.508639092662364,0.0,-30.456047364863654,-9.440999576696164,0,1,-2.2,0.0,-15.043284663494614,582,Outside Field,Locked Out,Out
Illinois Tech Scarlet Hawks,91.57165057045546,133.6115067267741,74.75,91.57165057045546,133.6115067267741,74.75,91.57165057045546,91.57165057045546,91.57165057045546,133.6115067267741,133.6115067267741,133.6115067267741,74.75,74.75,74.75,91.57165057045546,133.6115067267741,74.75,1500.0,-42.03985615631865,0.0,-29.42789930942305,0.24553390569449318,0,0,0.0,0.0,-10.891376267919984,479,Outside Field,Locked Out,Out
Indiana University East IU EAST,77.81814558311052,134.11964028612758,84.9625,77.81814558311052,134.11964028612758,84.9625,77.81814558311052,77.81814558311052,77.81814558311052,134.11964028612758,134.11964028612758,134.11964028612758,84.9625,84.9625,84.9625,77.81814558311052,134.11964028612758,84.9625,1500.0,-56.301494703017056,0.0,-39.411046292111934,4.181321383554289,0,1,-2.2,0.0,-13.886854060914537,540,Outside Field,Locked Out,Out
Jamestown Jimmies,94.56598447424136,118.15561959654177,70.85,94.56598447424136,118.15561959654177,70.85,94.56598447424136,94.56598447424136,94.56598447424136,118.15561959654177,118.15561959654177,118.15561959654177,70.85,70.85,70.85,94.56598447424135,118.15561959654175,70.85,1500.0,-23.589635122300407,0.0,-16.512744585610285,12.306664434899512,0,0,0.0,0.0,-2.095695503403568,272,Outside Field,Locked Out,Out
Jarvis Christian Bulldogs,78.5830046866486,128.21908822564777,73.1375,78.5830046866486,128.21908822564777,73.1375,78.5830046866486,78.5830046866486,78.5830046866486,128.21908822564777,128.21908822564777,128.21908822564777,73.1375,73.1375,73.1375,78.5830046866486,128.21908822564777,73.1375,1500.0,-49.63608353899917,0.0,-34.745258477299416,-3.626900653868199,0,0,0.0,0.0,-14.151895019455289,552,Outside Field,Locked Out,Out
Jessup University Warriors,101.09743930828068,110.50433665274655,75.175,101.09743930828068,110.50433665274655,75.175,101.09743930828068,101.09743930828068,101.09743930828068,110.50433665274655,110.50433665274655,110.50433665274655,75.175,75.175,75.175,101.09743930828067,110.50433665274653,75.175,1500.0,-9.406897344465861,0.0,-6.584828141126103,-8.222175861506944,0,1,-2.2,0.0,-5.740518241202882,378,Outside Field,Locked Out,Out
John Brown Golden Eagles,65.72461386789352,115.86206896551725,76.075,65.72461386789352,115.86206896551725,76.075,65.72461386789352,65.72461386789352,65.72461386789352,115.86206896551725,115.86206896551725,115.86206896551725,76.075,76.075,76.075,65.72461386789352,115.86206896551725,76.075,1500.0,-50.13745509762373,0.0,-35.09621856833661,-0.942215676346258,0,0,0.0,0.0,-13.396806953674059,525,Outside Field,Locked Out,Out
John Jay College Bloodhounds,82.83608283608285,140.6964474147028,71.225,82.83608283608285,140.6964474147028,71.225,82.83608283608285,82.83608283608285,82.83608283608285,140.6964474147028,140.6964474147028,140.6964474147028,71.225,71.225,71.225,82.83608283608285,140.6964474147028,71.225,1500.0,-57.86036457861994,0.0,-40.502255205033954,-4.935125624156752,0,0,0.0,0.0,-16.730146610991532,631,Outside Field,Locked Out,Out
Johnson & Wales (NC) JOHNSON & WALES-CHARLOTTE,76.46671061305209,157.31785944551902,75.85,76.46671061305209,157.31785944551902,75.85,76.46671061305209,76.46671061305209,76.46671061305209,157.31785944551902,157.31785944551902,157.31785944551902,75.85,75.85,75.85,76.46671061305209,157.31785944551902,75.85,1500.0,-80.85114883246693,0.0,-56.59580418272685,-14.125450208254268,0,1,-2.2,0.0,-26.33554841399778,726,Outside Field,Locked Out,Out
Johnson & Wales (RI) Griffins,68.90625947304272,149.97195773160783,75.375,68.90625947304272,149.97195773160783,75.375,68.90625947304272,68.90625947304272,68.90625947304272,149.97195773160783,149.97195773160783,149.97195773160783,75.375,75.375,75.375,68.90625947304272,149.97195773160783,75.375,1500.0,-81.0656982585651,0.0,-56.74598878099557,-1.361979703885359,0,0,0.0,0.0,-21.60760054776766,704,Outside Field,Locked Out,Out
Johnson C Smith Golden Bulls,97.20086127345432,121.81479179614666,81.275,97.20086127345432,121.81479179614666,81.275,97.20086127345432,97.20086127345432,97.20086127345432,121.81479179614666,121.81479179614666,121.81479179614666,81.275,81.275,81.275,97.20086127345432,121.81479179614666,81.275,1500.0,-24.613930522692343,0.0,-17.22975136588464,3.4986024762437147,0,0,0.0,0.0,-5.269697049262276,367,Outside Field,Locked Out,Out
Justice College Lions,72.33003226389906,124.72287415351416,71.31666666666666,72.33003226389906,124.72287415351416,71.31666666666666,72.33003226389906,72.33003226389906,72.33003226389906,124.72287415351416,124.72287415351416,124.72287415351416,71.31666666666666,71.31666666666666,71.31666666666666,72.33003226389906,124.72287415351416,71.31666666666666,1500.0,-52.3928418896151,0.0,-36.67498932273057,-3.1878580232098024,0,1,-2.2,0.0,-15.298524880848774,592,Outside Field,Locked Out,Out
Kansas Christian Falcons,55.3918680023571,125.0,84.85,55.3918680023571,125.0,84.85,55.3918680023571,55.3918680023571,55.3918680023571,125.0,125.0,125.0,84.85,84.85,84.85,55.3918680023571,125.0,84.85,1500.0,-69.6081319976429,0.0,-48.72569239835003,6.607698011765521,0,0,0.0,0.0,-15.987182107502175,613,Outside Field,Locked Out,Out
Kean Cougars,90.52333804809052,94.05058781617386,70.7,90.52333804809052,94.05058781617386,70.7,90.52333804809052,90.52333804809052,90.52333804809052,94.05058781617386,94.05058781617386,94.05058781617386,70.7,70.7,70.7,90.52333804809052,94.05058781617386,70.7,1500.0,-3.527249768083337,0.0,-2.4690748376583356,-8.935815456517206,0,1,-2.2,0.0,-4.441431290120429,349,Outside Field,Locked Out,Out
Kentucky Christian Knights,74.71603622511245,133.42089518152147,74.875,74.71603622511245,133.42089518152147,74.875,74.71603622511245,74.71603622511245,74.71603622511245,133.42089518152147,133.42089518152147,133.42089518152147,74.875,74.875,74.875,74.71603622511245,133.42089518152147,74.875,1500.0,-58.704858956409026,0.0,-41.093401269486314,2.421749548970408,0,0,0.0,0.0,-14.52279083646252,562,Outside Field,Locked Out,Out
Kentucky State Thorobreds,75.4462782081509,123.7936772046589,74.225,75.4462782081509,123.7936772046589,74.225,75.4462782081509,75.4462782081509,75.4462782081509,123.7936772046589,123.7936772046589,123.7936772046589,74.225,74.225,74.225,75.44627820815089,123.7936772046589,74.225,1500.0,-48.34739899650802,0.0,-33.84317929755561,-6.441687674548292,0,1,-2.2,0.0,-15.316428070689529,593,Outside Field,Locked Out,Out
La Sierra Golden Eagles,68.34518547937101,120.5475338316428,72.73333333333333,68.34518547937101,120.5475338316428,72.73333333333333,68.34518547937101,68.34518547937101,68.34518547937101,120.5475338316428,120.5475338316428,120.5475338316428,72.73333333333333,72.73333333333333,72.73333333333333,68.34518547937101,120.5475338316428,72.73333333333333,1500.0,-52.202348352271784,0.0,-36.54164384659025,-2.746988291117885,0,0,0.0,0.0,-14.531319056011839,563,Outside Field,Locked Out,Out
La Verne Leopards,98.28340626051833,138.0670611439842,74.275,98.28340626051833,138.0670611439842,74.275,98.28340626051833,98.28340626051833,98.28340626051833,138.0670611439842,138.0670611439842,138.0670611439842,74.275,74.275,74.275,98.28340626051833,138.0670611439842,74.275,1500.0,-39.78365488346587,0.0,-27.84855841842611,8.003962501806097,0,0,0.0,0.0,-7.742226298988582,420,Outside Field,Locked Out,Out
LaGrange Panthers,65.13264331259883,119.44048017777317,83.725,65.13264331259883,119.44048017777317,83.725,65.13264331259883,65.13264331259883,65.13264331259883,119.44048017777317,119.44048017777317,119.44048017777317,83.725,83.725,83.725,65.13264331259883,119.44048017777317,83.725,1500.0,-54.30783686517434,0.0,-38.015485805622035,6.029502006999124,0,0,0.0,0.0,-12.184609759500793,508,Outside Field,Locked Out,Out
Lancasater Bible College Chargers,64.40322016100805,109.17030567685589,71.425,64.40322016100805,109.17030567685589,71.425,64.40322016100805,64.40322016100805,64.40322016100805,109.17030567685589,109.17030567685589,109.17030567685589,71.425,71.425,71.425,64.40322016100805,109.17030567685589,71.425,1500.0,-44.76708551584784,0.0,-31.336959861093487,-10.30414609028126,0,1,-2.2,0.0,-15.656577529429104,605,Outside Field,Locked Out,Out
Lane College Dragons,119.87156617909382,123.11901504787963,70.075,119.87156617909382,123.11901504787963,70.075,119.87156617909382,119.87156617909382,119.87156617909382,123.11901504787963,123.11901504787963,123.11901504787963,70.075,70.075,70.075,119.87156617909382,123.11901504787961,70.075,1500.0,-3.2474488687857956,0.0,-2.2732142081500566,-11.835112962163546,0,1,-2.2,0.0,-5.325171432267063,370,Outside Field,Locked Out,Out
Lawrence University Vikings,73.39449541284404,119.05576462538488,70.85,73.39449541284404,119.05576462538488,70.85,73.39449541284404,73.39449541284404,73.39449541284404,119.05576462538488,119.05576462538488,119.05576462538488,70.85,70.85,70.85,73.39449541284404,119.05576462538488,70.85,1500.0,-45.661269212540844,0.0,-31.96288844877859,10.905198097428705,0,0,0.0,0.0,-8.318875892321687,435,Outside Field,Locked Out,Out
LeTourneau Yellow Jackets,78.24933687002653,121.99036918138042,75.4,78.24933687002653,121.99036918138042,75.4,78.24933687002653,78.24933687002653,78.24933687002653,121.99036918138042,121.99036918138042,121.99036918138042,75.4,75.4,75.4,78.24933687002653,121.99036918138042,75.4,1500.0,-43.74103231135389,0.0,-30.61872261794772,10.159689924719862,0,0,0.0,0.0,-8.06371175810581,427,Outside Field,Locked Out,Out
Lehman College Bridges,64.54091432961967,116.03053435114504,65.075,64.54091432961967,116.03053435114504,65.075,64.54091432961967,64.54091432961967,64.54091432961967,116.03053435114504,116.03053435114504,116.03053435114504,65.075,65.075,65.075,64.54091432961967,116.03053435114504,65.075,1500.0,-51.48962002152537,0.0,-36.04273401506776,-5.886306488685472,0,1,-2.2,0.0,-15.953271966884326,611,Outside Field,Locked Out,Out
Lewis & Clark Pioneers,119.75223675154851,138.62045984671775,72.65,119.75223675154851,138.62045984671775,72.65,119.75223675154851,119.75223675154851,119.75223675154851,138.62045984671775,138.62045984671775,138.62045984671775,72.65,72.65,72.65,119.75223675154851,138.62045984671775,72.65,1500.0,-18.868223095169242,0.0,-13.207756166618468,-4.768055051887435,0,0,0.0,0.0,-6.498064394962026,395,Outside Field,Locked Out,Out
Life Pacific Warriors,100.5741253105345,130.05193660162746,67.2375,100.5741253105345,130.05193660162746,67.2375,100.5741253105345,100.5741253105345,100.5741253105345,130.05193660162746,130.05193660162746,130.05193660162746,67.2375,67.2375,67.2375,100.5741253105345,130.05193660162746,67.23749999999998,1500.0,-29.477811291092962,0.0,-20.63446790376507,-3.0694599674407868,0,1,-2.2,0.0,-9.278630536230722,448,Outside Field,Locked Out,Out
Lincoln University (CA) Oaklanders,82.59217042179293,149.43207269022648,78.995,82.59217042179293,149.43207269022648,78.995,82.59217042179293,82.59217042179293,82.59217042179293,149.43207269022648,149.43207269022648,149.43207269022648,78.995,78.995,78.995,82.59217042179293,149.43207269022648,78.99499999999999,1500.0,-66.83990226843355,0.0,-46.78793158790348,-0.29211428659592215,0,1,-2.2,0.0,-18.113612206637807,662,Outside Field,Locked Out,Out
Loras Duhawks,105.03903477643719,123.18104906937396,70.45,105.03903477643719,123.18104906937396,70.45,105.03903477643719,105.03903477643719,105.03903477643719,123.18104906937396,123.18104906937396,123.18104906937396,70.45,70.45,70.45,105.03903477643719,123.18104906937396,70.45,1500.0,-18.142014292936764,0.0,-12.699410005055734,-6.441687674548292,0,1,-2.2,0.0,-7.432822663057432,417,Outside Field,Locked Out,Out
Louisiana Christian Wildcats,63.85101429996675,133.1136738056013,75.175,63.85101429996675,133.1136738056013,75.175,63.85101429996675,63.85101429996675,63.85101429996675,133.1136738056013,133.1136738056013,133.1136738056013,75.175,75.175,75.175,63.85101429996675,133.1136738056013,75.175,1500.0,-69.26265950563456,0.0,-48.48386165394419,1.3893386259382232,0,0,0.0,0.0,-17.619072384411005,652,Outside Field,Locked Out,Out
Lourdes University Gray Wolves,88.94789246598074,134.63480309660045,75.325,88.94789246598074,134.63480309660045,75.325,88.94789246598074,88.94789246598074,88.94789246598074,134.63480309660045,134.63480309660045,134.63480309660045,75.325,75.325,75.325,88.94789246598074,134.63480309660045,75.325,1500.0,-45.68691063061971,0.0,-31.980837441433792,5.973252350635913,0,0,0.0,0.0,-9.953110398881892,459,Outside Field,Locked Out,Out
Lynchburg Hornets,94.58618543870567,113.06042884990252,80.35,94.58618543870567,113.06042884990252,80.35,94.58618543870567,94.58618543870567,94.58618543870567,113.06042884990252,113.06042884990252,113.06042884990252,80.35,80.35,80.35,94.58618543870567,113.06042884990252,80.34999999999998,1500.0,-18.474243411196852,0.0,-12.931970387837795,3.5780213538464465,0,0,0.0,0.0,-3.6410304835530507,328,Outside Field,Locked Out,Out
Lyon Scots,48.71259568545582,128.2758620689655,71.85,48.71259568545582,128.2758620689655,71.85,48.71259568545582,48.71259568545582,48.71259568545582,128.2758620689655,128.2758620689655,128.2758620689655,71.85,71.85,71.85,48.71259568545582,128.2758620689655,71.85,1500.0,-79.56326638350967,0.0,-55.69428646845677,5.794409900795556,0,0,0.0,0.0,-18.85385725883349,679,Outside Field,Locked Out,Out
MIT Engineers,74.07407407407408,120.01519179642992,67.5,74.07407407407408,120.01519179642992,67.5,74.07407407407408,74.07407407407408,74.07407407407408,120.01519179642992,120.01519179642992,120.01519179642992,67.5,67.5,67.5,74.07407407407408,120.0151917964299,67.5,1500.0,-45.94111772235583,0.0,-32.15878240564908,4.441697568795324,0,0,0.0,0.0,-10.524871527832415,473,Outside Field,Locked Out,Out
Maine-Augusta Moose,85.26645768025078,142.31738035264482,79.75,85.26645768025078,142.31738035264482,79.75,85.26645768025078,85.26645768025078,85.26645768025078,142.31738035264482,142.31738035264482,142.31738035264482,79.75,79.75,79.75,85.26645768025078,142.31738035264482,79.75,1500.0,-57.05092267239404,0.0,-39.93564587067582,-4.014197574923495,0,0,0.0,0.0,-16.2149760172196,619,Outside Field,Locked Out,Out
Maine-Fort Kent Bengals,79.85480943738656,127.37293325168402,82.65,79.85480943738656,127.37293325168402,82.65,79.85480943738656,79.85480943738656,79.85480943738656,127.37293325168402,127.37293325168402,127.37293325168402,82.65,82.65,82.65,79.85480943738658,127.37293325168402,82.65,1500.0,-47.51812381429744,0.0,-33.26268667000821,-4.978603128513965,0,0,0.0,0.0,-14.045169347941242,550,Outside Field,Locked Out,Out
Manhattan Christian Thunder,78.17589576547232,143.92220421393841,76.75,78.17589576547232,143.92220421393841,76.75,78.17589576547232,78.17589576547232,78.17589576547232,143.92220421393841,143.92220421393841,143.92220421393841,76.75,76.75,76.75,78.1758957654723,143.92220421393841,76.75,1500.0,-65.74630844846611,0.0,-46.022415913926274,17.444112488136405,0,0,0.0,0.0,-11.40322938396464,490,Outside Field,Locked Out,Out
Manhattanville Valiants,79.36,122.80140709945636,78.125,79.36,122.80140709945636,78.125,79.36,79.36,79.36,122.80140709945636,122.80140709945636,122.80140709945636,78.125,78.125,78.125,79.36,122.80140709945634,78.125,1500.0,-43.44140709945634,0.0,-30.408984969619436,4.001475767580047,0,0,0.0,0.0,-10.017720249656689,462,Outside Field,Locked Out,Out
Manor College Blue Jays,67.68266709092681,116.09655354840073,69.825,67.68266709092681,116.09655354840073,69.825,67.68266709092681,67.68266709092681,67.68266709092681,116.09655354840073,116.09655354840073,116.09655354840073,69.825,69.825,69.825,67.68266709092681,116.09655354840072,69.825,1500.0,-48.41388645747391,0.0,-33.889720520231734,-2.347308135214672,0,1,-2.2,0.0,-13.982636050021533,545,Outside Field,Locked Out,Out
Mansfield Mountaineers,68.83365200764818,106.5651760228354,78.45,68.83365200764818,106.5651760228354,78.45,68.83365200764818,68.83365200764818,68.83365200764818,106.5651760228354,106.5651760228354,106.5651760228354,78.45,78.45,78.45,68.83365200764817,106.5651760228354,78.45,1500.0,-37.73152401518723,0.0,-26.41206681063106,-0.3782997870978135,0,0,0.0,0.0,-9.972766697706145,460,Outside Field,Locked Out,Out
Mary Baldwin Fighting Squirrels,65.895022709182,140.9571997751216,77.5125,65.895022709182,140.9571997751216,77.5125,65.895022709182,65.895022709182,65.895022709182,140.9571997751216,140.9571997751216,140.9571997751216,77.5125,77.5125,77.5125,65.895022709182,140.9571997751216,77.5125,1500.0,-75.06217706593961,0.0,-52.54352394615772,10.108114903276213,0,0,0.0,0.0,-16.25555029612909,621,Outside Field,Locked Out,Out
Marywood Pacers,71.71853856562922,146.70561506004543,73.9,71.71853856562922,146.70561506004543,73.9,71.71853856562922,71.71853856562922,71.71853856562922,146.70561506004543,146.70561506004543,146.70561506004543,73.9,73.9,73.9,71.71853856562922,146.70561506004543,73.9,1500.0,-74.98707649441621,0.0,-52.49095354609135,3.065685944283974,0,0,0.0,0.0,-18.55995060342892,674,Outside Field,Locked Out,Out
Massachusetts-Boston Beacons,53.51170568561873,121.29290236587804,74.75,53.51170568561873,121.29290236587804,74.75,53.51170568561873,53.51170568561873,53.51170568561873,121.29290236587804,121.29290236587804,121.29290236587804,74.75,74.75,74.75,53.51170568561873,121.29290236587804,74.75,1500.0,-67.78119668025931,0.0,-47.44683767618152,0.7492855299393736,0,0,0.0,0.0,-17.443628108667685,646,Outside Field,Locked Out,Out
Mayville St Comets,71.91568505889646,159.9500156201187,80.65,71.91568505889646,159.9500156201187,80.65,71.91568505889646,71.91568505889646,71.91568505889646,159.9500156201187,159.9500156201187,159.9500156201187,80.65,80.65,80.65,71.91568505889646,159.9500156201187,80.65,1500.0,-88.03433056122225,0.0,-61.62403139285557,-2.5749785968013263,0,0,0.0,0.0,-23.826703213423443,716,Outside Field,Locked Out,Out
McKendree Bearcats,58.27263267429761,116.24649859943976,72.075,58.27263267429761,116.24649859943976,72.075,58.27263267429761,58.27263267429761,58.27263267429761,116.24649859943976,116.24649859943976,116.24649859943976,72.075,72.075,72.075,58.27263267429761,116.24649859943976,72.075,1500.0,-57.97386592514215,0.0,-40.581706147599505,4.218222451096048,0,0,0.0,0.0,-13.739165597600405,536,Outside Field,Locked Out,Out
McMurry War Hawks,74.19898819561551,123.73907195696032,74.125,74.19898819561551,123.73907195696032,74.125,74.19898819561551,74.19898819561551,74.19898819561551,123.73907195696032,123.73907195696032,123.73907195696032,74.125,74.125,74.125,74.19898819561551,123.73907195696033,74.125,1500.0,-49.54008376134482,0.0,-34.67805863294137,-4.731458743884698,0,0,0.0,0.0,-14.491343247192948,560,Outside Field,Locked Out,Out
McPherson Mcpherson,108.93854748603353,128.66737363025806,71.6,108.93854748603353,128.66737363025806,71.6,108.93854748603353,108.93854748603353,108.93854748603353,128.66737363025806,128.66737363025806,128.66737363025806,71.6,71.6,71.6,108.93854748603353,128.66737363025806,71.6,1500.0,-19.728826144224527,0.0,-13.810178300957169,-18.978532810879862,0,1,-2.2,0.0,-11.984139451232956,502,Outside Field,Locked Out,Out
Menlo Oaks,83.89057750759878,126.60731948565775,82.25,83.89057750759878,126.60731948565775,82.25,83.89057750759878,83.89057750759878,83.89057750759878,126.60731948565775,126.60731948565775,126.60731948565775,82.25,82.25,82.25,83.89057750759878,126.60731948565775,82.25,1500.0,-42.71674197805898,0.0,-29.901719384641282,2.0847314571879236,0,0,0.0,0.0,-10.46110827540138,469,Outside Field,Locked Out,Out
Merchant Marine Academy Mariners,67.37458806298059,148.57554994590697,68.275,67.37458806298059,148.57554994590697,68.275,67.37458806298059,67.37458806298059,67.37458806298059,148.57554994590697,148.57554994590697,148.57554994590697,68.275,68.275,68.275,67.37458806298059,148.57554994590697,68.275,1500.0,-81.20096188292638,0.0,-56.84067331804846,-3.3758225178140884,0,0,0.0,0.0,-22.30747248232243,709,Outside Field,Locked Out,Out
Mercy Mavericks,78.70967741935485,113.46592761656342,77.5,78.70967741935485,113.46592761656342,77.5,78.70967741935485,78.70967741935485,78.70967741935485,113.46592761656342,113.46592761656342,113.46592761656342,77.5,77.5,77.5,78.70967741935485,113.46592761656342,77.5,1500.0,-34.75625019720857,0.0,-24.329375138046,-10.151332696040035,0,1,-2.2,0.0,-12.993321091164649,520,Outside Field,Locked Out,Out
Miami (OH)-Hamilton Harriers,85.94319009468316,145.97495527728086,68.65,85.94319009468316,145.97495527728086,68.65,85.94319009468316,85.94319009468316,85.94319009468316,145.97495527728086,145.97495527728086,145.97495527728086,68.65,68.65,68.65,85.94319009468316,145.97495527728086,68.65,1500.0,-60.031765182597695,0.0,-42.02223562781838,-2.4833469382555364,0,0,0.0,0.0,-16.487795202282328,629,Outside Field,Locked Out,Out
Miami (OH)-Middletown ThunderHawks,83.98044291055507,143.6716077537058,86.925,83.98044291055507,143.6716077537058,86.925,83.98044291055507,83.98044291055507,83.98044291055507,143.6716077537058,143.6716077537058,143.6716077537058,86.925,86.925,86.925,83.98044291055507,143.6716077537058,86.92499999999998,1500.0,-59.691164843150744,0.0,-41.78381539020552,-9.440999576696164,0,1,-2.2,0.0,-19.266923884372076,685,Outside Field,Locked Out,Out
Mid-America Christian Evangels,97.83037475345168,135.10253317249698,63.375,97.83037475345168,135.10253317249698,63.375,97.83037475345168,97.83037475345168,97.83037475345168,135.10253317249698,135.10253317249698,135.10253317249698,63.375,63.375,63.375,97.83037475345168,135.10253317249698,63.375,1500.0,-37.2721584190453,0.0,-26.090510893331707,-2.840351645370682,0,0,0.0,0.0,-10.665349390343149,474,Outside Field,Locked Out,Out
Mid-Atlantic Christian Mustangs,69.99406448851063,126.11815159737772,75.71249999999999,72.48015984939885,122.94757102781122,75.91499999999999,69.99406448851063,69.99406448851063,69.99406448851063,126.11815159737772,126.11815159737772,126.11815159737772,75.71249999999999,75.71249999999999,75.71249999999999,70.61558832873268,125.32550645498608,75.763125,1500.0,-54.7099181262534,0.0,-38.29694268837738,-3.062963331052444,0,2,-4.4,5.6566759304547105,-16.264366252285804,623,Outside Field,Locked Out,Out
Midway University Eagles,92.13869970365693,138.12025253468272,71.7625,92.13869970365693,138.12025253468272,71.7625,92.13869970365693,92.13869970365693,92.13869970365693,138.12025253468272,138.12025253468272,138.12025253468272,71.7625,71.7625,71.7625,92.13869970365693,138.12025253468272,71.7625,1500.0,-45.981552831025795,0.0,-32.18708698171805,-0.7881821864256475,0,1,-2.2,0.0,-12.833285410418199,518,Outside Field,Locked Out,Out
Midwestern State Mustangs,71.65304839723444,89.99328408327736,79.55,71.65304839723444,89.99328408327736,79.55,71.65304839723444,71.65304839723444,71.65304839723444,89.99328408327736,89.99328408327736,89.99328408327736,79.55,79.55,79.55,71.65304839723444,89.99328408327736,79.55,1500.0,-18.340235686042917,0.0,-12.83816498023004,-3.0723873324641477,0,0,0.0,0.0,-5.80068933377037,380,Outside Field,Locked Out,Out
Milligan Buffaloes,84.48059688713775,151.55930758720967,77.9375,84.48059688713775,151.55930758720967,77.9375,84.48059688713775,84.48059688713775,84.48059688713775,151.55930758720967,151.55930758720967,151.55930758720967,77.9375,77.9375,77.9375,84.48059688713775,151.5593075872097,77.93749999999999,1500.0,-67.07871070007195,0.0,-46.95509749005036,8.973982306517993,0,0,0.0,0.0,-14.546129331567844,564,Outside Field,Locked Out,Out
Millsaps Majors,95.77819785759296,130.5863708399366,79.35,95.77819785759296,130.5863708399366,79.35,95.77819785759296,95.77819785759296,95.77819785759296,130.5863708399366,130.5863708399366,130.5863708399366,79.35,79.35,79.35,95.77819785759296,130.5863708399366,79.35,1500.0,-34.808172982343635,0.0,-24.365721087640544,7.165865027334588,0,0,0.0,0.0,-6.720197689371274,405,Outside Field,Locked Out,Out
Minnesota Crookston Golden Eagles,87.1261378413524,130.49095607235142,76.9,87.1261378413524,130.49095607235142,76.9,87.1261378413524,87.1261378413524,87.1261378413524,130.49095607235142,130.49095607235142,130.49095607235142,76.9,76.9,76.9,87.1261378413524,130.49095607235142,76.9,1500.0,-43.36481823099902,0.0,-30.35537276169931,12.306664434899512,0,0,0.0,0.0,-7.257018294773905,411,Outside Field,Locked Out,Out
Misericordia Cougars,86.14871031094174,125.37397261728842,74.675,86.14871031094174,125.37397261728842,74.675,86.14871031094174,86.14871031094174,86.14871031094174,125.37397261728842,125.37397261728842,125.37397261728842,74.675,74.675,74.675,86.14871031094174,125.37397261728842,74.675,1500.0,-39.22526230634668,0.0,-27.457683614442672,-1.4190864372188803,0,1,-2.2,0.0,-11.278091986238714,488,Outside Field,Locked Out,Out
Mississippi University For Women Owls,77.60814249363868,116.9026815305815,78.6,77.60814249363868,116.9026815305815,78.6,77.60814249363868,77.60814249363868,77.60814249363868,116.9026815305815,116.9026815305815,116.9026815305815,78.6,78.6,78.6,77.60814249363868,116.90268153058149,78.6,1500.0,-39.29453903694281,0.0,-27.506177325859966,-18.631853556741333,0,1,-2.2,0.0,-16.976386362366714,637,Outside Field,Locked Out,Out
Missouri Baptist Spartans,83.58662613981764,137.46731415763915,65.8,83.58662613981764,137.46731415763915,65.8,83.58662613981764,83.58662613981764,83.58662613981764,137.46731415763915,137.46731415763915,137.46731415763915,65.8,65.8,65.8,83.58662613981764,137.46731415763915,65.8,1500.0,-53.88068801782151,0.0,-37.71648161247506,4.541757515864696,0,0,0.0,0.0,-12.564079592416066,515,Outside Field,Locked Out,Out
Missouri Southern State Lions,92.47027741083222,115.82757486015139,75.7,92.47027741083222,115.82757486015139,75.7,92.47027741083222,92.47027741083222,92.47027741083222,115.82757486015139,115.82757486015139,115.82757486015139,75.7,75.7,75.7,92.47027741083222,115.82757486015139,75.7,1500.0,-23.357297449319162,0.0,-16.350108214523413,2.654285580198216,0,0,0.0,0.0,-5.22034039280689,364,Outside Field,Locked Out,Out
Mitchell College Mariners,96.87609687609688,129.07751666082075,71.225,96.87609687609688,129.07751666082075,71.225,96.87609687609688,96.87609687609688,96.87609687609688,129.07751666082075,129.07751666082075,129.07751666082075,71.225,71.225,71.225,96.87609687609688,129.07751666082075,71.225,1500.0,-32.20141978472387,0.0,-22.540993849306705,-0.7676773557522756,0,0,0.0,0.0,-8.657904091211181,440,Outside Field,Locked Out,Out
Mobile Rams,71.89768406498445,114.40107671601616,72.325,71.89768406498445,114.40107671601616,72.325,71.89768406498445,71.89768406498445,71.89768406498445,114.40107671601616,114.40107671601616,114.40107671601616,72.325,72.325,72.325,71.89768406498445,114.40107671601616,72.325,1500.0,-42.50339265103172,0.0,-29.7523748557222,5.106295091254261,0,0,0.0,0.0,-9.408308101805371,451,Outside Field,Locked Out,Out
Molloy Lions,76.94733522548091,123.17666126418152,79.275,76.94733522548091,123.17666126418152,79.275,76.94733522548091,76.94733522548091,76.94733522548091,123.17666126418152,123.17666126418152,123.17666126418152,79.275,79.275,79.275,76.94733522548091,123.17666126418152,79.275,1500.0,-46.229326038700606,0.0,-32.36052822709042,12.224854711531062,0,0,0.0,0.0,-8.031652041295606,426,Outside Field,Locked Out,Out
Montana Tech Orediggers,122.43374393430386,108.73504893077204,66.975,122.43374393430386,108.73504893077204,66.975,122.43374393430386,122.43374393430386,122.43374393430386,108.73504893077204,108.73504893077204,108.73504893077204,66.975,66.975,66.975,122.43374393430386,108.73504893077204,66.975,1500.0,13.698695003531824,0.0,9.589086502472277,2.236357807181251,0,0,0.0,0.0,4.313357472291619,53,Bubble / First Four,Bubble,Bubble
Montana-Western Bulldogs,93.29446064139943,117.77695988222305,68.6,93.29446064139943,117.77695988222305,68.6,93.29446064139943,93.29446064139943,93.29446064139943,117.77695988222305,117.77695988222305,117.77695988222305,68.6,68.6,68.6,93.29446064139943,117.77695988222305,68.6,1500.0,-24.48249924082363,0.0,-17.137749468576537,-0.6378837283021929,0,0,0.0,0.0,-6.60043393219469,400,Outside Field,Locked Out,Out
Morehouse Maroon Tigers,99.8914223669924,115.81291759465479,69.075,99.8914223669924,115.81291759465479,69.075,99.8914223669924,99.8914223669924,99.8914223669924,115.81291759465479,115.81291759465479,115.81291759465479,69.075,69.075,69.075,99.8914223669924,115.81291759465479,69.075,1500.0,-15.92149522766239,0.0,-11.145046659363672,13.333946508452904,0,0,0.0,0.0,0.24469209336957487,171,Outside Field,Locked Out,Out
Morris College Hornets,77.64298093587522,127.18828152911755,72.125,77.64298093587522,127.18828152911755,72.125,77.64298093587522,77.64298093587522,77.64298093587522,127.18828152911755,127.18828152911755,127.18828152911755,72.125,72.125,72.125,77.64298093587522,127.18828152911755,72.125,1500.0,-49.54530059324233,0.0,-34.68171041526963,0.2156668999201062,0,0,0.0,0.0,-12.860153377862614,519,Outside Field,Locked Out,Out
Mount Marty College Lancers,99.75091829174089,141.34580124679132,65.5125,99.75091829174089,141.34580124679132,65.5125,99.75091829174089,99.75091829174089,99.75091829174089,141.34580124679132,141.34580124679132,141.34580124679132,65.5125,65.5125,65.5125,99.75091829174089,141.34580124679132,65.5125,1500.0,-41.59488295505044,0.0,-29.116418068535303,2.9607671500156103,0,0,0.0,0.0,-9.879211291763012,457,Outside Field,Locked Out,Out
Mount Olive Trojans,93.87381895763485,125.40668441289557,82.025,93.87381895763485,125.40668441289557,82.025,93.87381895763485,93.87381895763485,93.87381895763485,125.40668441289557,125.40668441289557,125.40668441289557,82.025,82.025,82.025,93.87381895763485,125.40668441289557,82.025,1500.0,-31.53286545526072,0.0,-22.073005818682503,6.617024640055679,0,0,0.0,0.0,-6.046459752604674,386,Outside Field,Locked Out,Out
Mount Saint Mary (NY) Knights,49.94937563280459,137.4392220421394,74.075,49.94937563280459,137.4392220421394,74.075,49.94937563280459,49.94937563280459,49.94937563280459,137.4392220421394,137.4392220421394,137.4392220421394,74.075,74.075,74.075,49.94937563280459,137.4392220421394,74.075,1500.0,-87.4898464093348,0.0,-61.24289248653436,4.001475767580047,0,0,0.0,0.0,-21.514362909534967,703,Outside Field,Locked Out,Out
New College (FL) Mighty Banyans,79.21151949755009,135.02567742474218,80.15,79.21151949755009,135.02567742474218,80.15,79.21151949755009,79.21151949755009,79.21151949755009,135.02567742474218,135.02567742474218,135.02567742474218,80.15,80.15,80.15,79.21151949755009,135.02567742474218,80.15,1500.0,-55.8141579271921,0.0,-39.06991054903447,-3.4082843131051517,0,1,-2.2,0.0,-16.264229042321837,622,Outside Field,Locked Out,Out
New Mexico Highlands Cowboys,74.91128633384425,121.50241900003236,71.325,74.91128633384425,121.50241900003236,71.325,74.91128633384425,74.91128633384425,74.91128633384425,121.50241900003236,121.50241900003236,121.50241900003236,71.325,71.325,71.325,74.91128633384423,121.50241900003236,71.325,1500.0,-46.59113266618813,0.0,-32.61379286633169,3.8597827724764495,0,0,0.0,0.0,-10.886557310957874,478,Outside Field,Locked Out,Out
Nobel Knights,76.5728860233925,126.70850488533195,74.41428571428571,78.4457823603734,130.38944519357335,73.03,76.12182048074472,76.5728860233925,79.27927927927928,124.38112522045098,126.70850488533195,140.67278287461772,75.25416666666666,74.41428571428571,69.375,77.44706909602074,129.72338166078518,73.31232142857142,1500.0,-52.27631256476444,0.0,-36.593418795335104,-0.601158830878699,0,1,-2.2,-1.8080439712605028,-14.468741312731304,559,Outside Field,Locked Out,Out
North Central (MN) Rams,75.32716246409193,133.20647002854423,78.325,75.32716246409193,133.20647002854423,78.325,75.32716246409193,75.32716246409193,75.32716246409193,133.20647002854423,133.20647002854423,133.20647002854423,78.325,78.325,78.325,75.32716246409193,133.20647002854423,78.325,1500.0,-57.879307564452304,0.0,-40.51551529511661,10.905198097428705,0,0,0.0,0.0,-11.507783902170578,497,Outside Field,Locked Out,Out
North Central College Cardinals,76.04017216642754,120.15368494586099,69.7,76.04017216642754,120.15368494586099,69.7,76.04017216642754,76.04017216642754,76.04017216642754,120.15368494586099,120.15368494586099,120.15368494586099,69.7,69.7,69.7,76.04017216642754,120.15368494586099,69.7,1500.0,-44.11351277943345,0.0,-30.879458945603414,5.02472927611628,0,0,0.0,0.0,-9.855466174313758,456,Outside Field,Locked Out,Out
North Greenville Crusaders,107.18814721048717,112.02256575233352,68.575,107.18814721048717,112.02256575233352,68.575,107.18814721048717,107.18814721048717,107.18814721048717,112.02256575233352,112.02256575233352,112.02256575233352,68.575,68.575,68.575,107.18814721048716,112.0225657523335,68.575,1500.0,-4.834418541846347,0.0,-3.3840929792924426,-13.46527209716226,0,1,-2.2,0.0,-6.277323031485442,390,Outside Field,Locked Out,Out
Northeastern State RiverHawks,104.87444608567206,136.09467455621302,67.7,104.87444608567206,136.09467455621302,67.7,104.87444608567206,104.87444608567206,104.87444608567206,136.09467455621302,136.09467455621302,136.09467455621302,67.7,67.7,67.7,104.87444608567206,136.09467455621302,67.7,1500.0,-31.22022847054096,0.0,-21.85415992937867,2.654285580198216,0,0,0.0,0.0,-7.272565389345779,412,Outside Field,Locked Out,Out
Northern New Mexico Eagles,76.37906647807637,141.5929203539823,70.7,76.37906647807637,141.5929203539823,70.7,76.37906647807637,76.37906647807637,76.37906647807637,141.5929203539823,141.5929203539823,141.5929203539823,70.7,70.7,70.7,76.37906647807637,141.5929203539823,70.7,1500.0,-65.21385387590593,0.0,-45.649697713134145,6.418375177297124,0,0,0.0,0.0,-14.902752053103395,578,Outside Field,Locked Out,Out
Northern State Wolves,101.0441226002021,131.47410358565736,74.225,101.0441226002021,131.47410358565736,74.225,101.0441226002021,101.0441226002021,101.0441226002021,131.47410358565736,131.47410358565736,131.47410358565736,74.225,74.225,74.225,101.0441226002021,131.47410358565736,74.225,1500.0,-30.42998098545526,0.0,-21.30098668981868,4.177954205780043,0,0,0.0,0.0,-6.5635001492964085,396,Outside Field,Locked Out,Out
Northwest Indian RedHawks,70.29070261162434,150.56486294759677,74.425,70.29070261162434,150.56486294759677,74.425,70.29070261162434,70.29070261162434,70.29070261162434,150.56486294759677,150.56486294759677,150.56486294759677,74.425,74.425,74.425,70.29070261162434,150.56486294759677,74.42499999999998,1500.0,-80.27416033597243,0.0,-56.191912235180695,5.43307491176602,0,0,0.0,0.0,-19.158641126806014,681,Outside Field,Locked Out,Out
Northwest University Eagles,73.64473235594954,127.4409044193217,73.325,73.64473235594954,127.4409044193217,73.325,73.64473235594954,73.64473235594954,73.64473235594954,127.4409044193217,127.4409044193217,127.4409044193217,73.325,73.325,73.325,73.64473235594954,127.44090441932171,73.325,1500.0,-53.79617206337217,0.0,-37.657320444360515,9.31739371298151,0,0,0.0,0.0,-10.966060983256238,482,Outside Field,Locked Out,Out
Northwestern Oklahoma State Rangers,75.97467510829723,136.95090439276484,75.025,75.97467510829723,136.95090439276484,75.025,75.97467510829723,75.97467510829723,75.97467510829723,136.95090439276484,136.95090439276484,136.95090439276484,75.025,75.025,75.025,75.97467510829723,136.95090439276484,75.025,1500.0,-60.97622928446761,0.0,-42.683360499127325,2.654285580198216,0,0,0.0,0.0,-15.038881601780634,581,Outside Field,Locked Out,Out
Northwood (MI) Timberwolves,103.81679389312977,97.97399455700031,81.875,103.81679389312977,97.97399455700031,81.875,103.81679389312977,103.81679389312977,103.81679389312977,97.97399455700031,97.97399455700031,97.97399455700031,81.875,81.875,81.875,103.81679389312977,97.97399455700031,81.875,1500.0,5.84279933612946,0.0,4.089959535290622,-6.150203335477265,0,0,0.0,0.0,-0.5045964739777085,212,Outside Field,Locked Out,Out
Notre Dame (MD) Gators,79.76456725041805,132.2959607575798,78.25833333333334,79.76456725041805,132.2959607575798,78.25833333333334,79.76456725041805,79.76456725041805,79.76456725041805,132.2959607575798,132.2959607575798,132.2959607575798,78.25833333333334,78.25833333333334,78.25833333333334,79.76456725041805,132.2959607575798,78.25833333333334,1500.0,-52.53139350716174,0.0,-36.77197545501321,6.79718158534001,0,0,0.0,0.0,-11.46762378220701,495,Outside Field,Locked Out,Out
Oakland City Mighty Oaks,71.61073704757004,125.31393717994715,69.2625,71.61073704757004,125.31393717994715,69.2625,71.61073704757004,71.61073704757004,71.61073704757004,125.31393717994715,125.31393717994715,125.31393717994715,69.2625,69.2625,69.2625,71.61073704757004,125.31393717994715,69.2625,1500.0,-53.703200132377106,0.0,-37.59224009266397,-10.319434980394128,0,2,-4.4,0.0,-18.56594877808049,675,Outside Field,Locked Out,Out
Oakwood Ambassadors,79.21554755401554,142.0389406920591,77.21666666666667,79.21554755401554,142.0389406920591,77.21666666666667,79.21554755401554,79.21554755401554,79.21554755401554,142.0389406920591,142.0389406920591,142.0389406920591,77.21666666666667,77.21666666666667,77.21666666666667,79.21554755401553,142.0389406920591,77.21666666666665,1500.0,-62.82339313804357,0.0,-43.9763751966305,5.076346032215979,0,0,0.0,0.0,-14.721711418398101,571,Outside Field,Locked Out,Out
Occidental Tigers,79.94579945799458,116.74958540630183,73.8,79.94579945799458,116.74958540630183,73.8,79.94579945799458,79.94579945799458,79.94579945799458,116.74958540630183,116.74958540630183,116.74958540630183,73.8,73.8,73.8,79.94579945799458,116.74958540630183,73.79999999999998,1500.0,-36.80378594830725,0.0,-25.762650163815074,-4.704916376939545,0,0,0.0,0.0,-11.158410536898241,485,Outside Field,Locked Out,Out
Oglethorpe Stormy Petrels,65.06180871828238,129.65964343598054,76.85,65.06180871828238,129.65964343598054,76.85,65.06180871828238,65.06180871828238,65.06180871828238,129.65964343598054,129.65964343598054,129.65964343598054,76.85,76.85,76.85,65.06180871828238,129.6596434359805,76.85,1500.0,-64.59783471769813,0.0,-45.21848430238869,3.3814202215956684,0,0,0.0,0.0,-15.744166188192644,608,Outside Field,Locked Out,Out
Ohio Christian Trailblazers,68.5091475282211,125.14851485148515,64.225,68.5091475282211,125.14851485148515,64.225,68.5091475282211,68.5091475282211,68.5091475282211,125.14851485148515,125.14851485148515,125.14851485148515,64.225,64.225,64.225,68.5091475282211,125.14851485148513,64.225,1500.0,-56.639367323264025,0.0,-39.647557126284816,6.136596086657091,0,0,0.0,0.0,-12.75779816277507,517,Outside Field,Locked Out,Out
Ohio Wesleyan Battling Bishops,73.94698522361287,136.94825906256614,69.6,73.94698522361287,136.94825906256614,69.6,73.94698522361287,73.94698522361287,73.94698522361287,136.94825906256614,136.94825906256614,136.94825906256614,69.6,69.6,69.6,73.94698522361287,136.94825906256614,69.6,1500.0,-63.00127383895327,0.0,-44.100891687267286,3.786889746303488,0,0,0.0,0.0,-15.19365885568665,587,Outside Field,Locked Out,Out
Oklahoma Christian OKLAHOMA CHRISTIAN,82.22142084385142,143.7297879985627,69.325,82.22142084385142,143.7297879985627,69.325,82.22142084385142,82.22142084385142,82.22142084385142,143.7297879985627,143.7297879985627,143.7297879985627,69.325,69.325,69.325,82.22142084385142,143.7297879985627,69.32499999999999,1500.0,-61.50836715471128,0.0,-43.05585700829789,17.444112488136405,0,0,0.0,0.0,-10.29712670629463,466,Outside Field,Locked Out,Out
Old Westbury Panthers,36.02192638997651,143.58174014826375,63.85,36.02192638997651,143.58174014826375,63.85,36.02192638997651,36.02192638997651,36.02192638997651,143.58174014826375,143.58174014826375,143.58174014826375,63.85,63.85,63.85,36.02192638997651,143.58174014826375,63.85,1500.0,-107.55981375828725,0.0,-75.29186963080107,12.224854711531062,0,0,0.0,0.0,-24.03890933610772,719,Outside Field,Locked Out,Out
Olivet Comets,81.65829145728644,109.81912144702841,79.6,81.65829145728644,109.81912144702841,79.6,81.65829145728644,81.65829145728644,81.65829145728644,109.81912144702841,109.81912144702841,109.81912144702841,79.6,79.6,79.6,81.65829145728644,109.8191214470284,79.6,1500.0,-28.160829989741956,0.0,-19.71258099281937,-2.2829519427129585,0,0,0.0,0.0,-8.103350768417927,428,Outside Field,Locked Out,Out
Ottawa (AZ) Spirit,54.794520547945204,100.51635111876077,71.175,54.794520547945204,100.51635111876077,71.175,54.794520547945204,54.794520547945204,54.794520547945204,100.51635111876077,100.51635111876077,100.51635111876077,71.175,71.175,71.175,54.794520547945204,100.51635111876077,71.175,1500.0,-45.72183057081556,0.0,-32.00528139957089,2.236357807181251,0,0,0.0,0.0,-11.195399702613049,486,Outside Field,Locked Out,Out
Our Lady Of The Lake Saints,61.84873949579832,118.89035667107002,74.375,61.84873949579832,118.89035667107002,74.375,61.84873949579832,61.84873949579832,61.84873949579832,118.89035667107002,118.89035667107002,118.89035667107002,74.375,74.375,74.375,61.84873949579831,118.89035667107002,74.375,1500.0,-57.04161717527171,0.0,-39.9291320226902,-5.009956829879391,0,0,0.0,0.0,-16.541147836606115,630,Outside Field,Locked Out,Out
Ozark Christian Ambassadors,89.0106128038343,159.15817165406114,73.025,89.0106128038343,159.15817165406114,73.025,89.0106128038343,89.0106128038343,89.0106128038343,159.15817165406114,159.15817165406114,159.15817165406114,73.025,73.025,73.025,89.0106128038343,159.15817165406114,73.025,1500.0,-70.14755885022683,0.0,-49.103291195158775,-1.7909398423146796,0,0,0.0,0.0,-18.899523007873043,680,Outside Field,Locked Out,Out
Pacific Lutheran Lutes,95.58378705384149,125.27131782945737,82.65,95.58378705384149,125.27131782945737,82.65,95.58378705384149,95.58378705384149,95.58378705384149,125.27131782945737,125.27131782945737,125.27131782945737,82.65,82.65,82.65,95.5837870538415,125.27131782945737,82.65,1500.0,-29.68753077561587,0.0,-20.78127154293111,-3.626325370026448,0,0,0.0,0.0,-8.94513290454447,444,Outside Field,Locked Out,Out
Pacific Union PACIFIC UNION,62.745098039215684,128.26603325415678,82.875,62.745098039215684,128.26603325415678,82.875,62.745098039215684,62.745098039215684,62.745098039215684,128.26603325415678,128.26603325415678,128.26603325415678,82.875,82.875,82.875,62.74509803921568,128.26603325415678,82.875,1500.0,-65.5209352149411,0.0,-45.86465465045877,2.0847314571879236,0,0,0.0,0.0,-16.413002710227612,628,Outside Field,Locked Out,Out
Paine Lions,36.77869372225746,135.48387096774192,78.85,36.77869372225746,135.48387096774192,78.85,36.77869372225746,36.77869372225746,36.77869372225746,135.48387096774192,135.48387096774192,135.48387096774192,78.85,78.85,78.85,36.77869372225746,135.48387096774192,78.85,1500.0,-98.70517724548446,0.0,-69.09362407183912,4.428152158069375,0,0,0.0,0.0,-24.30076104890855,723,Outside Field,Locked Out,Out
Park University Gilbert Buccaneers,108.60420650095601,128.06324110671937,65.375,108.60420650095601,128.06324110671937,65.375,108.60420650095601,108.60420650095601,108.60420650095601,128.06324110671937,128.06324110671937,128.06324110671937,65.375,65.375,65.375,108.60420650095601,128.06324110671937,65.375,1500.0,-19.459034605763364,0.0,-13.621324224034353,-0.6378837283021929,0,0,0.0,0.0,-5.289309662443961,368,Outside Field,Locked Out,Out
Paul Quinn Tigers,74.89760093622002,119.5814648729447,85.45,74.89760093622002,119.5814648729447,85.45,74.89760093622002,74.89760093622002,74.89760093622002,119.5814648729447,119.5814648729447,119.5814648729447,85.45,85.45,85.45,74.89760093622002,119.5814648729447,85.45,1500.0,-44.68386393672468,0.0,-31.27870475570727,4.321548539394588,0,0,0.0,0.0,-10.236377469484927,465,Outside Field,Locked Out,Out
Paul Smith's Bobcats,74.2671009771987,140.9106015287471,76.75,74.2671009771987,140.9106015287471,76.75,74.2671009771987,74.2671009771987,74.2671009771987,140.9106015287471,140.9106015287471,140.9106015287471,76.75,76.75,76.75,74.2671009771987,140.91060152874707,76.75,1500.0,-66.64350055154837,0.0,-46.650450386083854,-2.300991803221949,0,0,0.0,0.0,-18.15328093901737,663,Outside Field,Locked Out,Out
Penn St Abington Nittany Lions,77.71081077864545,138.83047227792179,71.375,77.71081077864545,138.83047227792179,71.375,77.71081077864545,77.71081077864545,77.71081077864545,138.83047227792179,138.83047227792179,138.83047227792179,71.375,71.375,71.375,77.71081077864544,138.83047227792179,71.375,1500.0,-61.11966149927635,0.0,-42.78376304949344,-0.4402398316723528,0,0,0.0,0.0,-16.097510795763004,617,Outside Field,Locked Out,Out
Penn State (Brandywine) Lions,72.8805429081444,123.43961171244344,66.725,72.8805429081444,123.43961171244344,66.725,72.8805429081444,72.8805429081444,72.8805429081444,123.43961171244344,123.43961171244344,123.43961171244344,66.725,66.725,66.725,72.8805429081444,123.43961171244342,66.725,1500.0,-50.55906880429902,0.0,-35.39134816300931,-1.9557444748257473,0,0,0.0,0.0,-13.84131263461454,538,Outside Field,Locked Out,Out
Penn State Hazleton Nittany Lions,96.35416666666667,110.15262110152622,76.8,96.35416666666667,110.15262110152622,76.8,96.35416666666667,96.35416666666667,96.35416666666667,110.15262110152622,110.15262110152622,110.15262110152622,76.8,76.8,76.8,96.35416666666667,110.15262110152622,76.8,1500.0,-13.79845443485955,0.0,-9.658918104401685,2.76490503954257,0,0,0.0,0.0,-2.688977944449295,295,Outside Field,Locked Out,Out
Penn State-Behrend Lions,102.27272727272727,161.05032822757113,61.6,102.27272727272727,161.05032822757113,61.6,102.27272727272727,102.27272727272727,102.27272727272727,161.05032822757113,161.05032822757113,161.05032822757113,61.6,61.6,61.6,102.27272727272727,161.05032822757113,61.6,1500.0,-58.77760095484386,0.0,-41.1443206683907,1.585384601482765,0,0,0.0,0.0,-14.817776930724936,574,Outside Field,Locked Out,Out
Penn State-New Kensington Lions,57.679409792085856,125.12479201331115,74.55,57.679409792085856,125.12479201331115,74.55,57.679409792085856,57.679409792085856,57.679409792085856,125.12479201331115,125.12479201331115,125.12479201331115,74.55,74.55,74.55,57.679409792085856,125.12479201331115,74.55,1500.0,-67.44538222122529,0.0,-47.2117675548577,2.1122847560756037,0,0,0.0,0.0,-16.906190790234852,636,Outside Field,Locked Out,Out
Penn State-Shenango Nittany Lions,62.37767578313725,135.44862501566254,80.30833333333334,62.37767578313725,135.44862501566254,80.30833333333334,62.37767578313725,62.37767578313725,62.37767578313725,135.44862501566254,135.44862501566254,135.44862501566254,80.30833333333334,80.30833333333334,80.30833333333334,62.37767578313725,135.44862501566254,80.30833333333334,1500.0,-73.0709492325253,0.0,-51.1496644627677,2.7366066906250768,0,1,-2.2,0.0,-18.740437541782825,677,Outside Field,Locked Out,Out
Penn State-York Nittany Lions,74.56911712979247,105.45065906661917,71.075,74.56911712979247,105.45065906661917,71.075,74.56911712979247,74.56911712979247,74.56911712979247,105.45065906661917,105.45065906661917,105.45065906661917,71.075,71.075,71.075,74.56911712979247,105.45065906661915,71.075,1500.0,-30.88154193682668,0.0,-21.617079355778674,14.433839101519396,0,0,0.0,0.0,-3.296915542010363,318,Outside Field,Locked Out,Out
Pensacola Christian College PENSACOLA CHRISTIAN,67.71463119709794,145.9149834187519,82.7,67.71463119709794,145.9149834187519,82.7,67.71463119709794,67.71463119709794,67.71463119709794,145.9149834187519,145.9149834187519,145.9149834187519,82.7,82.7,82.7,67.71463119709794,145.9149834187519,82.7,1500.0,-78.20035222165394,0.0,-54.74024655515776,8.67758379240258,0,0,0.0,0.0,-17.54668927835883,649,Outside Field,Locked Out,Out
Peru State Bobcats,68.8622754491018,138.2861346083119,66.8,68.8622754491018,138.2861346083119,66.8,68.8622754491018,68.8622754491018,68.8622754491018,138.2861346083119,138.2861346083119,138.2861346083119,66.8,66.8,66.8,68.86227544910179,138.2861346083119,66.8,1500.0,-69.42385915921011,0.0,-48.59670141144707,-0.5815154437722012,0,0,0.0,0.0,-18.311527336998665,670,Outside Field,Locked Out,Out
Pfeiffer Falcons,75.27104411262692,143.339807197162,79.0375,75.27104411262692,143.339807197162,79.0375,75.27104411262692,75.27104411262692,75.27104411262692,143.339807197162,143.339807197162,143.339807197162,79.0375,79.0375,79.0375,75.27104411262692,143.339807197162,79.0375,1500.0,-68.06876308453508,0.0,-47.64813415917455,10.108114903276213,0,0,0.0,0.0,-14.430269246982503,558,Outside Field,Locked Out,Out
Piedmont Lions,96.0284528749259,113.38006705272782,84.35,96.0284528749259,113.38006705272782,84.35,96.0284528749259,96.0284528749259,96.0284528749259,113.38006705272782,113.38006705272782,113.38006705272782,84.35,84.35,84.35,96.0284528749259,113.38006705272782,84.35,1500.0,-17.35161417780192,0.0,-12.146129924461343,1.8045529039637267,0,0,0.0,0.0,-3.9332688420982715,337,Outside Field,Locked Out,Out
Pittsburgh - Greensburg Bobcats,80.79376328844792,113.12849162011173,70.55,80.79376328844792,113.12849162011173,70.55,80.79376328844792,80.79376328844792,80.79376328844792,113.12849162011173,113.12849162011173,113.12849162011173,70.55,70.55,70.55,80.79376328844792,113.12849162011173,70.55,1500.0,-32.33472833166381,0.0,-22.634309832164668,6.0178329625568985,0,0,0.0,0.0,-6.453479216920478,394,Outside Field,Locked Out,Out
Plattsburgh St Cardinals,83.16566063044937,150.5161505161505,74.55,83.16566063044937,150.5161505161505,74.55,83.16566063044937,83.16566063044937,83.16566063044937,150.5161505161505,150.5161505161505,150.5161505161505,74.55,74.55,74.55,83.16566063044937,150.5161505161505,74.55,1500.0,-67.35048988570114,0.0,-47.145342919990796,5.897425799278871,0,0,0.0,0.0,-15.632327346405969,604,Outside Field,Locked Out,Out
Point University Skyhawks,73.2824427480916,138.57677902621722,81.875,73.2824427480916,138.57677902621722,81.875,73.2824427480916,73.2824427480916,73.2824427480916,138.57677902621722,138.57677902621722,138.57677902621722,81.875,81.875,81.875,73.2824427480916,138.5767790262172,81.875,1500.0,-65.2943362781256,0.0,-45.706035394687916,4.428152158069375,0,0,0.0,0.0,-15.580531556427886,600,Outside Field,Locked Out,Out
Principia College PRINCIPIA,43.65079365079366,150.7936507936508,75.6,43.65079365079366,150.7936507936508,75.6,43.65079365079366,43.65079365079366,43.65079365079366,150.7936507936508,150.7936507936508,150.7936507936508,75.6,75.6,75.6,43.65079365079366,150.7936507936508,75.6,1500.0,-107.14285714285715,0.0,-75.0,12.959205854850127,0,0,0.0,0.0,-23.687747782185173,715,Outside Field,Locked Out,Out
Puget Sound Loggers,62.59097525473071,136.61971830985914,68.7,62.59097525473071,136.61971830985914,68.7,62.59097525473071,62.59097525473071,62.59097525473071,136.61971830985914,136.61971830985914,136.61971830985914,68.7,68.7,68.7,62.5909752547307,136.61971830985914,68.69999999999999,1500.0,-74.02874305512844,0.0,-51.82012013858991,4.300572763137418,0,0,0.0,0.0,-17.902312925553176,657,Outside Field,Locked Out,Out
RIT Tigers,89.61738380677312,108.61718829165099,66.9125,89.61738380677312,108.61718829165099,66.9125,89.61738380677312,89.61738380677312,89.61738380677312,108.61718829165099,108.61718829165099,108.61718829165099,66.9125,66.9125,66.9125,89.61738380677312,108.61718829165099,66.9125,1500.0,-18.99980448487787,0.0,-13.299863139414509,-3.307346057616283,0,1,-2.2,0.0,-6.622373169566498,402,Outside Field,Locked Out,Out
Randolph College Wildcats,70.64311896034654,125.0,75.025,70.64311896034654,125.0,75.025,70.64311896034654,70.64311896034654,70.64311896034654,125.0,125.0,125.0,75.025,75.025,75.025,70.64311896034654,125.0,75.025,1500.0,-54.35688103965346,0.0,-38.04981672775742,-2.1107930641673267,0,0,0.0,0.0,-14.88370766252477,576,Outside Field,Locked Out,Out
Redlands Bulldogs,103.67999999999999,113.42894393741851,78.125,103.67999999999999,113.42894393741851,78.125,103.67999999999999,103.67999999999999,103.67999999999999,113.42894393741851,113.42894393741851,113.42894393741851,78.125,78.125,78.125,103.67999999999998,113.42894393741851,78.125,1500.0,-9.748943937418531,0.0,-6.824260756192971,-3.626325370026448,0,0,0.0,0.0,-3.741161739774965,334,Outside Field,Locked Out,Out
Regent Royals,72.56275716028038,142.1167585977122,77.3,72.56275716028038,142.1167585977122,77.3,72.56275716028038,72.56275716028038,72.56275716028038,142.1167585977122,142.1167585977122,142.1167585977122,77.3,77.3,77.3,72.56275716028038,142.1167585977122,77.3,1500.0,-69.55400143743181,0.0,-48.687801006202264,2.7993543643827175,0,0,0.0,0.0,-17.229807434923405,641,Outside Field,Locked Out,Out
Regis (CO) REGIS UNIVERSITY,87.68267223382047,144.6453407510431,71.85,87.68267223382047,144.6453407510431,71.85,87.68267223382047,87.68267223382047,87.68267223382047,144.6453407510431,144.6453407510431,144.6453407510431,71.85,71.85,71.85,87.68267223382047,144.6453407510431,71.85,1500.0,-56.96266851722264,0.0,-39.87386796205585,5.1130497679390725,0,0,0.0,0.0,-13.179950059575216,524,Outside Field,Locked Out,Out
Regis Pride,72.41910631741139,103.02351623740202,64.9,72.41910631741139,103.02351623740202,64.9,72.41910631741139,72.41910631741139,72.41910631741139,103.02351623740202,103.02351623740202,103.02351623740202,64.9,64.9,64.9,72.41910631741139,103.023516237402,64.9,1500.0,-30.604409919990616,0.0,-21.42308694399343,-5.105572477592145,0,0,0.0,0.0,-9.672589906722958,454,Outside Field,Locked Out,Out
Reinhardt Eagles,60.26141547916875,136.84893988761394,72.88749999999999,60.26141547916875,136.84893988761394,72.88749999999999,60.26141547916875,60.26141547916875,60.26141547916875,136.84893988761394,136.84893988761394,136.84893988761394,72.88749999999999,72.88749999999999,72.88749999999999,60.26141547916875,136.84893988761394,72.88749999999999,1500.0,-76.58752440844519,0.0,-53.61126708591163,1.4497030683036074,0,0,0.0,0.0,-19.510941858064005,690,Outside Field,Locked Out,Out
Rhodes Lynx,81.5210751145521,124.20226265677019,81.775,81.5210751145521,124.20226265677019,81.775,81.5210751145521,81.5210751145521,81.5210751145521,124.20226265677019,124.20226265677019,124.20226265677019,81.775,81.775,81.775,81.52107511455209,124.20226265677019,81.775,1500.0,-42.6811875422181,0.0,-29.876831279552665,2.54023029514291,0,0,0.0,0.0,-10.301513951121764,467,Outside Field,Locked Out,Out
Ripon Red Hawks,89.17197452229298,115.80048831531218,70.65,89.17197452229298,115.80048831531218,70.65,89.17197452229298,89.17197452229298,89.17197452229298,115.80048831531218,115.80048831531218,115.80048831531218,70.65,70.65,70.65,89.17197452229298,115.80048831531218,70.65,1500.0,-26.628513793019195,0.0,-18.639959655113437,0.16122983210637187,0,0,0.0,0.0,-6.896836255382907,408,Outside Field,Locked Out,Out
Rivier Raiders,70.7395498392283,140.23591087811272,77.75,70.7395498392283,140.23591087811272,77.75,70.7395498392283,70.7395498392283,70.7395498392283,140.23591087811272,140.23591087811272,140.23591087811272,77.75,77.75,77.75,70.7395498392283,140.23591087811272,77.75,1500.0,-69.49636103888442,0.0,-48.64745272721909,-3.6256208162656938,0,0,0.0,0.0,-19.33500510051651,687,Outside Field,Locked Out,Out
Roberts Wesleyan Redhawks,80.02353633421595,134.79052823315118,84.975,80.02353633421595,134.79052823315118,84.975,80.02353633421595,80.02353633421595,80.02353633421595,134.79052823315118,134.79052823315118,134.79052823315118,84.975,84.975,84.975,80.02353633421595,134.79052823315118,84.975,1500.0,-54.76699189893523,0.0,-38.33689432925466,5.374079285938796,0,0,0.0,0.0,-12.520738721262294,514,Outside Field,Locked Out,Out
Rockford Regents,78.94736842105263,149.57780458383596,60.8,78.94736842105263,149.57780458383596,60.8,78.94736842105263,78.94736842105263,78.94736842105263,149.57780458383596,149.57780458383596,149.57780458383596,60.8,60.8,60.8,78.94736842105263,149.57780458383596,60.79999999999999,1500.0,-70.63043616278333,0.0,-49.44130531394833,2.512846590752283,0,0,0.0,0.0,-17.605304463538193,651,Outside Field,Locked Out,Out
Rosemont Ravens,37.59705762157745,117.94439764111205,61.175,37.59705762157745,117.94439764111205,61.175,37.59705762157745,37.59705762157745,37.59705762157745,117.94439764111205,117.94439764111205,117.94439764111205,61.175,61.175,61.175,37.59705762157745,117.94439764111203,61.175,1500.0,-80.34734001953458,0.0,-56.243138013674205,14.295457070612223,0,0,0.0,0.0,-16.253154911796493,620,Outside Field,Locked Out,Out
Rowan Profs,83.74527478918291,137.9310344827586,85.975,83.74527478918291,137.9310344827586,85.975,83.74527478918291,83.74527478918291,83.74527478918291,137.9310344827586,137.9310344827586,137.9310344827586,85.975,85.975,85.975,83.74527478918291,137.9310344827586,85.97499999999998,1500.0,-54.18575969357569,0.0,-37.93003178550298,4.915329029935662,0,0,0.0,0.0,-12.520424700144487,513,Outside Field,Locked Out,Out
Rust Bearcats,72.55936675461741,114.95754408883083,75.8,72.55936675461741,114.95754408883083,75.8,72.55936675461741,72.55936675461741,72.55936675461741,114.95754408883083,114.95754408883083,114.95754408883083,75.8,75.8,75.8,72.55936675461741,114.95754408883083,75.8,1500.0,-42.398177334213415,0.0,-29.678724133949387,-13.136628413401217,0,1,-2.2,0.0,-15.973011660652105,612,Outside Field,Locked Out,Out
Rutgers-Camden Scarlet Raptors,79.42708333333334,129.99675008124797,76.8,79.42708333333334,129.99675008124797,76.8,79.42708333333334,79.42708333333334,79.42708333333334,129.99675008124797,129.99675008124797,129.99675008124797,76.8,76.8,76.8,79.42708333333334,129.99675008124797,76.8,1500.0,-50.569666747914624,0.0,-35.398766723540234,6.492755820071999,0,0,0.0,0.0,-11.056073600581957,483,Outside Field,Locked Out,Out
SUNY Cobleskill Fighting Tigers,66.42311524410495,120.243044451551,75.275,66.42311524410495,120.243044451551,75.275,66.42311524410495,66.42311524410495,66.42311524410495,120.243044451551,120.243044451551,120.243044451551,75.275,75.275,75.275,66.42311524410495,120.243044451551,75.275,1500.0,-53.81992920744605,0.0,-37.673950445212235,-1.0205709753568102,0,0,0.0,0.0,-14.383789945011166,557,Outside Field,Locked Out,Out
SUNY Delhi Broncos,65.32663316582915,145.93908629441626,79.6,65.32663316582915,145.93908629441626,79.6,65.32663316582915,65.32663316582915,65.32663316582915,145.93908629441626,145.93908629441626,145.93908629441626,79.6,79.6,79.6,65.32663316582915,145.93908629441626,79.6,1500.0,-80.6124531285871,0.0,-56.42871719001097,-2.300991803221949,0,0,0.0,0.0,-21.79917756162448,705,Outside Field,Locked Out,Out
SUNY-Canton Roos,74.30340557275542,115.36126290224651,80.75,74.30340557275542,115.36126290224651,80.75,74.30340557275542,74.30340557275542,74.30340557275542,115.36126290224651,115.36126290224651,115.36126290224651,80.75,80.75,80.75,74.30340557275542,115.36126290224651,80.74999999999999,1500.0,-41.057857329491085,0.0,-28.740500130643756,-7.83177099456394,0,1,-2.2,0.0,-13.872585191203271,539,Outside Field,Locked Out,Out
SUNY-Maritime Privateers,67.8005934865055,123.62019526064041,75.3625,67.8005934865055,123.62019526064041,75.3625,67.8005934865055,67.8005934865055,67.8005934865055,123.62019526064041,123.62019526064041,123.62019526064041,75.3625,75.3625,75.3625,67.8005934865055,123.6201952606404,75.36249999999998,1500.0,-55.819601774134895,0.0,-39.073721241894425,1.9501544006618179,0,1,-2.2,0.0,-14.49736511083081,561,Outside Field,Locked Out,Out
SUNY-Oneonta Red Dragons,83.85198789239195,132.53818339129057,66.675,83.85198789239195,132.53818339129057,66.675,83.85198789239195,83.85198789239195,83.85198789239195,132.53818339129057,132.53818339129057,132.53818339129057,66.675,66.675,66.675,83.85198789239195,132.53818339129057,66.675,1500.0,-48.68619549889863,0.0,-34.080336849229035,1.011020727989011,0,0,0.0,0.0,-12.373460184976167,511,Outside Field,Locked Out,Out
Saint John's (MN) Johnnies,81.07129931234165,113.87900355871888,69.075,81.07129931234165,113.87900355871888,69.075,81.07129931234165,81.07129931234165,81.07129931234165,113.87900355871888,113.87900355871888,113.87900355871888,69.075,69.075,69.075,81.07129931234164,113.87900355871886,69.075,1500.0,-32.80770424637723,0.0,-22.96539297246406,10.905198097428705,0,0,0.0,0.0,-4.964095436152984,357,Outside Field,Locked Out,Out
Saint Josephs Long Island Golden Eagles,55.753646677471636,137.79781068898905,77.125,55.753646677471636,137.79781068898905,77.125,55.753646677471636,55.753646677471636,55.753646677471636,137.79781068898905,137.79781068898905,137.79781068898905,77.125,77.125,77.125,55.75364667747163,137.79781068898905,77.125,1500.0,-82.04416401151741,0.0,-57.430914808062184,-3.980666908091419,0,0,0.0,0.0,-22.727146886676213,711,Outside Field,Locked Out,Out
Saint Leo Monarchs,73.26007326007326,152.48468345813478,75.075,73.26007326007326,152.48468345813478,75.075,73.26007326007326,73.26007326007326,73.26007326007326,152.48468345813478,152.48468345813478,152.48468345813478,75.075,75.075,75.075,73.26007326007326,152.48468345813478,75.075,1500.0,-79.22461019806153,0.0,-55.45722713864306,4.064197844493545,0,0,0.0,0.0,-19.33643797301119,688,Outside Field,Locked Out,Out
Saint Mary of the Woods College Pomeroys,74.63175122749591,113.47517730496455,76.375,74.63175122749591,113.47517730496455,76.375,74.63175122749591,74.63175122749591,74.63175122749591,113.47517730496455,113.47517730496455,113.47517730496455,76.375,76.375,76.375,74.63175122749591,113.47517730496453,76.37499999999999,1500.0,-38.84342607746862,0.0,-27.190398254228032,3.8972781641884677,0,0,0.0,0.0,-8.852032412037117,442,Outside Field,Locked Out,Out
Salish Kootenai Bison,62.82007511095937,135.5031550979741,73.225,62.82007511095937,135.5031550979741,73.225,62.82007511095937,62.82007511095937,62.82007511095937,135.5031550979741,135.5031550979741,135.5031550979741,73.225,73.225,73.225,62.82007511095937,135.5031550979741,73.225,1500.0,-72.68307998701471,0.0,-50.878155990910294,2.236357807181251,0,0,0.0,0.0,-18.232285800241026,666,Outside Field,Locked Out,Out
Salve Regina Seahawks,73.2372419166342,118.40607210626186,64.175,73.2372419166342,118.40607210626186,64.175,73.2372419166342,73.2372419166342,73.2372419166342,118.40607210626186,118.40607210626186,118.40607210626186,64.175,64.175,64.175,73.23724191663419,118.40607210626187,64.175,1500.0,-45.168830189627684,0.0,-31.618181132739377,-0.7676773557522756,0,0,0.0,0.0,-12.042398206891075,505,Outside Field,Locked Out,Out
San Francisco State Gators,72.97670488078589,123.91158322658298,77.8875,72.97670488078589,123.91158322658298,77.8875,72.97670488078589,72.97670488078589,72.97670488078589,123.91158322658298,123.91158322658298,123.91158322658298,77.8875,77.8875,77.8875,72.97670488078589,123.91158322658298,77.8875,1500.0,-50.93487834579709,0.0,-35.65441484205796,-2.4605954995622517,0,1,-2.2,0.0,-14.677999763108584,567,Outside Field,Locked Out,Out
Sarah Lawrence Gryphons,59.0802282645183,124.198447519406,74.475,59.0802282645183,124.198447519406,74.475,59.0802282645183,59.0802282645183,59.0802282645183,124.198447519406,124.198447519406,124.198447519406,74.475,74.475,74.475,59.0802282645183,124.19844751940599,74.475,1500.0,-65.11821925488769,0.0,-45.58275347842138,3.844650557975622,0,0,0.0,0.0,-15.727120541393733,606,Outside Field,Locked Out,Out
Schreiner Mountaineers,68.07437756066813,135.48387096774192,79.325,68.07437756066813,135.48387096774192,79.325,68.07437756066813,68.07437756066813,68.07437756066813,135.48387096774192,135.48387096774192,135.48387096774192,79.325,79.325,79.325,68.07437756066813,135.48387096774192,79.32499999999999,1500.0,-67.4094934070738,0.0,-47.18664538495165,10.159689924719862,0,0,0.0,0.0,-14.241180104088706,553,Outside Field,Locked Out,Out
Science & Arts (OK) Drovers,77.58919293384136,144.2753143613501,72.175,77.58919293384136,144.2753143613501,72.175,77.58919293384136,77.58919293384136,77.58919293384136,144.2753143613501,144.2753143613501,144.2753143613501,72.175,72.175,72.175,77.58919293384136,144.2753143613501,72.175,1500.0,-66.68612142750874,0.0,-46.680284999256116,3.3173869524798367,0,0,0.0,0.0,-16.310339998261433,624,Outside Field,Locked Out,Out
Shaw Bears,108.66574965612104,117.02502643637646,72.7,108.66574965612104,117.02502643637646,72.7,108.66574965612104,108.66574965612104,108.66574965612104,117.02502643637646,117.02502643637646,117.02502643637646,72.7,72.7,72.7,108.66574965612102,117.02502643637645,72.7,1500.0,-8.359276780255428,0.0,-5.851493746178799,-2.5639734214448477,0,0,0.0,0.0,-3.0278824687234667,310,Outside Field,Locked Out,Out
Shenandoah Hornets,69.48282668772207,135.46126897625535,63.325,69.48282668772207,135.46126897625535,63.325,69.48282668772207,69.48282668772207,69.48282668772207,135.46126897625535,135.46126897625535,135.46126897625535,63.325,63.325,63.325,69.48282668772207,135.46126897625533,63.325,1500.0,-65.97844228853326,0.0,-46.18490960197328,-0.0032559078387330367,0,0,0.0,0.0,-17.221447886893962,640,Outside Field,Locked Out,Out
Siena Heights Saints,80.34141864236716,133.1432935750664,78.5,80.34141864236716,133.1432935750664,78.5,80.34141864236716,80.34141864236716,80.34141864236716,133.1432935750664,133.1432935750664,133.1432935750664,78.5,78.5,78.5,80.34141864236716,133.1432935750664,78.5,1500.0,-52.801874932699235,0.0,-36.96131245288946,4.861974118006546,0,0,0.0,0.0,-12.17683789849234,506,Outside Field,Locked Out,Out
Simpson College (IA) Storm,67.23796967699407,119.86531986531988,75.85,67.23796967699407,119.86531986531988,75.85,67.23796967699407,67.23796967699407,67.23796967699407,119.86531986531988,119.86531986531988,119.86531986531988,75.85,75.85,75.85,67.23796967699407,119.86531986531986,75.85,1500.0,-52.62735018832579,0.0,-36.839145131828055,-1.1695735605957729,0,0,0.0,0.0,-14.121697674149637,551,Outside Field,Locked Out,Out
Simpson University (CA) Red Hawks,72.28044813877847,144.84679665738162,69.175,72.28044813877847,144.84679665738162,69.175,72.28044813877847,72.28044813877847,72.28044813877847,144.84679665738162,144.84679665738162,144.84679665738162,69.175,69.175,69.175,72.28044813877847,144.84679665738162,69.175,1500.0,-72.56634851860315,0.0,-50.7964439630222,2.2860112331286606,0,0,0.0,0.0,-18.185433256422964,665,Outside Field,Locked Out,Out
Southern Arkansas Muleriders,90.26434558349452,98.14323607427055,77.55,90.26434558349452,98.14323607427055,77.55,90.26434558349452,90.26434558349452,90.26434558349452,98.14323607427055,98.14323607427055,98.14323607427055,77.55,77.55,77.55,90.26434558349452,98.14323607427053,77.54999999999998,1500.0,-7.8788904907760156,0.0,-5.5152233435432105,-7.37571767530032,0,1,-2.2,0.0,-5.062377250941646,360,Outside Field,Locked Out,Out
Southern Virginia Knights,67.77495418139718,124.53202875582811,75.45,67.77495418139718,124.53202875582811,75.45,67.77495418139718,67.77495418139718,67.77495418139718,124.53202875582811,124.53202875582811,124.53202875582811,75.45,75.45,75.45,67.77495418139716,124.53202875582811,75.45,1500.0,-56.757074574430945,0.0,-39.72995220210166,-1.354611532058804,0,0,0.0,0.0,-15.260618269505882,589,Outside Field,Locked Out,Out
Southern Wesleyan Warriors,91.34354642316464,142.03406929921903,73.79166666666667,91.34354642316464,142.03406929921903,73.79166666666667,91.34354642316464,91.34354642316464,91.34354642316464,142.03406929921903,142.03406929921903,142.03406929921903,73.79166666666667,73.79166666666667,73.79166666666667,91.34354642316463,142.03406929921903,73.79166666666666,1500.0,-50.6905228760544,0.0,-35.483366013238076,-2.750179530062439,0,1,-2.2,0.0,-14.709785715570803,570,Outside Field,Locked Out,Out
Southern-New Orleans Knights,74.77906186267845,143.71257485029938,73.55,74.77906186267845,143.71257485029938,73.55,74.77906186267845,74.77906186267845,74.77906186267845,143.71257485029938,143.71257485029938,143.71257485029938,73.55,73.55,73.55,74.77906186267845,143.71257485029938,73.55,1500.0,-68.93351298762093,0.0,-48.25345909133465,-6.416443293398603,0,1,-2.2,0.0,-20.681073176590605,697,Outside Field,Locked Out,Out
Southwestern Adventist Knights,70.40813084979673,141.35879679999084,72.45833333333333,70.40813084979673,141.35879679999084,72.45833333333333,70.40813084979673,70.40813084979673,70.40813084979673,141.35879679999084,141.35879679999084,141.35879679999084,72.45833333333333,72.45833333333333,72.45833333333333,70.40813084979673,141.35879679999084,72.45833333333331,1500.0,-70.95066595019411,0.0,-49.665466165135875,2.8080029390607444,0,0,0.0,0.0,-17.59148284311062,650,Outside Field,Locked Out,Out
Southwestern Christian Eagles,80.46790922894401,136.5740633796133,77.125,80.46790922894401,136.5740633796133,77.125,80.46790922894401,80.46790922894401,80.46790922894401,136.5740633796133,136.5740633796133,136.5740633796133,77.125,77.125,77.125,80.46790922894401,136.5740633796133,77.125,1500.0,-56.1061541506693,0.0,-39.274307905468504,-4.859222241991682,0,1,-2.2,0.0,-16.81924957318194,634,Outside Field,Locked Out,Out
Spring Hill Badgers,68.09669731018046,139.68253968253967,73.425,68.09669731018046,139.68253968253967,73.425,68.09669731018046,68.09669731018046,68.09669731018046,139.68253968253967,139.68253968253967,139.68253968253967,73.425,73.425,73.425,68.09669731018046,139.68253968253964,73.425,1500.0,-71.58584237235918,0.0,-50.110089660651425,5.106295091254261,0,0,0.0,0.0,-16.998827479071842,638,Outside Field,Locked Out,Out
Spurgeon College Knights,85.5188141391106,121.90020914251569,87.7,85.5188141391106,121.90020914251569,87.7,85.5188141391106,85.5188141391106,85.5188141391106,121.90020914251569,121.90020914251569,121.90020914251569,87.7,87.7,87.7,85.5188141391106,121.90020914251569,87.7,1500.0,-36.38139500340509,0.0,-25.46697650238356,-18.978532810879862,0,1,-2.2,0.0,-16.330459923479083,626,Outside Field,Locked Out,Out
St. Ambrose Fighting Bees,106.92054192603442,127.69010043041607,68.275,106.92054192603442,127.69010043041607,68.275,106.92054192603442,106.92054192603442,106.92054192603442,127.69010043041607,127.69010043041607,127.69010043041607,68.275,68.275,68.275,106.9205419260344,127.69010043041607,68.275,1500.0,-20.769558504381664,0.0,-14.538690953067164,-15.516455095440348,0,1,-2.2,0.0,-11.11328495113893,484,Outside Field,Locked Out,Out
St. Elizabeth Eagles,81.23249299719888,140.99400775467043,71.4,81.23249299719888,140.99400775467043,71.4,81.23249299719888,81.23249299719888,81.23249299719888,140.99400775467043,140.99400775467043,140.99400775467043,71.4,71.4,71.4,81.23249299719888,140.99400775467043,71.4,1500.0,-59.76151475747156,0.0,-41.83306033023009,-5.886306488685472,0,1,-2.2,0.0,-18.112236492966282,661,Outside Field,Locked Out,Out
St. Francis (IL) Fighting Saints,78.26396300249021,137.5921375921376,70.275,78.26396300249021,137.5921375921376,70.275,78.26396300249021,78.26396300249021,78.26396300249021,137.5921375921376,137.5921375921376,137.5921375921376,70.275,70.275,70.275,78.26396300249021,137.5921375921376,70.275,1500.0,-59.328174589647375,0.0,-41.52972221275316,4.492637384545479,0,0,0.0,0.0,-14.002083230997957,546,Outside Field,Locked Out,Out
St. John Fisher Cardinals,67.84260515603799,131.1018131101813,73.7,67.84260515603799,131.1018131101813,73.7,67.84260515603799,67.84260515603799,67.84260515603799,131.1018131101813,131.1018131101813,131.1018131101813,73.7,73.7,73.7,67.84260515603799,131.1018131101813,73.69999999999999,1500.0,-63.25920795414331,0.0,-44.28144556790031,4.323033259199971,0,0,0.0,0.0,-15.084052300495411,584,Outside Field,Locked Out,Out
St. Joseph's (NY) Bears,79.54162453656893,165.0709805216243,74.175,79.54162453656893,165.0709805216243,74.175,79.54162453656893,79.54162453656893,79.54162453656893,165.0709805216243,165.0709805216243,165.0709805216243,74.175,74.175,74.175,79.54162453656893,165.0709805216243,74.175,1500.0,-85.52935598505537,0.0,-59.87054918953876,-5.239262367350545,0,0,0.0,0.0,-24.052118493325132,720,Outside Field,Locked Out,Out
St. Mary's (MD) Seahawks,63.58544876336895,131.52477010074523,79.7625,63.58544876336895,131.52477010074523,79.7625,63.58544876336895,63.58544876336895,63.58544876336895,131.52477010074523,131.52477010074523,131.52477010074523,79.7625,79.7625,79.7625,63.58544876336896,131.52477010074523,79.7625,1500.0,-67.93932133737627,0.0,-47.55752493616339,9.171877493988989,0,0,0.0,0.0,-14.705443296038842,569,Outside Field,Locked Out,Out
St. Scholastica Saints,49.270664505672606,146.63143989431967,77.125,49.270664505672606,146.63143989431967,77.125,49.270664505672606,49.270664505672606,49.270664505672606,146.63143989431967,146.63143989431967,146.63143989431967,77.125,77.125,77.125,49.270664505672606,146.63143989431967,77.125,1500.0,-97.36077538864706,0.0,-68.15254277205294,12.306664434899512,0,0,0.0,0.0,-21.349963112920044,701,Outside Field,Locked Out,Out
St. Thomas (TX) Celts,105.36337670580767,102.7208804646897,78.775,105.36337670580767,102.7208804646897,78.775,105.36337670580767,105.36337670580767,105.36337670580767,102.7208804646897,102.7208804646897,102.7208804646897,78.775,78.775,78.775,105.36337670580765,102.7208804646897,78.775,1500.0,2.6424962411179536,0.0,1.8497473687825674,-6.840990893990855,0,1,-2.2,0.0,-2.1398354760851968,273,Outside Field,Locked Out,Out
St. Xavier  (IL) Cougars,84.69336091092222,114.65159406176215,75.17500000000001,84.69336091092222,114.65159406176215,75.17500000000001,84.69336091092222,84.69336091092222,84.69336091092222,114.65159406176215,114.65159406176215,114.65159406176215,75.17500000000001,75.17500000000001,75.17500000000001,84.69336091092222,114.65159406176215,75.17500000000001,1500.0,-29.95823315083993,0.0,-20.97076320558795,-3.3289652941451706,0,1,-2.2,0.0,-9.489657399437128,452,Outside Field,Locked Out,Out
Stanton Elks,100.33985012106712,138.47253751584657,65.9875,100.33985012106712,138.47253751584657,65.9875,100.33985012106712,100.33985012106712,100.33985012106712,138.47253751584657,138.47253751584657,138.47253751584657,65.9875,65.9875,65.9875,100.33985012106712,138.47253751584657,65.98749999999998,1500.0,-38.13268739477945,0.0,-26.692881176345615,1.8305239694870803,0,0,0.0,0.0,-9.348558500106702,449,Outside Field,Locked Out,Out
Tennessee Southern Firehawks,87.20930232558139,129.34973637961335,68.8,87.20930232558139,129.34973637961335,68.8,87.20930232558139,87.20930232558139,87.20930232558139,129.34973637961335,129.34973637961335,129.34973637961335,68.8,68.8,68.8,87.20930232558139,129.34973637961335,68.79999999999998,1500.0,-42.14043405403196,0.0,-29.498303837822366,-11.835112962163546,0,1,-2.2,0.0,-15.476240565616308,597,Outside Field,Locked Out,Out
Tennessee Wesleyan Bulldogs,83.86716830206586,128.94975111180344,80.725,83.86716830206586,128.94975111180344,80.725,77.99074686054196,83.86716830206586,89.74358974358975,144.89863742107013,128.94975111180344,113.00086480253677,75.65,80.725,85.8,84.74863151829446,126.55741816541344,81.48625,1500.0,-41.80878664711898,0.0,-29.26615065298328,7.203676770236839,0,0,0.0,0.0,-8.534879980719897,439,Outside Field,Locked Out,Out
Texas A&M-San Antonio Jaguars,71.62544854966559,133.59568794850486,75.44999999999999,71.62544854966559,133.59568794850486,75.44999999999999,71.62544854966559,71.62544854966559,71.62544854966559,133.59568794850486,133.59568794850486,133.59568794850486,75.44999999999999,75.44999999999999,75.44999999999999,71.62544854966559,133.59568794850486,75.44999999999999,1500.0,-61.97023939883927,0.0,-43.37916757918749,-1.7651380276110906,0,0,0.0,0.0,-16.75672803220871,632,Outside Field,Locked Out,Out
Texas Lutheran Bulldogs,66.30441301714107,145.89191043924976,72.2,66.30441301714107,145.89191043924976,72.2,66.30441301714107,66.30441301714107,66.30441301714107,145.89191043924976,145.89191043924976,145.89191043924976,72.2,72.2,72.2,66.30441301714107,145.89191043924973,72.2,1500.0,-79.58749742210865,0.0,-55.71124819547605,-0.5213308945972456,0,0,0.0,0.0,-20.94437602238745,699,Outside Field,Locked Out,Out
Thiel Tomcats,79.0273556231003,153.2168092227594,65.8,79.0273556231003,153.2168092227594,65.8,79.0273556231003,79.0273556231003,79.0273556231003,153.2168092227594,153.2168092227594,153.2168092227594,65.8,65.8,65.8,79.02735562310029,153.2168092227594,65.8,1500.0,-74.1894535996591,0.0,-51.93261751976137,0.607623208628437,0,0,0.0,0.0,-19.162931730663644,682,Outside Field,Locked Out,Out
Thomas (ME) Terriers,63.618290258449306,131.14754098360655,75.45,63.618290258449306,131.14754098360655,75.45,63.618290258449306,63.618290258449306,63.618290258449306,131.14754098360655,131.14754098360655,131.14754098360655,75.45,75.45,75.45,63.618290258449306,131.14754098360652,75.45,1500.0,-67.52925072515721,0.0,-47.270475507610044,-2.873480550841839,0,0,0.0,0.0,-18.57338302104384,676,Outside Field,Locked Out,Out
Tiffin Dragons,76.65772326561901,96.76160749122123,65.225,76.65772326561901,96.76160749122123,65.225,76.65772326561901,76.65772326561901,76.65772326561901,96.76160749122123,96.76160749122123,96.76160749122123,65.225,65.225,65.225,76.65772326561901,96.76160749122121,65.225,1500.0,-20.1038842256022,0.0,-14.07271895792154,-4.079143999244623,0,0,0.0,0.0,-6.5932313026328995,398,Outside Field,Locked Out,Out
Toccoa Falls Eagles,82.07339236799181,139.03342231702788,81.11250000000001,82.07339236799181,139.03342231702788,81.11250000000001,82.07339236799181,82.07339236799181,82.07339236799181,139.03342231702788,139.03342231702788,139.03342231702788,81.11250000000001,81.11250000000001,81.11250000000001,82.0733923679918,139.03342231702788,81.11250000000001,1500.0,-56.960029949036084,0.0,-39.87202096432526,-3.845755537751537,0,2,-4.4,0.0,-17.279667144156427,644,Outside Field,Locked Out,Out
Tougaloo Bulldogs,83.15317073170732,114.00270171025237,77.5,83.15317073170732,114.00270171025237,77.5,83.15317073170732,83.15317073170732,83.15317073170732,114.00270171025237,114.00270171025237,114.00270171025237,77.5,77.5,77.5,83.15317073170732,114.00270171025237,77.5,1500.0,-30.849530978545047,0.0,-21.59467168498153,-1.8379697711238363,0,1,-2.2,0.0,-9.230257609871124,447,Outside Field,Locked Out,Out
Trinity (FL) Tigers,53.52363960749331,152.46895755125612,84.075,53.52363960749331,152.46895755125612,84.075,53.52363960749331,53.52363960749331,53.52363960749331,152.46895755125612,152.46895755125612,152.46895755125612,84.075,84.075,84.075,53.52363960749331,152.46895755125612,84.075,1500.0,-98.94531794376282,0.0,-69.26172256063397,-1.083447003260129,0,0,0.0,0.0,-26.182265494397942,725,Outside Field,Locked Out,Out
Trinity (TX) Tigers,78.32167832167832,117.48053786270344,71.5,78.32167832167832,117.48053786270344,71.5,78.32167832167832,78.32167832167832,78.32167832167832,117.48053786270344,117.48053786270344,117.48053786270344,71.5,71.5,71.5,78.32167832167832,117.48053786270344,71.5,1500.0,-39.15885954102512,0.0,-27.411201678717585,6.055632189800548,0,0,0.0,0.0,-8.222103717573377,432,Outside Field,Locked Out,Out
Trinity Christian (IL) Trolls,61.078217513244006,161.70479473519273,80.225,61.078217513244006,161.70479473519273,80.225,61.078217513244006,61.078217513244006,61.078217513244006,161.70479473519273,161.70479473519273,161.70479473519273,80.225,80.225,80.225,61.078217513244,161.7047947351927,80.225,1500.0,-100.62657722194871,0.0,-70.4386040553641,14.891620552744472,0,0,0.0,0.0,-21.34930187252294,700,Outside Field,Locked Out,Out
Trinity College of Jacksonville Eagles,77.80367838473325,147.43476618380046,79.46666666666667,77.80367838473325,147.43476618380046,79.46666666666667,77.80367838473325,77.80367838473325,77.80367838473325,147.43476618380046,147.43476618380046,147.43476618380046,79.46666666666667,79.46666666666667,79.46666666666667,77.80367838473325,147.43476618380046,79.46666666666667,1500.0,-69.63108779906722,0.0,-48.741761459347046,-3.6442583170988043,0,1,-2.2,0.0,-19.948319160199148,691,Outside Field,Locked Out,Out
Truett-McConnell Bears,88.27586206896552,121.53589315525876,72.5,88.27586206896552,121.53589315525876,72.5,88.27586206896552,88.27586206896552,88.27586206896552,121.53589315525876,121.53589315525876,121.53589315525876,72.5,72.5,72.5,88.27586206896552,121.53589315525875,72.5,1500.0,-33.260031086293225,0.0,-23.282021760405257,1.7006454592672002,0,0,0.0,0.0,-8.119655111964356,429,Outside Field,Locked Out,Out
Tusculum Pioneers,81.30701674825394,106.60704343737913,74.0375,81.30701674825394,106.60704343737913,74.0375,81.30701674825394,81.30701674825394,81.30701674825394,106.60704343737913,106.60704343737913,106.60704343737913,74.0375,74.0375,74.0375,81.30701674825396,106.60704343737913,74.0375,1500.0,-25.300026689125175,0.0,-17.71001868238762,3.164900833644418,0,0,0.0,0.0,-5.558889690759012,377,Outside Field,Locked Out,Out
UC Merced Bobcats,59.893048128342244,137.5850949480473,70.125,59.893048128342244,137.5850949480473,70.125,59.893048128342244,59.893048128342244,59.893048128342244,137.5850949480473,137.5850949480473,137.5850949480473,70.125,70.125,70.125,59.893048128342244,137.5850949480473,70.125,1500.0,-77.69204681970506,0.0,-54.384432773793534,14.218491112287793,0,0,0.0,0.0,-15.585522152888046,601,Outside Field,Locked Out,Out
UC Santa Cruz Banana Slugs,77.74120233574652,130.8353652679843,74.9375,77.74120233574652,130.8353652679843,74.9375,77.74120233574652,77.74120233574652,77.74120233574652,130.8353652679843,130.8353652679843,130.8353652679843,74.9375,74.9375,74.9375,77.74120233574652,130.8353652679843,74.9375,1500.0,-53.094162932237765,0.0,-37.165914052566436,-0.4696551188765965,0,0,0.0,0.0,-14.012562714543334,548,Outside Field,Locked Out,Out
UNT Dallas Trailblazers,51.39736588499839,122.55892255892256,77.825,51.39736588499839,122.55892255892256,77.825,51.39736588499839,51.39736588499839,51.39736588499839,122.55892255892256,122.55892255892256,122.55892255892256,77.825,77.825,77.825,51.39736588499839,122.55892255892256,77.825,1500.0,-71.16155667392417,0.0,-49.813089671746916,1.022084125068786,0,0,0.0,0.0,-18.23587853062151,667,Outside Field,Locked Out,Out
UT Permian Basin Falcons,82.50460405156538,130.49267643142477,67.875,82.50460405156538,130.49267643142477,67.875,82.50460405156538,82.50460405156538,82.50460405156538,130.49267643142477,130.49267643142477,130.49267643142477,67.875,67.875,67.875,82.50460405156538,130.49267643142477,67.875,1500.0,-47.98807237985939,0.0,-33.59165066590157,-6.840990893990855,0,1,-2.2,0.0,-15.354413886160284,594,Outside Field,Locked Out,Out
Union (KY) Bulldogs,65.11596405670835,125.48380881901693,72.25,65.11596405670835,125.48380881901693,72.25,65.11596405670835,65.11596405670835,65.11596405670835,125.48380881901693,125.48380881901693,125.48380881901693,72.25,72.25,72.25,65.11596405670835,125.48380881901693,72.25,1500.0,-60.36784476230858,0.0,-42.257491333616,0.5694918995667074,0,0,0.0,0.0,-15.568075156105525,598,Outside Field,Locked Out,Out
University of The Southwest Mustangs,43.868394815553344,137.65718067504963,75.225,43.868394815553344,137.65718067504963,75.225,43.868394815553344,43.868394815553344,43.868394815553344,137.65718067504963,137.65718067504963,137.65718067504963,75.225,75.225,75.225,43.868394815553344,137.65718067504963,75.225,1500.0,-93.78878585949629,0.0,-65.6521501016474,1.8873477349144119,0,0,0.0,0.0,-23.856048356806777,717,Outside Field,Locked Out,Out
Valley Forge Patriots,66.51742884553886,120.45003309066844,78.175,66.51742884553886,120.45003309066844,78.175,66.51742884553886,66.51742884553886,66.51742884553886,120.45003309066844,120.45003309066844,120.45003309066844,78.175,78.175,78.175,66.51742884553886,120.45003309066843,78.17499999999998,1500.0,-53.93260424512957,0.0,-37.752822971590696,2.76490503954257,0,0,0.0,0.0,-13.163991044929771,523,Outside Field,Locked Out,Out
Vassar Brewers,90.03690036900369,137.26937269372695,67.75,90.03690036900369,137.26937269372695,67.75,90.03690036900369,90.03690036900369,90.03690036900369,137.26937269372695,137.26937269372695,137.26937269372695,67.75,67.75,67.75,90.03690036900369,137.26937269372695,67.75,1500.0,-47.23247232472326,0.0,-33.06273062730628,4.853485649628929,0,0,0.0,0.0,-10.726025012375224,475,Outside Field,Locked Out,Out
Vermont State - Johnson Badgers,77.90697366279441,143.6296714785257,73.68333333333334,77.90697366279441,143.6296714785257,73.68333333333334,77.90697366279441,77.90697366279441,77.90697366279441,143.6296714785257,143.6296714785257,143.6296714785257,73.68333333333334,73.68333333333334,73.68333333333334,77.90697366279441,143.6296714785257,73.68333333333334,1500.0,-65.72269781573128,0.0,-46.00588847101189,-0.2990944014426919,0,0,0.0,0.0,-17.252325282381953,642,Outside Field,Locked Out,Out
Vermont State - Lyndon Hornets,67.50496360026472,158.28738241972104,75.55,67.50496360026472,158.28738241972104,75.55,67.50496360026472,67.50496360026472,67.50496360026472,158.28738241972104,158.28738241972104,158.28738241972104,75.55,75.55,75.55,67.50496360026472,158.28738241972104,75.55,1500.0,-90.78241881945632,0.0,-63.54769317361942,-0.7676773557522756,0,0,0.0,0.0,-23.94754483927635,718,Outside Field,Locked Out,Out
Virginia St Trojans,95.05557684936758,84.82632541133455,65.225,95.05557684936758,84.82632541133455,65.225,95.05557684936758,95.05557684936758,95.05557684936758,84.82632541133455,84.82632541133455,84.82632541133455,65.225,65.225,65.225,95.05557684936758,84.82632541133455,65.225,1500.0,10.229251438033032,0.0,7.160476006623122,-8.935815456517206,0,0,0.0,0.0,-0.2789844753240569,197,Outside Field,Locked Out,Out
Virginia-Lynchburg Dragons,68.38219774543434,149.97825030374162,84.8125,66.69260996624132,160.30420091725097,82.425,68.38219774543434,68.38219774543434,68.38219774543434,149.97825030374162,149.97825030374162,149.97825030374162,84.8125,84.8125,84.8125,67.95980080063609,152.55973795711895,84.21562499999999,1500.0,-84.59993715648287,0.0,-59.219956009538,-1.696423933288561,0,2,-4.4,-12.015538392702368,-24.144869647608328,721,Outside Field,Locked Out,Out
Voorhees Tigers,62.92456203074723,135.66583363084612,69.925,62.92456203074723,135.66583363084612,69.925,62.92456203074723,62.92456203074723,62.92456203074723,135.66583363084612,135.66583363084612,135.66583363084612,69.925,69.925,69.925,62.92456203074724,135.66583363084612,69.925,1500.0,-72.74127160009888,0.0,-50.918890120069214,3.4314332478241667,0,0,0.0,0.0,-17.853098915843834,655,Outside Field,Locked Out,Out
WVU Tech Golden Bears,72.57501744591764,140.59269469331497,71.65,72.57501744591764,140.59269469331497,71.65,72.57501744591764,72.57501744591764,72.57501744591764,140.59269469331497,140.59269469331497,140.59269469331497,71.65,71.65,71.65,72.57501744591764,140.59269469331497,71.65,1500.0,-68.01767724739733,0.0,-47.61237407317813,1.3653469124931608,0,0,0.0,0.0,-17.30204928044796,645,Outside Field,Locked Out,Out
Warner Pacific Knights,73.91438250692947,141.84397163120568,81.175,73.91438250692947,141.84397163120568,81.175,73.91438250692947,73.91438250692947,73.91438250692947,141.84397163120568,141.84397163120568,141.84397163120568,81.175,81.175,81.175,73.91438250692946,141.84397163120568,81.175,1500.0,-67.92958912427622,0.0,-47.550712386993354,4.300572763137418,0,0,0.0,0.0,-16.310433749600747,625,Outside Field,Locked Out,Out
Warren Wilson Owls,77.97029702970298,150.30303030303028,80.8,77.97029702970298,150.30303030303028,80.8,77.97029702970298,77.97029702970298,77.97029702970298,150.30303030303028,150.30303030303028,150.30303030303028,80.8,80.8,80.8,77.97029702970299,150.30303030303028,80.8,1500.0,-72.33273327332729,0.0,-50.6329132913291,1.8045529039637267,0,0,0.0,0.0,-18.283340926030395,669,Outside Field,Locked Out,Out
Washington Adventist Shock,99.84182242054149,117.08117141162165,79.5875,99.84182242054149,117.08117141162165,79.5875,99.84182242054149,99.84182242054149,99.84182242054149,117.08117141162165,117.08117141162165,117.08117141162165,79.5875,79.5875,79.5875,99.84182242054149,117.08117141162165,79.5875,1500.0,-17.239348991080163,0.0,-12.067544293756114,-1.9737753122144508,0,0,0.0,0.0,-5.150815939702691,362,Outside Field,Locked Out,Out
Washington College (MD) Shoremen,77.33854632972051,135.17615014476434,74.7,77.33854632972051,135.17615014476434,74.7,77.33854632972051,77.33854632972051,77.33854632972051,135.17615014476434,135.17615014476434,135.17615014476434,74.7,74.7,74.7,77.33854632972051,135.17615014476434,74.7,1500.0,-57.83760381504382,0.0,-40.48632267053067,4.785163424645948,0,0,0.0,0.0,-13.516510665593273,528,Outside Field,Locked Out,Out
Washington and Lee Generals,85.59419182269775,106.87022900763358,65.425,85.59419182269775,106.87022900763358,65.425,85.59419182269775,85.59419182269775,85.59419182269775,106.87022900763358,106.87022900763358,106.87022900763358,65.425,65.425,65.425,85.59419182269775,106.87022900763358,65.425,1500.0,-21.27603718493583,0.0,-14.89322602945508,4.070714737876675,0,0,0.0,0.0,-4.209709841768949,347,Outside Field,Locked Out,Out
Waynesburg Yellow Jackets,68.7960687960688,134.69261662032747,81.4,68.7960687960688,134.69261662032747,81.4,68.7960687960688,68.7960687960688,68.7960687960688,134.69261662032747,134.69261662032747,134.69261662032747,81.4,81.4,81.4,68.7960687960688,134.69261662032747,81.4,1500.0,-65.89654782425868,0.0,-46.12758347698107,-7.1902085837960925,0,1,-2.2,0.0,-20.143767814784223,693,Outside Field,Locked Out,Out
Webster Gorloks,63.31255003466765,126.75803870658626,76.175,63.31255003466765,126.75803870658626,76.175,63.31255003466765,63.31255003466765,63.31255003466765,126.75803870658626,126.75803870658626,126.75803870658626,76.175,76.175,76.175,63.31255003466765,126.75803870658626,76.175,1500.0,-63.44548867191861,0.0,-44.41184207034303,3.4768111122399907,0,0,0.0,0.0,-15.411924876331563,596,Outside Field,Locked Out,Out
West Coast Baptist Eagles,53.34490338212769,147.18046315020678,82.72500000000001,53.34490338212769,147.18046315020678,82.72500000000001,53.34490338212769,53.34490338212769,53.34490338212769,147.18046315020678,147.18046315020678,147.18046315020678,82.72500000000001,82.72500000000001,82.72500000000001,53.34490338212769,147.18046315020678,82.72500000000001,1500.0,-93.8355597680791,0.0,-65.68489183765536,4.344037475075123,0,0,0.0,0.0,-23.057548732693853,713,Outside Field,Locked Out,Out
West Virginia Wesleyan Bobcats,82.12722988892628,134.32835820895522,74.275,82.12722988892628,134.32835820895522,74.275,82.12722988892628,82.12722988892628,82.12722988892628,134.32835820895522,134.32835820895522,134.32835820895522,74.275,74.275,74.275,82.12722988892628,134.32835820895522,74.275,1500.0,-52.20112832002894,0.0,-36.54078982402026,-0.0032559078387330367,0,0,0.0,0.0,-13.625568941114334,531,Outside Field,Locked Out,Out
Western New England Golden Bears,103.81679389312977,118.57707509881423,65.5,103.81679389312977,118.57707509881423,65.5,103.81679389312977,103.81679389312977,103.81679389312977,118.57707509881423,118.57707509881423,118.57707509881423,65.5,65.5,65.5,103.81679389312977,118.57707509881422,65.5,1500.0,-14.76028120568445,0.0,-10.332196843979114,5.897425799278871,0,0,0.0,0.0,-1.9062828809216144,261,Outside Field,Locked Out,Out
Western New Mexico Mustangs,86.76789587852495,137.6648440012866,80.675,86.76789587852495,137.6648440012866,80.675,86.76789587852495,86.76789587852495,86.76789587852495,137.6648440012866,137.6648440012866,137.6648440012866,80.675,80.675,80.675,86.76789587852495,137.6648440012866,80.67499999999998,1500.0,-50.89694812276166,0.0,-35.62786368593316,-6.840990893990855,0,1,-2.2,0.0,-16.113630455057777,618,Outside Field,Locked Out,Out
Westminster (UT) Griffins,79.4449695289895,138.20141523150528,71.975,79.4449695289895,138.20141523150528,71.975,79.4449695289895,79.4449695289895,79.4449695289895,138.20141523150528,138.20141523150528,138.20141523150528,71.975,71.975,71.975,79.4449695289895,138.20141523150528,71.975,1500.0,-58.75644570251578,0.0,-41.12951199176104,12.391972848199698,0,0,0.0,0.0,-11.246081288450718,487,Outside Field,Locked Out,Out
Whitman Missionaries,66.1491731353358,129.565816678153,74.075,66.1491731353358,129.565816678153,74.075,66.1491731353358,66.1491731353358,66.1491731353358,129.565816678153,129.565816678153,129.565816678153,74.075,74.075,74.075,66.1491731353358,129.565816678153,74.075,1500.0,-63.4166435428172,0.0,-44.391650479972036,8.007975383512289,0,0,0.0,0.0,-13.909112088116235,542,Outside Field,Locked Out,Out
Whittier Poets,76.1680588415174,127.84010253165584,78.95,76.1680588415174,127.84010253165584,78.95,76.1680588415174,76.1680588415174,76.1680588415174,127.84010253165584,127.84010253165584,127.84010253165584,78.95,78.95,78.95,76.16805884151738,127.84010253165584,78.95,1500.0,-51.672043690138466,0.0,-36.17043058309692,-2.8328401409419017,0,1,-2.2,0.0,-14.993240649636967,580,Outside Field,Locked Out,Out
Widener Pride,71.66717279076829,111.94703581101415,82.325,71.66717279076829,111.94703581101415,82.325,71.66717279076829,71.66717279076829,71.66717279076829,111.94703581101415,111.94703581101415,111.94703581101415,82.325,82.325,82.325,71.66717279076829,111.94703581101415,82.325,1500.0,-40.279863020245855,0.0,-28.195904114172098,-1.2972219512985212,0,0,0.0,0.0,-10.941127492212681,481,Outside Field,Locked Out,Out
Willamette Bearcats,89.27130949179887,130.18714401952806,92.975,89.27130949179887,130.18714401952806,92.975,89.27130949179887,89.27130949179887,89.27130949179887,130.18714401952806,130.18714401952806,130.18714401952806,92.975,92.975,92.975,89.27130949179886,130.18714401952806,92.975,1500.0,-40.9158345277292,0.0,-28.64108416941044,-4.768055051887435,0,0,0.0,0.0,-12.252490978860175,509,Outside Field,Locked Out,Out
William Carey Crusaders,71.60777814154628,107.85438339728123,72.5375,71.60777814154628,107.85438339728123,72.5375,71.60777814154628,71.60777814154628,71.60777814154628,107.85438339728123,107.85438339728123,107.85438339728123,72.5375,72.5375,72.5375,71.60777814154628,107.85438339728123,72.5375,1500.0,-36.24660525573495,0.0,-25.372623679014463,-1.4198129398197612,0,1,-2.2,0.0,-10.500902241887342,472,Outside Field,Locked Out,Out
William Peace Pacers,91.5129151291513,130.1989150090416,67.75,91.5129151291513,130.1989150090416,67.75,91.5129151291513,91.5129151291513,91.5129151291513,130.1989150090416,130.1989150090416,130.1989150090416,67.75,67.75,67.75,91.5129151291513,130.1989150090416,67.75,1500.0,-38.6859998798903,0.0,-27.08019991592321,-1.2208629480397488,0,0,0.0,0.0,-10.499930741504485,471,Outside Field,Locked Out,Out
Williams Baptist Eagles,99.29078014184398,113.55735805330242,84.6,99.29078014184398,113.55735805330242,84.6,99.29078014184398,99.29078014184398,99.29078014184398,113.55735805330242,113.55735805330242,113.55735805330242,84.6,84.6,84.6,99.29078014184398,113.55735805330241,84.6,1500.0,-14.266577911458427,0.0,-9.986604538020899,-4.545469251352838,0,0,0.0,0.0,-5.223581687837086,366,Outside Field,Locked Out,Out
Wilmington (DE) Wildcats,97.36030167980803,84.29639700883753,72.925,97.36030167980803,84.29639700883753,72.925,97.36030167980803,97.36030167980803,97.36030167980803,84.29639700883753,84.29639700883753,84.29639700883753,72.925,72.925,72.925,97.36030167980803,84.29639700883753,72.925,1500.0,13.063904670970501,0.0,9.14473326967935,-9.268876346028993,0,0,0.0,0.0,0.3509499249337331,167,Outside Field,Locked Out,Out
Wilson College WILSON,79.25854905720678,130.87139617751865,78.225,79.25854905720678,130.87139617751865,78.225,79.25854905720678,79.25854905720678,79.25854905720678,130.87139617751865,130.87139617751865,130.87139617751865,78.225,78.225,78.225,79.25854905720678,130.87139617751865,78.225,1500.0,-51.61284712031187,0.0,-36.12899298421831,5.960961562339369,0,0,0.0,0.0,-11.503835782829407,496,Outside Field,Locked Out,Out
Worcester State Lancers,78.05218680081515,119.56662822353127,71.98750000000001,78.05218680081515,119.56662822353127,71.98750000000001,78.05218680081515,78.05218680081515,78.05218680081515,119.56662822353127,119.56662822353127,119.56662822353127,71.98750000000001,71.98750000000001,71.98750000000001,78.05218680081516,119.56662822353127,71.98750000000001,1500.0,-41.514441422716104,0.0,-29.06010899590127,-7.62845258681609,0,1,-2.2,0.0,-13.924658564978213,544,Outside Field,Locked Out,Out
York College Nebraska Panthers,77.54010695187165,140.93959731543623,74.8,77.54010695187165,140.93959731543623,74.8,77.54010695187165,77.54010695187165,77.54010695187165,140.93959731543623,140.93959731543623,140.93959731543623,74.8,74.8,74.8,77.54010695187165,140.93959731543623,74.8,1500.0,-63.39949036356458,0.0,-44.37964325449521,-2.840351645370682,0,0,0.0,0.0,-17.48458302786268,648,Outside Field,Locked Out,Out
